city,family,format,submitted_keyword,grouped_submitted_keywords,returned_keyword,close_variants,average_monthly_searches,competition,competition_index,average_cpc_gbp,low_top_of_page_gbp,high_top_of_page_gbp,monthly_search_volumes,geography_method,observed_at
London,Competitive experiences,Darts,darts London,darts London,darts london,darts London,2900,MEDIUM,42,1.0607,0.3715,1.1839,2025-august:2400|2025-september:2900|2025-october:3600|2025-november:3600|2025-december:4400|2026-january:4400|2026-february:2900|2026-march:2400|2026-april:1900|2026-may:1900|2026-june:1300|2026-july:1300,explicit_city_query_under_uk_target,2026-09-03
London,Performance and dance,Line dancing,line dancing London,line dancing London,line dancing london,line dancing London,1300,MEDIUM,43,1.3618,0.2880,1.4757,2025-august:1300|2025-september:1600|2025-october:1600|2025-november:1300|2025-december:1000|2026-january:1600|2026-february:1300|2026-march:1600|2026-april:1300|2026-may:1300|2026-june:1000|2026-july:1000,explicit_city_query_under_uk_target,2026-09-03
London,Performance and dance,Salsa classes,salsa classes London,salsa classes London,salsa classes london,salsa classes London,1600,HIGH,76,0.8614,0.2759,0.8382,2025-august:1600|2025-september:1600|2025-october:1600|2025-november:1300|2025-december:1300|2026-january:1900|2026-february:1900|2026-march:1600|2026-april:1300|2026-may:1300|2026-june:1300|2026-july:1300,explicit_city_query_under_uk_target,2026-09-03
London,Tabletop and games,Board-game cafes,board game cafe London,board game cafe London,board game cafe london,board game cafe London,3600,LOW,25,0.4711,0.2084,0.5987,2025-august:3600|2025-september:3600|2025-october:4400|2025-november:4400|2025-december:2900|2026-january:5400|2026-february:4400|2026-march:3600|2026-april:2400|2026-may:2400|2026-june:2400|2026-july:1900,explicit_city_query_under_uk_target,2026-09-03
London,Craft and making,Pottery painting,pottery painting London,pottery painting London,pottery painting london,pottery painting London,9900,HIGH,99,0.6394,0.3090,0.6747,2025-august:9900|2025-september:8100|2025-october:9900|2025-november:9900|2025-december:8100|2026-january:12100|2026-february:12100|2026-march:9900|2026-april:8100|2026-may:6600|2026-june:6600|2026-july:8100,explicit_city_query_under_uk_target,2026-09-03
London,Craft and making,Pottery classes,pottery classes London,pottery classes London,pottery classes london,pottery classes London,8100,HIGH,100,1.2098,0.4250,1.2086,2025-august:6600|2025-september:8100|2025-october:8100|2025-november:8100|2025-december:8100|2026-january:9900|2026-february:9900|2026-march:8100|2026-april:6600|2026-may:5400|2026-june:5400|2026-july:5400,explicit_city_query_under_uk_target,2026-09-03
London,Tabletop and games,Dungeons & Dragons,dungeons and dragons London,dungeons and dragons London,dungeons and dragons london,dungeons and dragons London,1000,LOW,7,0.8999,0.2178,0.9685,2025-august:1300|2025-september:1000|2025-october:1300|2025-november:1300|2025-december:1000|2026-january:1300|2026-february:880|2026-march:880|2026-april:880|2026-may:720|2026-june:720|2026-july:720,explicit_city_query_under_uk_target,2026-09-03
London,Craft and making,Sewing classes,sewing classes London,sewing classes London,sewing classes london,sewing classes London,1600,HIGH,100,0.9611,0.3192,1.1746,2025-august:1900|2025-september:1900|2025-october:1900|2025-november:1600|2025-december:1600|2026-january:2400|2026-february:1600|2026-march:1900|2026-april:1600|2026-may:1600|2026-june:1600|2026-july:1600,explicit_city_query_under_uk_target,2026-09-03
London,Food and drink,Wine tasting,wine tasting London,wine tasting London,wine tasting london,wine tasting London,5400,HIGH,100,0.9041,0.3510,1.1240,2025-august:5400|2025-september:5400|2025-october:6600|2025-november:6600|2025-december:6600|2026-january:5400|2026-february:5400|2026-march:5400|2026-april:4400|2026-may:4400|2026-june:4400|2026-july:4400,explicit_city_query_under_uk_target,2026-09-03
London,Performance and dance,Acting classes,acting classes London,acting classes London,acting classes london,acting classes London,2900,HIGH,71,3.1965,0.9330,2.5029,2025-august:2900|2025-september:4400|2025-october:2900|2025-november:2900|2025-december:2400|2026-january:4400|2026-february:2400|2026-march:2900|2026-april:2400|2026-may:1900|2026-june:1900|2026-july:1900,explicit_city_query_under_uk_target,2026-09-03
London,Tabletop and games,Quiz nights,quiz night London,quiz night London,quiz night london,quiz night London,170,LOW,32,2.7645,0.7197,2.5671,2025-august:170|2025-september:170|2025-october:210|2025-november:170|2025-december:140|2026-january:210|2026-february:170|2026-march:140|2026-april:140|2026-may:110|2026-june:90|2026-july:110,explicit_city_query_under_uk_target,2026-09-03
London,Racket and team sport,Volleyball,volleyball clubs London,volleyball clubs London,volleyball clubs london,volleyball clubs London,390,LOW,9,1.2792,0.2977,1.5575,2025-august:480|2025-september:590|2025-october:480|2025-november:390|2025-december:320|2026-january:480|2026-february:390|2026-march:480|2026-april:390|2026-may:320|2026-june:480|2026-july:390,explicit_city_query_under_uk_target,2026-09-03
London,Racket and team sport,Netball,netball clubs London,netball clubs London,netball clubs london,netball clubs London,170,MEDIUM,34,1.8627,0.5712,2.1488,2025-august:170|2025-september:260|2025-october:210|2025-november:170|2025-december:90|2026-january:170|2026-february:140|2026-march:170|2026-april:170|2026-may:110|2026-june:140|2026-july:140,explicit_city_query_under_uk_target,2026-09-03
London,Outdoor and endurance,Running clubs,running clubs London,running clubs London,running clubs london,running clubs London,1300,LOW,13,1.7135,0.5416,2.0559,2025-august:1600|2025-september:1600|2025-october:1300|2025-november:1300|2025-december:1000|2026-january:1600|2026-february:1000|2026-march:1300|2026-april:1600|2026-may:1300|2026-june:1000|2026-july:1300,explicit_city_query_under_uk_target,2026-09-03
London,Tabletop and games,Chess clubs,chess club London,chess club London,chess club london,chess club London,1600,LOW,5,1.0599,0.5580,1.4816,2025-august:1900|2025-september:1600|2025-october:1600|2025-november:1900|2025-december:1600|2026-january:1900|2026-february:1900|2026-march:1600|2026-april:1600|2026-may:1600|2026-june:1300|2026-july:1300,explicit_city_query_under_uk_target,2026-09-03
London,"Wellness, spa and retreats",Yoga retreats,yoga retreats London,yoga retreats London,yoga retreats london,yoga retreats London,210,MEDIUM,61,0.9452,0.1870,0.8487,2025-august:210|2025-september:260|2025-october:260|2025-november:210|2025-december:170|2026-january:260|2026-february:210|2026-march:320|2026-april:260|2026-may:260|2026-june:170|2026-july:210,explicit_city_query_under_uk_target,2026-09-03
London,Racket and team sport,Padel,padel London,padel London,padel london,padel London,8100,LOW,15,0.4394,0.2042,0.8917,2025-august:9900|2025-september:9900|2025-october:9900|2025-november:6600|2025-december:5400|2026-january:9900|2026-february:8100|2026-march:8100|2026-april:9900|2026-may:8100|2026-june:8100|2026-july:8100,explicit_city_query_under_uk_target,2026-09-03
London,Food and drink,Cooking classes,cooking classes London,cooking classes London,cooking classes london,cooking classes London,5400,HIGH,100,1.0709,0.3351,1.0990,2025-august:5400|2025-september:8100|2025-october:6600|2025-november:6600|2025-december:8100|2026-january:6600|2026-february:5400|2026-march:5400|2026-april:4400|2026-may:4400|2026-june:3600|2026-july:3600,explicit_city_query_under_uk_target,2026-09-03
London,Nature and animals,Nature walks,nature walks London,nature walks London,nature walks london,nature walks London,210,LOW,12,5.4176,0.4994,7.9451,2025-august:260|2025-september:170|2025-october:210|2025-november:140|2025-december:140|2026-january:260|2026-february:210|2026-march:320|2026-april:260|2026-may:210|2026-june:140|2026-july:170,explicit_city_query_under_uk_target,2026-09-03
London,Social and relationship,Speed dating,speed dating London,speed dating London,speed dating london,speed dating London,5400,MEDIUM,54,1.3328,0.4268,1.3198,2025-august:5400|2025-september:5400|2025-october:5400|2025-november:5400|2025-december:4400|2026-january:5400|2026-february:5400|2026-march:4400|2026-april:4400|2026-may:4400|2026-june:3600|2026-july:4400,explicit_city_query_under_uk_target,2026-09-03
London,Performance and dance,Karaoke,karaoke London,karaoke London,karaoke london,karaoke London,8100,MEDIUM,62,0.8011,0.3375,0.7962,2025-august:8100|2025-september:9900|2025-october:9900|2025-november:9900|2025-december:8100|2026-january:9900|2026-february:6600|2026-march:8100|2026-april:6600|2026-may:6600|2026-june:6600|2026-july:6600,explicit_city_query_under_uk_target,2026-09-03
London,"Wellness, spa and retreats",Spa retreats,spa retreats London,spa retreats London,spa retreats london,spa retreats London,480,HIGH,100,0.6341,0.2789,0.8583,2025-august:480|2025-september:480|2025-october:590|2025-november:480|2025-december:590|2026-january:590|2026-february:590|2026-march:480|2026-april:480|2026-may:390|2026-june:390|2026-july:480,explicit_city_query_under_uk_target,2026-09-03
London,Craft and making,General art workshops,art workshops London,art workshops London,art workshops london,art workshops London,2400,HIGH,100,1.1843,0.3923,1.1995,2025-august:2400|2025-september:2400|2025-october:2400|2025-november:2400|2025-december:1900|2026-january:2900|2026-february:2400|2026-march:2400|2026-april:2400|2026-may:2400|2026-june:1900|2026-july:2400,explicit_city_query_under_uk_target,2026-09-03
London,Craft and making,Sip and paint,sip and paint London,sip and paint London,sip and paint london,sip and paint London,6600,HIGH,100,0.9347,0.3219,0.9747,2025-august:6600|2025-september:6600|2025-october:6600|2025-november:6600|2025-december:4400|2026-january:8100|2026-february:8100|2026-march:6600|2026-april:5400|2026-may:4400|2026-june:4400|2026-july:4400,explicit_city_query_under_uk_target,2026-09-03
Birmingham,Competitive experiences,Darts,darts Birmingham,darts Birmingham,darts birmingham,darts Birmingham,1600,MEDIUM,38,1.0440,0.3440,1.0946,2025-august:1000|2025-september:1300|2025-october:1900|2025-november:1900|2025-december:1600|2026-january:1900|2026-february:1600|2026-march:1300|2026-april:1600|2026-may:3600|2026-june:590|2026-july:590,explicit_city_query_under_uk_target,2026-09-03
Birmingham,Performance and dance,Line dancing,line dancing Birmingham,line dancing Birmingham,line dancing birmingham,line dancing Birmingham,260,LOW,4,0.9088,0.0000,0.0000,2025-august:170|2025-september:390|2025-october:320|2025-november:210|2025-december:140|2026-january:260|2026-february:260|2026-march:260|2026-april:260|2026-may:170|2026-june:170|2026-july:170,explicit_city_query_under_uk_target,2026-09-03
Birmingham,Performance and dance,Salsa classes,salsa classes Birmingham,salsa classes Birmingham,salsa classes birmingham,salsa classes Birmingham,320,LOW,13,0.6263,0.2514,1.9769,2025-august:320|2025-september:320|2025-october:390|2025-november:260|2025-december:260|2026-january:390|2026-february:390|2026-march:260|2026-april:320|2026-may:210|2026-june:260|2026-july:260,explicit_city_query_under_uk_target,2026-09-03
Birmingham,Tabletop and games,Board-game cafes,board game cafe Birmingham,board game cafe Birmingham,board game cafe birmingham,board game cafe Birmingham,880,LOW,7,0.0750,0.0346,0.1712,2025-august:880|2025-september:880|2025-october:880|2025-november:880|2025-december:880|2026-january:1000|2026-february:1000|2026-march:880|2026-april:880|2026-may:720|2026-june:720|2026-july:590,explicit_city_query_under_uk_target,2026-09-03
Birmingham,Craft and making,Pottery painting,pottery painting Birmingham,pottery painting Birmingham,pottery painting birmingham,pottery painting Birmingham,4400,LOW,28,0.1579,0.0721,0.2469,2025-august:4400|2025-september:3600|2025-october:4400|2025-november:3600|2025-december:2900|2026-january:5400|2026-february:6600|2026-march:5400|2026-april:4400|2026-may:3600|2026-june:2900|2026-july:3600,explicit_city_query_under_uk_target,2026-09-03
Birmingham,Craft and making,Pottery classes,pottery classes Birmingham,pottery classes Birmingham,pottery classes birmingham,pottery classes Birmingham,880,HIGH,100,0.5975,0.2232,0.7198,2025-august:880|2025-september:880|2025-october:880|2025-november:880|2025-december:1000|2026-january:1600|2026-february:1000|2026-march:880|2026-april:880|2026-may:720|2026-june:590|2026-july:590,explicit_city_query_under_uk_target,2026-09-03
Birmingham,Tabletop and games,Dungeons & Dragons,dungeons and dragons Birmingham,dungeons and dragons Birmingham,dungeons and dragons birmingham,dungeons and dragons Birmingham,30,LOW,1,0.0000,0.0000,0.0000,2025-august:30|2025-september:20|2025-october:40|2025-november:70|2025-december:40|2026-january:50|2026-february:30|2026-march:20|2026-april:20|2026-may:30|2026-june:30|2026-july:30,explicit_city_query_under_uk_target,2026-09-03
Birmingham,Craft and making,Sewing classes,sewing classes Birmingham,sewing classes Birmingham,sewing classes birmingham,sewing classes Birmingham,260,LOW,27,1.0355,0.2808,0.7797,2025-august:320|2025-september:320|2025-october:260|2025-november:260|2025-december:260|2026-january:320|2026-february:210|2026-march:210|2026-april:320|2026-may:260|2026-june:320|2026-july:320,explicit_city_query_under_uk_target,2026-09-03
Birmingham,Food and drink,Wine tasting,wine tasting Birmingham,wine tasting Birmingham,wine tasting birmingham,wine tasting Birmingham,880,HIGH,98,0.8169,0.3027,1.3196,2025-august:720|2025-september:880|2025-october:880|2025-november:1000|2025-december:1000|2026-january:1000|2026-february:880|2026-march:880|2026-april:880|2026-may:720|2026-june:590|2026-july:590,explicit_city_query_under_uk_target,2026-09-03
Birmingham,Performance and dance,Acting classes,acting classes Birmingham,acting classes Birmingham,acting classes birmingham,acting classes Birmingham,260,MEDIUM,44,1.4808,0.4843,1.3664,2025-august:260|2025-september:260|2025-october:210|2025-november:210|2025-december:320|2026-january:590|2026-february:260|2026-march:260|2026-april:260|2026-may:170|2026-june:170|2026-july:170,explicit_city_query_under_uk_target,2026-09-03
Birmingham,Tabletop and games,Quiz nights,quiz night Birmingham,quiz night Birmingham,quiz night birmingham,quiz night Birmingham,50,LOW,1,0.0000,0.0000,0.0000,2025-august:50|2025-september:70|2025-october:90|2025-november:50|2025-december:30|2026-january:50|2026-february:40|2026-march:30|2026-april:40|2026-may:40|2026-june:40|2026-july:50,explicit_city_query_under_uk_target,2026-09-03
Birmingham,Racket and team sport,Volleyball,volleyball clubs Birmingham,volleyball clubs Birmingham,volleyball clubs birmingham,volleyball clubs Birmingham,110,LOW,2,0.1258,0.0000,0.0000,2025-august:140|2025-september:140|2025-october:90|2025-november:110|2025-december:90|2026-january:90|2026-february:90|2026-march:110|2026-april:110|2026-may:110|2026-june:90|2026-july:110,explicit_city_query_under_uk_target,2026-09-03
Birmingham,Racket and team sport,Netball,netball clubs Birmingham,netball clubs Birmingham,netball clubs birmingham,netball clubs Birmingham,90,LOW,6,0.8950,0.4594,0.9400,2025-august:70|2025-september:140|2025-october:110|2025-november:70|2025-december:70|2026-january:140|2026-february:90|2026-march:90|2026-april:90|2026-may:70|2026-june:70|2026-july:90,explicit_city_query_under_uk_target,2026-09-03
Birmingham,Outdoor and endurance,Running clubs,running clubs Birmingham,running clubs Birmingham,running clubs birmingham,running clubs Birmingham,210,LOW,9,1.1622,0.4579,1.2177,2025-august:210|2025-september:260|2025-october:210|2025-november:210|2025-december:140|2026-january:260|2026-february:210|2026-march:170|2026-april:210|2026-may:260|2026-june:210|2026-july:170,explicit_city_query_under_uk_target,2026-09-03
Birmingham,Tabletop and games,Chess clubs,chess club Birmingham,chess club Birmingham,chess club birmingham,chess club Birmingham,170,LOW,0,0.0000,0.0000,0.0000,2025-august:210|2025-september:170|2025-october:170|2025-november:170|2025-december:170|2026-january:170|2026-february:110|2026-march:170|2026-april:170|2026-may:170|2026-june:170|2026-july:170,explicit_city_query_under_uk_target,2026-09-03
Birmingham,Racket and team sport,Padel,padel Birmingham,padel Birmingham,padel birmingham,padel Birmingham,2900,LOW,5,0.2673,0.0290,0.5102,2025-august:2900|2025-september:2400|2025-october:2900|2025-november:2400|2025-december:1900|2026-january:2900|2026-february:2400|2026-march:2400|2026-april:3600|2026-may:3600|2026-june:2400|2026-july:2900,explicit_city_query_under_uk_target,2026-09-03
Birmingham,Food and drink,Cooking classes,cooking classes Birmingham,cooking classes Birmingham,cooking classes birmingham,cooking classes Birmingham,590,HIGH,100,0.8172,0.2072,0.8011,2025-august:590|2025-september:720|2025-october:720|2025-november:880|2025-december:880|2026-january:720|2026-february:590|2026-march:480|2026-april:390|2026-may:390|2026-june:390|2026-july:390,explicit_city_query_under_uk_target,2026-09-03
Birmingham,Nature and animals,Nature walks,nature walks Birmingham,nature walks Birmingham,nature walks birmingham,nature walks Birmingham,40,LOW,23,0.6845,0.2255,1.7060,2025-august:40|2025-september:20|2025-october:30|2025-november:20|2025-december:20|2026-january:40|2026-february:40|2026-march:50|2026-april:70|2026-may:30|2026-june:50|2026-july:40,explicit_city_query_under_uk_target,2026-09-03
Birmingham,Performance and dance,Karaoke,karaoke Birmingham,karaoke Birmingham,karaoke birmingham,karaoke Birmingham,2900,LOW,19,0.6023,0.2160,0.7363,2025-august:2900|2025-september:2900|2025-october:3600|2025-november:3600|2025-december:3600|2026-january:3600|2026-february:2900|2026-march:2900|2026-april:2900|2026-may:2900|2026-june:2400|2026-july:2900,explicit_city_query_under_uk_target,2026-09-03
Birmingham,"Wellness, spa and retreats",Spa retreats,spa retreats Birmingham,spa retreats Birmingham,spa retreats birmingham,spa retreats Birmingham,70,HIGH,100,0.6322,0.2107,0.7021,2025-august:50|2025-september:50|2025-october:70|2025-november:70|2025-december:70|2026-january:90|2026-february:70|2026-march:70|2026-april:70|2026-may:50|2026-june:30|2026-july:30,explicit_city_query_under_uk_target,2026-09-03
Birmingham,Craft and making,General art workshops,art workshops Birmingham,art workshops Birmingham,art workshops birmingham,art workshops Birmingham,40,HIGH,100,0.8492,0.2855,1.1342,2025-august:40|2025-september:40|2025-october:40|2025-november:40|2025-december:50|2026-january:40|2026-february:50|2026-march:30|2026-april:30|2026-may:50|2026-june:30|2026-july:30,explicit_city_query_under_uk_target,2026-09-03
Birmingham,Craft and making,Sip and paint,sip and paint Birmingham,sip and paint Birmingham,sip and paint birmingham,sip and paint Birmingham,880,HIGH,100,0.8445,0.2972,0.8155,2025-august:720|2025-september:880|2025-october:880|2025-november:720|2025-december:590|2026-january:1000|2026-february:1000|2026-march:1000|2026-april:880|2026-may:720|2026-june:880|2026-july:590,explicit_city_query_under_uk_target,2026-09-03
Manchester,Competitive experiences,Darts,darts Manchester,darts Manchester,darts manchester,darts Manchester,2900,MEDIUM,45,1.0054,0.3594,1.0136,2025-august:1300|2025-september:1900|2025-october:2900|2025-november:2900|2025-december:3600|2026-january:3600|2026-february:2900|2026-march:5400|2026-april:6600|2026-may:1600|2026-june:1000|2026-july:1000,explicit_city_query_under_uk_target,2026-09-03
Manchester,Performance and dance,Line dancing,line dancing Manchester,line dancing Manchester,line dancing manchester,line dancing Manchester,320,LOW,3,1.7348,0.5366,4.7552,2025-august:320|2025-september:390|2025-october:480|2025-november:320|2025-december:260|2026-january:390|2026-february:320|2026-march:320|2026-april:390|2026-may:260|2026-june:260|2026-july:260,explicit_city_query_under_uk_target,2026-09-03
Manchester,Performance and dance,Salsa classes,salsa classes Manchester,salsa classes Manchester,salsa classes manchester,salsa classes Manchester,480,LOW,17,0.9044,0.2416,1.1943,2025-august:480|2025-september:590|2025-october:480|2025-november:480|2025-december:390|2026-january:590|2026-february:590|2026-march:480|2026-april:390|2026-may:480|2026-june:390|2026-july:390,explicit_city_query_under_uk_target,2026-09-03
Manchester,Tabletop and games,Board-game cafes,board game cafe Manchester,board game cafe Manchester,board game cafe manchester,board game cafe Manchester,720,LOW,7,0.5130,0.5951,1.6820,2025-august:720|2025-september:720|2025-october:720|2025-november:720|2025-december:590|2026-january:880|2026-february:880|2026-march:720|2026-april:720|2026-may:590|2026-june:590|2026-july:480,explicit_city_query_under_uk_target,2026-09-03
Manchester,Craft and making,Pottery painting,pottery painting Manchester,pottery painting Manchester,pottery painting manchester,pottery painting Manchester,4400,HIGH,100,0.4147,0.2774,0.6562,2025-august:4400|2025-september:4400|2025-october:5400|2025-november:4400|2025-december:3600|2026-january:5400|2026-february:5400|2026-march:4400|2026-april:3600|2026-may:3600|2026-june:2900|2026-july:3600,explicit_city_query_under_uk_target,2026-09-03
Manchester,Craft and making,Pottery classes,pottery classes Manchester,pottery classes Manchester,pottery classes manchester,pottery classes Manchester,2400,HIGH,100,0.8994,0.4263,1.2870,2025-august:2400|2025-september:2400|2025-october:2400|2025-november:2400|2025-december:2400|2026-january:2900|2026-february:2400|2026-march:2400|2026-april:1900|2026-may:1600|2026-june:1600|2026-july:1600,explicit_city_query_under_uk_target,2026-09-03
Manchester,Tabletop and games,Dungeons & Dragons,dungeons and dragons Manchester,dungeons and dragons Manchester,dungeons and dragons manchester,dungeons and dragons Manchester,70,LOW,4,0.0457,0.0000,0.0000,2025-august:70|2025-september:70|2025-october:70|2025-november:90|2025-december:70|2026-january:110|2026-february:70|2026-march:70|2026-april:30|2026-may:30|2026-june:50|2026-july:50,explicit_city_query_under_uk_target,2026-09-03
Manchester,Craft and making,Sewing classes,sewing classes Manchester,sewing classes Manchester,sewing classes manchester,sewing classes Manchester,390,HIGH,100,0.4238,0.2723,0.7969,2025-august:480|2025-september:390|2025-october:390|2025-november:480|2025-december:390|2026-january:480|2026-february:320|2026-march:390|2026-april:390|2026-may:320|2026-june:390|2026-july:390,explicit_city_query_under_uk_target,2026-09-03
Manchester,Food and drink,Wine tasting,wine tasting Manchester,wine tasting Manchester,wine tasting manchester,wine tasting Manchester,1600,HIGH,100,0.5973,0.3057,0.8371,2025-august:1300|2025-september:1600|2025-october:1600|2025-november:1900|2025-december:2400|2026-january:1600|2026-february:1600|2026-march:1300|2026-april:1300|2026-may:1300|2026-june:1000|2026-july:1300,explicit_city_query_under_uk_target,2026-09-03
Manchester,Performance and dance,Acting classes,acting classes Manchester,acting classes Manchester,acting classes manchester,acting classes Manchester,880,LOW,33,1.7361,0.4750,1.8004,2025-august:880|2025-september:1000|2025-october:880|2025-november:880|2025-december:880|2026-january:1300|2026-february:880|2026-march:880|2026-april:590|2026-may:590|2026-june:1000|2026-july:880,explicit_city_query_under_uk_target,2026-09-03
Manchester,Tabletop and games,Quiz nights,quiz night Manchester,quiz night Manchester,quiz night manchester,quiz night Manchester,110,LOW,14,1.7062,0.9642,1.6036,2025-august:90|2025-september:110|2025-october:140|2025-november:90|2025-december:70|2026-january:110|2026-february:110|2026-march:110|2026-april:90|2026-may:110|2026-june:90|2026-july:90,explicit_city_query_under_uk_target,2026-09-03
Manchester,Racket and team sport,Volleyball,volleyball clubs Manchester,volleyball clubs Manchester,volleyball clubs manchester,volleyball clubs Manchester,50,LOW,0,0.0000,0.0000,0.0000,2025-august:50|2025-september:50|2025-october:50|2025-november:30|2025-december:40|2026-january:20|2026-february:40|2026-march:50|2026-april:50|2026-may:50|2026-june:50|2026-july:30,explicit_city_query_under_uk_target,2026-09-03
Manchester,Racket and team sport,Netball,netball clubs Manchester,netball clubs Manchester,netball clubs manchester,netball clubs Manchester,170,LOW,7,1.3611,0.4578,1.5957,2025-august:140|2025-september:260|2025-october:260|2025-november:170|2025-december:90|2026-january:210|2026-february:170|2026-march:210|2026-april:170|2026-may:140|2026-june:170|2026-july:140,explicit_city_query_under_uk_target,2026-09-03
Manchester,Outdoor and endurance,Running clubs,running clubs Manchester,running clubs Manchester,running clubs manchester,running clubs Manchester,720,LOW,6,1.5707,0.6272,2.3662,2025-august:720|2025-september:880|2025-october:880|2025-november:720|2025-december:480|2026-january:880|2026-february:720|2026-march:720|2026-april:880|2026-may:720|2026-june:590|2026-july:590,explicit_city_query_under_uk_target,2026-09-03
Manchester,Tabletop and games,Chess clubs,chess club Manchester,chess club Manchester,chess club manchester,chess club Manchester,210,LOW,1,1.9527,0.0000,0.0000,2025-august:260|2025-september:260|2025-october:260|2025-november:260|2025-december:210|2026-january:260|2026-february:210|2026-march:210|2026-april:210|2026-may:210|2026-june:170|2026-july:210,explicit_city_query_under_uk_target,2026-09-03
Manchester,Racket and team sport,Padel,padel Manchester,padel Manchester,padel manchester,padel Manchester,4400,LOW,4,0.4957,0.1407,0.5545,2025-august:6600|2025-september:5400|2025-october:5400|2025-november:4400|2025-december:2900|2026-january:5400|2026-february:4400|2026-march:5400|2026-april:5400|2026-may:4400|2026-june:3600|2026-july:3600,explicit_city_query_under_uk_target,2026-09-03
Manchester,Food and drink,Cooking classes,cooking classes Manchester,cooking classes Manchester,cooking classes manchester,cooking classes Manchester,1600,HIGH,100,0.8587,0.2528,0.7843,2025-august:1600|2025-september:1600|2025-october:1900|2025-november:2400|2025-december:2900|2026-january:1900|2026-february:1600|2026-march:1600|2026-april:1300|2026-may:1300|2026-june:1000|2026-july:1000,explicit_city_query_under_uk_target,2026-09-03
Manchester,Nature and animals,Nature walks,nature walks Manchester,nature walks Manchester,nature walks manchester,nature walks Manchester,70,LOW,10,0.5672,0.1101,1.5354,2025-august:70|2025-september:50|2025-october:70|2025-november:30|2025-december:30|2026-january:90|2026-february:70|2026-march:110|2026-april:110|2026-may:110|2026-june:70|2026-july:90,explicit_city_query_under_uk_target,2026-09-03
Manchester,Performance and dance,Karaoke,karaoke Manchester,karaoke Manchester,karaoke manchester,karaoke Manchester,4400,LOW,33,0.5881,0.2603,0.6521,2025-august:3600|2025-september:3600|2025-october:4400|2025-november:4400|2025-december:4400|2026-january:4400|2026-february:3600|2026-march:4400|2026-april:3600|2026-may:3600|2026-june:2900|2026-july:2900,explicit_city_query_under_uk_target,2026-09-03
Manchester,"Wellness, spa and retreats",Spa retreats,spa retreats Manchester,spa retreats Manchester,spa retreats manchester,spa retreats Manchester,140,HIGH,100,0.5578,0.1783,0.6185,2025-august:110|2025-september:110|2025-october:140|2025-november:110|2025-december:110|2026-january:170|2026-february:140|2026-march:140|2026-april:140|2026-may:90|2026-june:140|2026-july:140,explicit_city_query_under_uk_target,2026-09-03
Manchester,Craft and making,General art workshops,art workshops Manchester,art workshops Manchester,art workshops manchester,art workshops Manchester,90,HIGH,100,0.7391,0.1925,0.8305,2025-august:70|2025-september:90|2025-october:70|2025-november:210|2025-december:70|2026-january:90|2026-february:70|2026-march:90|2026-april:70|2026-may:50|2026-june:70|2026-july:70,explicit_city_query_under_uk_target,2026-09-03
Manchester,Craft and making,Sip and paint,sip and paint Manchester,sip and paint Manchester,sip and paint manchester,sip and paint Manchester,1000,HIGH,100,0.7681,0.2757,0.7455,2025-august:1000|2025-september:1300|2025-october:1300|2025-november:1000|2025-december:880|2026-january:1600|2026-february:1300|2026-march:1300|2026-april:880|2026-may:880|2026-june:880|2026-july:880,explicit_city_query_under_uk_target,2026-09-03
Leeds,Competitive experiences,Darts,darts Leeds,darts Leeds,darts leeds,darts Leeds,1600,MEDIUM,48,1.1541,0.4250,1.2333,2025-august:720|2025-september:880|2025-october:1600|2025-november:1600|2025-december:1900|2026-january:2400|2026-february:1600|2026-march:1300|2026-april:1600|2026-may:3600|2026-june:590|2026-july:480,explicit_city_query_under_uk_target,2026-09-03
Leeds,Performance and dance,Line dancing,line dancing Leeds,line dancing Leeds,line dancing leeds,line dancing Leeds,260,LOW,8,0.4507,0.2482,0.4357,2025-august:210|2025-september:320|2025-october:320|2025-november:320|2025-december:260|2026-january:390|2026-february:260|2026-march:260|2026-april:260|2026-may:210|2026-june:210|2026-july:210,explicit_city_query_under_uk_target,2026-09-03
Leeds,Performance and dance,Salsa classes,salsa classes Leeds,salsa classes Leeds,salsa classes leeds,salsa classes Leeds,260,LOW,26,1.6762,0.5060,1.7885,2025-august:260|2025-september:260|2025-october:260|2025-november:260|2025-december:210|2026-january:390|2026-february:320|2026-march:260|2026-april:210|2026-may:210|2026-june:210|2026-july:260,explicit_city_query_under_uk_target,2026-09-03
Leeds,Tabletop and games,Board-game cafes,board game cafe Leeds,board game cafe Leeds,board game cafe leeds,board game cafe Leeds,390,LOW,2,0.4625,0.0000,0.0000,2025-august:480|2025-september:390|2025-october:480|2025-november:390|2025-december:320|2026-january:480|2026-february:480|2026-march:390|2026-april:320|2026-may:320|2026-june:260|2026-july:320,explicit_city_query_under_uk_target,2026-09-03
Leeds,Craft and making,Pottery painting,pottery painting Leeds,pottery painting Leeds,pottery painting leeds,pottery painting Leeds,2400,LOW,26,0.3043,0.2096,0.8006,2025-august:1900|2025-september:2400|2025-october:2900|2025-november:2400|2025-december:1600|2026-january:2900|2026-february:3600|2026-march:2400|2026-april:1900|2026-may:1900|2026-june:1600|2026-july:1900,explicit_city_query_under_uk_target,2026-09-03
Leeds,Craft and making,Pottery classes,pottery classes Leeds,pottery classes Leeds,pottery classes leeds,pottery classes Leeds,590,HIGH,100,0.5348,0.1965,0.6132,2025-august:590|2025-september:480|2025-october:720|2025-november:720|2025-december:720|2026-january:1000|2026-february:880|2026-march:720|2026-april:480|2026-may:390|2026-june:390|2026-july:480,explicit_city_query_under_uk_target,2026-09-03
Leeds,Tabletop and games,Dungeons & Dragons,dungeons and dragons Leeds,dungeons and dragons Leeds,dungeons and dragons leeds,dungeons and dragons Leeds,40,LOW,1,0.0000,0.0000,0.0000,2025-august:40|2025-september:30|2025-october:50|2025-november:40|2025-december:40|2026-january:50|2026-february:40|2026-march:70|2026-april:30|2026-may:20|2026-june:30|2026-july:20,explicit_city_query_under_uk_target,2026-09-03
Leeds,Craft and making,Sewing classes,sewing classes Leeds,sewing classes Leeds,sewing classes leeds,sewing classes Leeds,260,LOW,20,0.9523,0.2580,1.2393,2025-august:260|2025-september:320|2025-october:210|2025-november:210|2025-december:260|2026-january:320|2026-february:210|2026-march:210|2026-april:260|2026-may:170|2026-june:170|2026-july:260,explicit_city_query_under_uk_target,2026-09-03
Leeds,Food and drink,Wine tasting,wine tasting Leeds,wine tasting Leeds,wine tasting leeds,wine tasting Leeds,720,HIGH,100,0.7133,0.3849,1.1341,2025-august:720|2025-september:720|2025-october:720|2025-november:880|2025-december:880|2026-january:880|2026-february:720|2026-march:720|2026-april:590|2026-may:590|2026-june:480|2026-july:590,explicit_city_query_under_uk_target,2026-09-03
Leeds,Performance and dance,Acting classes,acting classes Leeds,acting classes Leeds,acting classes leeds,acting classes Leeds,320,MEDIUM,40,2.9571,0.6039,1.9973,2025-august:320|2025-september:390|2025-october:320|2025-november:320|2025-december:390|2026-january:590|2026-february:390|2026-march:390|2026-april:260|2026-may:210|2026-june:210|2026-july:320,explicit_city_query_under_uk_target,2026-09-03
Leeds,Tabletop and games,Quiz nights,quiz night Leeds,quiz night Leeds,quiz night leeds,quiz night Leeds,590,LOW,3,0.7073,0.6870,1.9221,2025-august:590|2025-september:880|2025-october:880|2025-november:720|2025-december:480|2026-january:720|2026-february:720|2026-march:720|2026-april:480|2026-may:480|2026-june:390|2026-july:390,explicit_city_query_under_uk_target,2026-09-03
Leeds,Racket and team sport,Netball,netball clubs Leeds,netball clubs Leeds,netball clubs leeds,netball clubs Leeds,90,LOW,7,1.4163,0.4805,1.2505,2025-august:110|2025-september:140|2025-october:140|2025-november:90|2025-december:70|2026-january:110|2026-february:90|2026-march:110|2026-april:90|2026-may:70|2026-june:50|2026-july:90,explicit_city_query_under_uk_target,2026-09-03
Leeds,Outdoor and endurance,Running clubs,running clubs Leeds,running clubs Leeds,running clubs leeds,running clubs Leeds,260,LOW,6,1.1554,0.5069,1.3686,2025-august:320|2025-september:390|2025-october:320|2025-november:260|2025-december:210|2026-january:320|2026-february:210|2026-march:260|2026-april:210|2026-may:260|2026-june:260|2026-july:170,explicit_city_query_under_uk_target,2026-09-03
Leeds,Tabletop and games,Chess clubs,chess club Leeds,chess club Leeds,chess club leeds,chess club Leeds,140,LOW,1,0.0000,0.0000,0.0000,2025-august:140|2025-september:140|2025-october:140|2025-november:170|2025-december:140|2026-january:170|2026-february:140|2026-march:170|2026-april:170|2026-may:140|2026-june:110|2026-july:90,explicit_city_query_under_uk_target,2026-09-03
Leeds,Racket and team sport,Padel,padel Leeds,padel Leeds,padel leeds,padel Leeds,2400,LOW,4,0.6491,0.4846,0.9869,2025-august:2900|2025-september:2900|2025-october:2400|2025-november:1900|2025-december:1600|2026-january:2400|2026-february:1900|2026-march:1900|2026-april:2400|2026-may:1900|2026-june:1900|2026-july:1900,explicit_city_query_under_uk_target,2026-09-03
Leeds,Food and drink,Cooking classes,cooking classes Leeds,cooking classes Leeds,cooking classes leeds,cooking classes Leeds,720,HIGH,100,0.5020,0.2109,0.7918,2025-august:720|2025-september:880|2025-october:880|2025-november:1000|2025-december:1000|2026-january:880|2026-february:720|2026-march:720|2026-april:480|2026-may:590|2026-june:480|2026-july:480,explicit_city_query_under_uk_target,2026-09-03
Leeds,Nature and animals,Nature walks,nature walks Leeds,nature walks Leeds,nature walks leeds,nature walks Leeds,30,LOW,15,0.1183,0.1335,1.5058,2025-august:40|2025-september:20|2025-october:30|2025-november:20|2025-december:10|2026-january:20|2026-february:10|2026-march:40|2026-april:40|2026-may:40|2026-june:30|2026-july:50,explicit_city_query_under_uk_target,2026-09-03
Leeds,Performance and dance,Karaoke,karaoke Leeds,karaoke Leeds,karaoke leeds,karaoke Leeds,2900,LOW,22,0.5787,0.2603,1.2511,2025-august:2400|2025-september:2900|2025-october:3600|2025-november:3600|2025-december:3600|2026-january:2900|2026-february:2900|2026-march:2900|2026-april:2400|2026-may:2900|2026-june:2400|2026-july:2400,explicit_city_query_under_uk_target,2026-09-03
Leeds,Craft and making,General art workshops,art workshops Leeds,art workshops Leeds,art workshops leeds,art workshops Leeds,320,HIGH,100,1.9819,0.4887,3.0023,2025-august:320|2025-september:320|2025-october:390|2025-november:260|2025-december:320|2026-january:390|2026-february:320|2026-march:260|2026-april:260|2026-may:320|2026-june:260|2026-july:260,explicit_city_query_under_uk_target,2026-09-03
Leeds,Craft and making,Sip and paint,sip and paint Leeds,sip and paint Leeds,sip and paint leeds,sip and paint Leeds,590,HIGH,100,1.2908,0.3220,1.3328,2025-august:590|2025-september:590|2025-october:590|2025-november:590|2025-december:480|2026-january:720|2026-february:720|2026-march:720|2026-april:480|2026-may:480|2026-june:390|2026-july:480,explicit_city_query_under_uk_target,2026-09-03
Bristol,Competitive experiences,Darts,darts Bristol,darts Bristol,darts bristol,darts Bristol,590,MEDIUM,49,1.2573,0.4151,1.1896,2025-august:390|2025-september:590|2025-october:720|2025-november:720|2025-december:720|2026-january:1000|2026-february:720|2026-march:590|2026-april:590|2026-may:390|2026-june:390|2026-july:260,explicit_city_query_under_uk_target,2026-09-03
Bristol,Performance and dance,Line dancing,line dancing Bristol,line dancing Bristol,line dancing bristol,line dancing Bristol,260,LOW,4,0.8354,0.0000,0.0000,2025-august:260|2025-september:390|2025-october:260|2025-november:210|2025-december:210|2026-january:320|2026-february:320|2026-march:320|2026-april:260|2026-may:210|2026-june:210|2026-july:210,explicit_city_query_under_uk_target,2026-09-03
Bristol,Performance and dance,Salsa classes,salsa classes Bristol,salsa classes Bristol,salsa classes bristol,salsa classes Bristol,320,LOW,24,0.6630,0.1977,0.3775,2025-august:320|2025-september:390|2025-october:390|2025-november:320|2025-december:260|2026-january:390|2026-february:390|2026-march:320|2026-april:260|2026-may:210|2026-june:210|2026-july:260,explicit_city_query_under_uk_target,2026-09-03
Bristol,Tabletop and games,Board-game cafes,board game cafe Bristol,board game cafe Bristol,board game cafe bristol,board game cafe Bristol,880,LOW,6,0.6282,0.5942,0.6017,2025-august:880|2025-september:880|2025-october:880|2025-november:880|2025-december:720|2026-january:1300|2026-february:1000|2026-march:720|2026-april:590|2026-may:720|2026-june:590|2026-july:480,explicit_city_query_under_uk_target,2026-09-03
Bristol,Craft and making,Pottery painting,pottery painting Bristol,pottery painting Bristol,pottery painting bristol,pottery painting Bristol,2900,LOW,20,0.3203,0.3061,0.7622,2025-august:2900|2025-september:3600|2025-october:4400|2025-november:3600|2025-december:2400|2026-january:4400|2026-february:5400|2026-march:3600|2026-april:2900|2026-may:2400|2026-june:1900|2026-july:2400,explicit_city_query_under_uk_target,2026-09-03
Bristol,Craft and making,Pottery classes,pottery classes Bristol,pottery classes Bristol,pottery classes bristol,pottery classes Bristol,1000,HIGH,100,0.9220,0.4062,1.1385,2025-august:1000|2025-september:1300|2025-october:1300|2025-november:1300|2025-december:1600|2026-january:1600|2026-february:1300|2026-march:1300|2026-april:880|2026-may:720|2026-june:720|2026-july:720,explicit_city_query_under_uk_target,2026-09-03
Bristol,Tabletop and games,Dungeons & Dragons,dungeons and dragons Bristol,dungeons and dragons Bristol,dungeons and dragons bristol,dungeons and dragons Bristol,50,LOW,2,0.0000,0.0000,0.0000,2025-august:50|2025-september:40|2025-october:70|2025-november:40|2025-december:70|2026-january:70|2026-february:50|2026-march:40|2026-april:40|2026-may:50|2026-june:40|2026-july:30,explicit_city_query_under_uk_target,2026-09-03
Bristol,Craft and making,Sewing classes,sewing classes Bristol,sewing classes Bristol,sewing classes bristol,sewing classes Bristol,320,HIGH,100,0.4616,0.3030,0.9162,2025-august:390|2025-september:320|2025-october:390|2025-november:260|2025-december:260|2026-january:390|2026-february:320|2026-march:390|2026-april:260|2026-may:260|2026-june:260|2026-july:260,explicit_city_query_under_uk_target,2026-09-03
Bristol,Food and drink,Wine tasting,wine tasting Bristol,wine tasting Bristol,wine tasting bristol,wine tasting Bristol,880,HIGH,99,0.6554,0.3408,0.8439,2025-august:880|2025-september:1000|2025-october:1000|2025-november:1000|2025-december:1000|2026-january:1000|2026-february:1000|2026-march:1000|2026-april:880|2026-may:880|2026-june:590|2026-july:590,explicit_city_query_under_uk_target,2026-09-03
Bristol,Performance and dance,Acting classes,acting classes Bristol,acting classes Bristol,acting classes bristol,acting classes Bristol,320,LOW,29,1.3343,0.5169,1.5067,2025-august:260|2025-september:390|2025-october:320|2025-november:260|2025-december:320|2026-january:590|2026-february:260|2026-march:320|2026-april:260|2026-may:260|2026-june:260|2026-july:170,explicit_city_query_under_uk_target,2026-09-03
Bristol,Tabletop and games,Quiz nights,quiz night Bristol,quiz night Bristol,quiz night bristol,quiz night Bristol,880,LOW,1,0.4684,0.0000,0.0000,2025-august:880|2025-september:1000|2025-october:1000|2025-november:880|2025-december:590|2026-january:880|2026-february:880|2026-march:880|2026-april:590|2026-may:720|2026-june:480|2026-july:480,explicit_city_query_under_uk_target,2026-09-03
Bristol,Racket and team sport,Netball,netball clubs Bristol,netball clubs Bristol,netball clubs bristol,netball clubs Bristol,170,LOW,8,0.7696,0.2508,1.2360,2025-august:210|2025-september:260|2025-october:210|2025-november:210|2025-december:140|2026-january:170|2026-february:170|2026-march:210|2026-april:110|2026-may:140|2026-june:170|2026-july:140,explicit_city_query_under_uk_target,2026-09-03
Bristol,Outdoor and endurance,Running clubs,running clubs Bristol,running clubs Bristol,running clubs bristol,running clubs Bristol,170,LOW,7,0.4990,0.4998,1.9714,2025-august:210|2025-september:210|2025-october:260|2025-november:170|2025-december:140|2026-january:170|2026-february:140|2026-march:170|2026-april:170|2026-may:170|2026-june:140|2026-july:140,explicit_city_query_under_uk_target,2026-09-03
Bristol,Tabletop and games,Chess clubs,chess club Bristol,chess club Bristol,chess club bristol,chess club Bristol,170,LOW,1,0.0000,0.0000,0.0000,2025-august:170|2025-september:210|2025-october:210|2025-november:210|2025-december:140|2026-january:260|2026-february:140|2026-march:170|2026-april:170|2026-may:140|2026-june:170|2026-july:110,explicit_city_query_under_uk_target,2026-09-03
Bristol,"Wellness, spa and retreats",Yoga retreats,yoga retreats Bristol,yoga retreats Bristol,yoga retreats bristol,yoga retreats Bristol,30,MEDIUM,52,0.5463,0.2111,0.7102,2025-august:30|2025-september:40|2025-october:40|2025-november:30|2025-december:20|2026-january:40|2026-february:40|2026-march:20|2026-april:20|2026-may:40|2026-june:30|2026-july:40,explicit_city_query_under_uk_target,2026-09-03
Bristol,Racket and team sport,Padel,padel Bristol,padel Bristol,padel bristol,padel Bristol,3600,LOW,3,0.3956,0.3238,1.7921,2025-august:3600|2025-september:4400|2025-october:4400|2025-november:4400|2025-december:2900|2026-january:5400|2026-february:4400|2026-march:3600|2026-april:3600|2026-may:2900|2026-june:2400|2026-july:2400,explicit_city_query_under_uk_target,2026-09-03
Bristol,Food and drink,Cooking classes,cooking classes Bristol,cooking classes Bristol,cooking classes bristol,cooking classes Bristol,590,HIGH,100,0.8430,0.3384,0.9557,2025-august:480|2025-september:720|2025-october:590|2025-november:880|2025-december:1000|2026-january:720|2026-february:590|2026-march:590|2026-april:390|2026-may:390|2026-june:390|2026-july:320,explicit_city_query_under_uk_target,2026-09-03
Bristol,Nature and animals,Nature walks,nature walks Bristol,nature walks Bristol,nature walks bristol,nature walks Bristol,90,LOW,14,0.2075,0.1066,1.1587,2025-august:110|2025-september:70|2025-october:50|2025-november:90|2025-december:70|2026-january:90|2026-february:70|2026-march:140|2026-april:90|2026-may:110|2026-june:110|2026-july:90,explicit_city_query_under_uk_target,2026-09-03
Bristol,Performance and dance,Karaoke,karaoke Bristol,karaoke Bristol,karaoke bristol,karaoke Bristol,2400,LOW,32,0.5742,0.2070,0.7324,2025-august:2400|2025-september:2900|2025-october:3600|2025-november:2900|2025-december:2900|2026-january:2900|2026-february:2900|2026-march:2400|2026-april:2400|2026-may:2400|2026-june:1900|2026-july:1900,explicit_city_query_under_uk_target,2026-09-03
Bristol,Craft and making,General art workshops,art workshops Bristol,art workshops Bristol,art workshops bristol,art workshops Bristol,70,HIGH,100,1.1309,0.4319,1.1675,2025-august:70|2025-september:50|2025-october:110|2025-november:70|2025-december:50|2026-january:90|2026-february:90|2026-march:140|2026-april:40|2026-may:50|2026-june:40|2026-july:50,explicit_city_query_under_uk_target,2026-09-03
Bristol,Craft and making,Sip and paint,sip and paint Bristol,sip and paint Bristol,sip and paint bristol,sip and paint Bristol,590,HIGH,100,0.9910,0.3645,0.9446,2025-august:480|2025-september:590|2025-october:720|2025-november:590|2025-december:390|2026-january:720|2026-february:720|2026-march:720|2026-april:480|2026-may:480|2026-june:480|2026-july:390,explicit_city_query_under_uk_target,2026-09-03
Nottingham,Competitive experiences,Darts,darts Nottingham,darts Nottingham,darts nottingham,darts Nottingham,1000,LOW,20,0.8543,0.3145,1.0067,2025-august:390|2025-september:480|2025-october:1000|2025-november:880|2025-december:1000|2026-january:1300|2026-february:1300|2026-march:4400|2026-april:590|2026-may:480|2026-june:320|2026-july:320,explicit_city_query_under_uk_target,2026-09-03
Nottingham,Performance and dance,Line dancing,line dancing Nottingham,line dancing Nottingham,line dancing nottingham,line dancing Nottingham,170,LOW,3,0.6456,0.0000,0.0000,2025-august:170|2025-september:260|2025-october:210|2025-november:170|2025-december:110|2026-january:210|2026-february:170|2026-march:210|2026-april:170|2026-may:170|2026-june:170|2026-july:140,explicit_city_query_under_uk_target,2026-09-03
Nottingham,Performance and dance,Salsa classes,salsa classes Nottingham,salsa classes Nottingham,salsa classes nottingham,salsa classes Nottingham,170,LOW,6,1.7872,0.3138,1.7558,2025-august:170|2025-september:210|2025-october:210|2025-november:170|2025-december:170|2026-january:260|2026-february:210|2026-march:210|2026-april:170|2026-may:140|2026-june:140|2026-july:170,explicit_city_query_under_uk_target,2026-09-03
Nottingham,Tabletop and games,Board-game cafes,board game cafe Nottingham,board game cafe Nottingham,board game cafe nottingham,board game cafe Nottingham,390,LOW,2,0.1083,0.0000,0.0000,2025-august:390|2025-september:390|2025-october:480|2025-november:480|2025-december:390|2026-january:590|2026-february:480|2026-march:390|2026-april:390|2026-may:480|2026-june:320|2026-july:320,explicit_city_query_under_uk_target,2026-09-03
Nottingham,Craft and making,Pottery painting,pottery painting Nottingham,pottery painting Nottingham,pottery painting nottingham,pottery painting Nottingham,1900,LOW,6,0.1348,0.0000,0.0000,2025-august:1600|2025-september:1600|2025-october:2400|2025-november:1900|2025-december:1300|2026-january:2400|2026-february:2900|2026-march:2400|2026-april:1600|2026-may:1300|2026-june:1000|2026-july:1600,explicit_city_query_under_uk_target,2026-09-03
Nottingham,Craft and making,Pottery classes,pottery classes Nottingham,pottery classes Nottingham,pottery classes nottingham,pottery classes Nottingham,590,HIGH,90,0.5210,0.1675,1.8306,2025-august:590|2025-september:590|2025-october:590|2025-november:720|2025-december:720|2026-january:1000|2026-february:880|2026-march:720|2026-april:480|2026-may:480|2026-june:390|2026-july:390,explicit_city_query_under_uk_target,2026-09-03
Nottingham,Tabletop and games,Dungeons & Dragons,dungeons and dragons Nottingham,dungeons and dragons Nottingham,dungeons and dragons nottingham,dungeons and dragons Nottingham,50,LOW,0,0.0000,0.0000,0.0000,2025-august:70|2025-september:90|2025-october:50|2025-november:30|2025-december:50|2026-january:70|2026-february:30|2026-march:50|2026-april:50|2026-may:40|2026-june:20|2026-july:30,explicit_city_query_under_uk_target,2026-09-03
Nottingham,Craft and making,Sewing classes,sewing classes Nottingham,sewing classes Nottingham,sewing classes nottingham,sewing classes Nottingham,170,LOW,17,1.9813,0.0581,2.2134,2025-august:140|2025-september:170|2025-october:140|2025-november:170|2025-december:140|2026-january:210|2026-february:110|2026-march:170|2026-april:170|2026-may:140|2026-june:140|2026-july:170,explicit_city_query_under_uk_target,2026-09-03
Nottingham,Food and drink,Wine tasting,wine tasting Nottingham,wine tasting Nottingham,wine tasting nottingham,wine tasting Nottingham,590,HIGH,84,0.4592,0.2883,0.7869,2025-august:590|2025-september:590|2025-october:590|2025-november:720|2025-december:720|2026-january:590|2026-february:480|2026-march:590|2026-april:480|2026-may:590|2026-june:480|2026-july:480,explicit_city_query_under_uk_target,2026-09-03
Nottingham,Performance and dance,Acting classes,acting classes Nottingham,acting classes Nottingham,acting classes nottingham,acting classes Nottingham,260,LOW,31,0.9553,0.4273,1.2050,2025-august:210|2025-september:320|2025-october:260|2025-november:170|2025-december:210|2026-january:390|2026-february:210|2026-march:320|2026-april:170|2026-may:170|2026-june:210|2026-july:210,explicit_city_query_under_uk_target,2026-09-03
Nottingham,Tabletop and games,Quiz nights,quiz night Nottingham,quiz night Nottingham,quiz night nottingham,quiz night Nottingham,390,LOW,1,1.9847,0.0000,0.0000,2025-august:320|2025-september:480|2025-october:590|2025-november:480|2025-december:320|2026-january:480|2026-february:480|2026-march:480|2026-april:320|2026-may:390|2026-june:210|2026-july:210,explicit_city_query_under_uk_target,2026-09-03
Nottingham,Racket and team sport,Netball,netball clubs Nottingham,netball clubs Nottingham,netball clubs nottingham,netball clubs Nottingham,110,LOW,1,0.0000,0.0000,0.0000,2025-august:90|2025-september:210|2025-october:140|2025-november:110|2025-december:70|2026-january:110|2026-february:140|2026-march:110|2026-april:90|2026-may:90|2026-june:70|2026-july:70,explicit_city_query_under_uk_target,2026-09-03
Nottingham,Outdoor and endurance,Running clubs,running clubs Nottingham,running clubs Nottingham,running clubs nottingham,running clubs Nottingham,170,LOW,8,2.0400,0.5134,1.4835,2025-august:210|2025-september:260|2025-october:210|2025-november:210|2025-december:140|2026-january:260|2026-february:170|2026-march:170|2026-april:170|2026-may:170|2026-june:140|2026-july:140,explicit_city_query_under_uk_target,2026-09-03
Nottingham,Tabletop and games,Chess clubs,chess club Nottingham,chess club Nottingham,chess club nottingham,chess club Nottingham,70,LOW,3,2.6264,0.0000,0.0000,2025-august:70|2025-september:50|2025-october:90|2025-november:90|2025-december:70|2026-january:90|2026-february:70|2026-march:50|2026-april:70|2026-may:70|2026-june:70|2026-july:70,explicit_city_query_under_uk_target,2026-09-03
Nottingham,Racket and team sport,Padel,padel Nottingham,padel Nottingham,padel nottingham,padel Nottingham,2900,LOW,3,0.2691,0.5117,0.7791,2025-august:3600|2025-september:2900|2025-october:2900|2025-november:2900|2025-december:2400|2026-january:4400|2026-february:3600|2026-march:3600|2026-april:3600|2026-may:3600|2026-june:2400|2026-july:2400,explicit_city_query_under_uk_target,2026-09-03
Nottingham,Food and drink,Cooking classes,cooking classes Nottingham,cooking classes Nottingham,cooking classes nottingham,cooking classes Nottingham,590,HIGH,100,0.6014,0.2773,0.9126,2025-august:590|2025-september:590|2025-october:590|2025-november:720|2025-december:880|2026-january:720|2026-february:480|2026-march:480|2026-april:480|2026-may:390|2026-june:390|2026-july:320,explicit_city_query_under_uk_target,2026-09-03
Nottingham,Nature and animals,Nature walks,nature walks Nottingham,nature walks Nottingham,nature walks nottingham,nature walks Nottingham,30,LOW,18,0.3553,0.1470,1.2536,2025-august:40|2025-september:20|2025-october:10|2025-november:10|2025-december:10|2026-january:30|2026-february:30|2026-march:20|2026-april:50|2026-may:30|2026-june:30|2026-july:30,explicit_city_query_under_uk_target,2026-09-03
Nottingham,Performance and dance,Karaoke,karaoke Nottingham,karaoke Nottingham,karaoke nottingham,karaoke Nottingham,1900,LOW,29,0.5806,0.2222,0.5575,2025-august:1900|2025-september:1600|2025-october:1900|2025-november:2400|2025-december:1900|2026-january:1900|2026-february:1900|2026-march:1900|2026-april:1600|2026-may:1900|2026-june:1600|2026-july:1600,explicit_city_query_under_uk_target,2026-09-03
Nottingham,Craft and making,General art workshops,art workshops Nottingham,art workshops Nottingham,art workshops nottingham,art workshops Nottingham,40,HIGH,73,0.6621,0.0000,0.0000,2025-august:40|2025-september:70|2025-october:40|2025-november:40|2025-december:30|2026-january:40|2026-february:50|2026-march:50|2026-april:40|2026-may:20|2026-june:20|2026-july:20,explicit_city_query_under_uk_target,2026-09-03
Nottingham,Craft and making,Sip and paint,sip and paint Nottingham,sip and paint Nottingham,sip and paint nottingham,sip and paint Nottingham,480,HIGH,100,0.7793,0.2547,0.8238,2025-august:390|2025-september:390|2025-october:480|2025-november:390|2025-december:320|2026-january:590|2026-february:720|2026-march:480|2026-april:390|2026-may:390|2026-june:320|2026-july:390,explicit_city_query_under_uk_target,2026-09-03
Southampton,Competitive experiences,Darts,darts Southampton,darts Southampton,darts southampton,darts Southampton,260,LOW,22,1.2338,0.5508,1.3815,2025-august:170|2025-september:260|2025-october:210|2025-november:260|2025-december:320|2026-january:390|2026-february:260|2026-march:210|2026-april:210|2026-may:320|2026-june:140|2026-july:110,explicit_city_query_under_uk_target,2026-09-03
Southampton,Performance and dance,Line dancing,line dancing Southampton,line dancing Southampton,line dancing southampton,line dancing Southampton,140,LOW,3,0.0000,0.0000,0.0000,2025-august:140|2025-september:140|2025-october:170|2025-november:140|2025-december:90|2026-january:140|2026-february:170|2026-march:140|2026-april:140|2026-may:110|2026-june:90|2026-july:110,explicit_city_query_under_uk_target,2026-09-03
Southampton,Performance and dance,Salsa classes,salsa classes Southampton,salsa classes Southampton,salsa classes southampton,salsa classes Southampton,50,LOW,3,2.6604,0.0000,0.0000,2025-august:30|2025-september:50|2025-october:50|2025-november:40|2025-december:40|2026-january:70|2026-february:70|2026-march:50|2026-april:40|2026-may:50|2026-june:50|2026-july:40,explicit_city_query_under_uk_target,2026-09-03
Southampton,Tabletop and games,Board-game cafes,board game cafe Southampton,board game cafe Southampton,board game cafe southampton,board game cafe Southampton,140,LOW,0,0.0000,0.0000,0.0000,2025-august:140|2025-september:170|2025-october:170|2025-november:170|2025-december:140|2026-january:210|2026-february:260|2026-march:70|2026-april:70|2026-may:70|2026-june:110|2026-july:90,explicit_city_query_under_uk_target,2026-09-03
Southampton,Craft and making,Pottery painting,pottery painting Southampton,pottery painting Southampton,pottery painting southampton,pottery painting Southampton,1000,LOW,4,0.5768,0.0000,0.0000,2025-august:1000|2025-september:1000|2025-october:1000|2025-november:1000|2025-december:720|2026-january:1300|2026-february:1600|2026-march:1300|2026-april:880|2026-may:720|2026-june:720|2026-july:720,explicit_city_query_under_uk_target,2026-09-03
Southampton,Craft and making,Pottery classes,pottery classes Southampton,pottery classes Southampton,pottery classes southampton,pottery classes Southampton,140,HIGH,72,1.1739,0.3041,1.0132,2025-august:140|2025-september:110|2025-october:170|2025-november:140|2025-december:170|2026-january:260|2026-february:210|2026-march:170|2026-april:90|2026-may:90|2026-june:90|2026-july:110,explicit_city_query_under_uk_target,2026-09-03
Southampton,Tabletop and games,Dungeons & Dragons,dungeons and dragons Southampton,dungeons and dragons Southampton,dungeons and dragons southampton,dungeons and dragons Southampton,30,LOW,0,0.0000,0.0000,0.0000,2025-august:30|2025-september:20|2025-october:30|2025-november:40|2025-december:40|2026-january:40|2026-february:30|2026-march:40|2026-april:30|2026-may:40|2026-june:40|2026-july:20,explicit_city_query_under_uk_target,2026-09-03
Southampton,Craft and making,Sewing classes,sewing classes Southampton,sewing classes Southampton,sewing classes southampton,sewing classes Southampton,50,LOW,18,1.1585,0.2098,1.3413,2025-august:70|2025-september:90|2025-october:50|2025-november:50|2025-december:50|2026-january:70|2026-february:50|2026-march:40|2026-april:30|2026-may:50|2026-june:40|2026-july:40,explicit_city_query_under_uk_target,2026-09-03
Southampton,Food and drink,Wine tasting,wine tasting Southampton,wine tasting Southampton,wine tasting southampton,wine tasting Southampton,140,HIGH,100,0.4353,0.2277,0.5746,2025-august:110|2025-september:210|2025-october:210|2025-november:170|2025-december:140|2026-january:140|2026-february:140|2026-march:140|2026-april:110|2026-may:110|2026-june:90|2026-july:90,explicit_city_query_under_uk_target,2026-09-03
Southampton,Performance and dance,Acting classes,acting classes Southampton,acting classes Southampton,acting classes southampton,acting classes Southampton,40,MEDIUM,38,0.8614,0.4538,1.3006,2025-august:30|2025-september:30|2025-october:50|2025-november:40|2025-december:50|2026-january:70|2026-february:40|2026-march:40|2026-april:50|2026-may:40|2026-june:40|2026-july:50,explicit_city_query_under_uk_target,2026-09-03
Southampton,Racket and team sport,Netball,netball clubs Southampton,netball clubs Southampton,netball clubs southampton,netball clubs Southampton,40,LOW,0,0.0000,0.0000,0.0000,2025-august:30|2025-september:50|2025-october:70|2025-november:40|2025-december:10|2026-january:40|2026-february:70|2026-march:40|2026-april:40|2026-may:30|2026-june:20|2026-july:20,explicit_city_query_under_uk_target,2026-09-03
Southampton,Outdoor and endurance,Running clubs,running clubs Southampton,running clubs Southampton,running clubs southampton,running clubs Southampton,140,LOW,4,0.9736,0.0000,0.0000,2025-august:210|2025-september:170|2025-october:140|2025-november:140|2025-december:110|2026-january:140|2026-february:110|2026-march:140|2026-april:170|2026-may:170|2026-june:90|2026-july:110,explicit_city_query_under_uk_target,2026-09-03
Southampton,Racket and team sport,Padel,padel Southampton,padel Southampton,padel southampton,padel Southampton,880,LOW,2,0.9688,0.4171,0.9198,2025-august:880|2025-september:880|2025-october:880|2025-november:720|2025-december:590|2026-january:1000|2026-february:880|2026-march:880|2026-april:880|2026-may:720|2026-june:720|2026-july:720,explicit_city_query_under_uk_target,2026-09-03
Southampton,Food and drink,Cooking classes,cooking classes Southampton,cooking classes Southampton,cooking classes southampton,cooking classes Southampton,170,HIGH,100,0.5438,0.2395,0.7439,2025-august:140|2025-september:170|2025-october:170|2025-november:210|2025-december:260|2026-january:210|2026-february:140|2026-march:140|2026-april:110|2026-may:90|2026-june:90|2026-july:140,explicit_city_query_under_uk_target,2026-09-03
Southampton,Performance and dance,Karaoke,karaoke Southampton,karaoke Southampton,karaoke southampton,karaoke Southampton,880,LOW,7,0.5733,0.1768,1.1475,2025-august:880|2025-september:880|2025-october:1000|2025-november:880|2025-december:880|2026-january:880|2026-february:880|2026-march:880|2026-april:720|2026-may:880|2026-june:590|2026-july:720,explicit_city_query_under_uk_target,2026-09-03
Southampton,Craft and making,General art workshops,art workshops Southampton,art workshops Southampton,art workshops southampton,art workshops Southampton,110,MEDIUM,34,3.2784,0.8023,2.5592,2025-august:90|2025-september:110|2025-october:140|2025-november:110|2025-december:90|2026-january:140|2026-february:110|2026-march:140|2026-april:90|2026-may:90|2026-june:90|2026-july:90,explicit_city_query_under_uk_target,2026-09-03
Southampton,Craft and making,Sip and paint,sip and paint Southampton,sip and paint Southampton,sip and paint southampton,sip and paint Southampton,110,MEDIUM,48,0.2407,0.1063,0.4938,2025-august:110|2025-september:140|2025-october:110|2025-november:140|2025-december:70|2026-january:140|2026-february:140|2026-march:140|2026-april:140|2026-may:110|2026-june:90|2026-july:70,explicit_city_query_under_uk_target,2026-09-03
Reading,Competitive experiences,Darts,darts Reading,darts Reading,darts reading,darts Reading,140,LOW,26,1.0970,0.3847,2.1523,2025-august:90|2025-september:110|2025-october:110|2025-november:170|2025-december:170|2026-january:210|2026-february:210|2026-march:170|2026-april:140|2026-may:170|2026-june:110|2026-july:110,explicit_city_query_under_uk_target,2026-09-03
Reading,Performance and dance,Line dancing,line dancing Reading,line dancing Reading,line dancing reading,line dancing Reading,70,LOW,4,10.4202,0.0000,0.0000,2025-august:50|2025-september:110|2025-october:110|2025-november:50|2025-december:50|2026-january:70|2026-february:70|2026-march:110|2026-april:50|2026-may:50|2026-june:70|2026-july:50,explicit_city_query_under_uk_target,2026-09-03
Reading,Performance and dance,Salsa classes,salsa classes Reading,salsa classes Reading,salsa classes reading,salsa classes Reading,90,LOW,8,0.3938,0.0000,0.0000,2025-august:140|2025-september:90|2025-october:110|2025-november:90|2025-december:90|2026-january:140|2026-february:110|2026-march:70|2026-april:50|2026-may:70|2026-june:70|2026-july:90,explicit_city_query_under_uk_target,2026-09-03
Reading,Tabletop and games,Board-game cafes,board game cafe Reading,board game cafe Reading,board game cafe reading,board game cafe Reading,90,LOW,0,0.0000,0.0000,0.0000,2025-august:70|2025-september:110|2025-october:90|2025-november:110|2025-december:90|2026-january:90|2026-february:110|2026-march:90|2026-april:90|2026-may:70|2026-june:50|2026-july:50,explicit_city_query_under_uk_target,2026-09-03
Reading,Craft and making,Pottery painting,pottery painting Reading,pottery painting Reading,pottery painting reading,pottery painting Reading,880,LOW,3,0.1064,0.2894,1.4835,2025-august:880|2025-september:880|2025-october:880|2025-november:880|2025-december:720|2026-january:1000|2026-february:1300|2026-march:1000|2026-april:720|2026-may:590|2026-june:590|2026-july:720,explicit_city_query_under_uk_target,2026-09-03
Reading,Craft and making,Pottery classes,pottery classes Reading,pottery classes Reading,pottery classes reading,pottery classes Reading,210,HIGH,97,0.5501,0.2819,1.0018,2025-august:210|2025-september:170|2025-october:210|2025-november:210|2025-december:170|2026-january:390|2026-february:320|2026-march:170|2026-april:170|2026-may:140|2026-june:140|2026-july:110,explicit_city_query_under_uk_target,2026-09-03
Reading,Tabletop and games,Dungeons & Dragons,dungeons and dragons Reading,dungeons and dragons Reading,dungeons and dragons reading,dungeons and dragons Reading,10,LOW,0,0.0000,0.0000,0.0000,2025-august:10|2025-september:10|2025-october:10|2025-november:10|2025-december:10|2026-january:10|2026-february:10|2026-march:10|2026-april:10|2026-may:10|2026-june:10|2026-july:10,explicit_city_query_under_uk_target,2026-09-03
Reading,Craft and making,Sewing classes,sewing classes Reading,sewing classes Reading,sewing classes reading,sewing classes Reading,40,MEDIUM,64,0.2509,0.0000,0.0000,2025-august:50|2025-september:50|2025-october:30|2025-november:30|2025-december:30|2026-january:50|2026-february:20|2026-march:30|2026-april:40|2026-may:30|2026-june:30|2026-july:50,explicit_city_query_under_uk_target,2026-09-03
Reading,Food and drink,Wine tasting,wine tasting Reading,wine tasting Reading,wine tasting reading,wine tasting Reading,140,HIGH,75,0.8259,0.3811,1.1189,2025-august:170|2025-september:170|2025-october:140|2025-november:170|2025-december:170|2026-january:140|2026-february:140|2026-march:170|2026-april:110|2026-may:140|2026-june:110|2026-july:170,explicit_city_query_under_uk_target,2026-09-03
Reading,Performance and dance,Acting classes,acting classes Reading,acting classes Reading,acting classes reading,acting classes Reading,30,MEDIUM,33,2.4298,0.6067,1.0777,2025-august:30|2025-september:50|2025-october:40|2025-november:20|2025-december:50|2026-january:50|2026-february:40|2026-march:20|2026-april:20|2026-may:30|2026-june:40|2026-july:10,explicit_city_query_under_uk_target,2026-09-03
Reading,Racket and team sport,Netball,netball clubs Reading,netball clubs Reading,netball clubs reading,netball clubs Reading,20,LOW,4,0.0000,0.0000,0.0000,2025-august:30|2025-september:30|2025-october:30|2025-november:20|2025-december:10|2026-january:30|2026-february:20|2026-march:20|2026-april:20|2026-may:20|2026-june:30|2026-july:20,explicit_city_query_under_uk_target,2026-09-03
Reading,Outdoor and endurance,Running clubs,running clubs Reading,running clubs Reading,running clubs reading,running clubs Reading,140,LOW,8,0.8879,0.5616,1.0977,2025-august:170|2025-september:170|2025-october:170|2025-november:140|2025-december:90|2026-january:140|2026-february:140|2026-march:140|2026-april:170|2026-may:140|2026-june:110|2026-july:110,explicit_city_query_under_uk_target,2026-09-03
Reading,Tabletop and games,Chess clubs,chess club Reading,chess club Reading,chess club reading,chess club Reading,30,LOW,4,0.0000,0.0000,0.0000,2025-august:30|2025-september:30|2025-october:30|2025-november:20|2025-december:20|2026-january:40|2026-february:30|2026-march:40|2026-april:20|2026-may:20|2026-june:20|2026-july:10,explicit_city_query_under_uk_target,2026-09-03
Reading,Racket and team sport,Padel,padel Reading,padel Reading,padel reading,padel Reading,880,LOW,3,0.6479,0.3678,1.6100,2025-august:1000|2025-september:880|2025-october:880|2025-november:720|2025-december:590|2026-january:880|2026-february:720|2026-march:880|2026-april:880|2026-may:720|2026-june:720|2026-july:720,explicit_city_query_under_uk_target,2026-09-03
Reading,Food and drink,Cooking classes,cooking classes Reading,cooking classes Reading,cooking classes reading,cooking classes Reading,140,HIGH,97,0.6587,0.2980,0.9966,2025-august:110|2025-september:110|2025-october:140|2025-november:170|2025-december:170|2026-january:210|2026-february:140|2026-march:110|2026-april:90|2026-may:110|2026-june:90|2026-july:70,explicit_city_query_under_uk_target,2026-09-03
Reading,Performance and dance,Karaoke,karaoke Reading,karaoke Reading,karaoke reading,karaoke Reading,720,LOW,7,0.2159,0.1995,0.4895,2025-august:880|2025-september:880|2025-october:880|2025-november:880|2025-december:880|2026-january:720|2026-february:720|2026-march:720|2026-april:720|2026-may:720|2026-june:590|2026-july:720,explicit_city_query_under_uk_target,2026-09-03
Edinburgh,Competitive experiences,Darts,darts Edinburgh,darts Edinburgh,darts edinburgh,darts Edinburgh,720,MEDIUM,43,1.0750,0.3196,0.9925,2025-august:390|2025-september:590|2025-october:720|2025-november:1000|2025-december:1000|2026-january:1000|2026-february:880|2026-march:590|2026-april:480|2026-may:390|2026-june:260|2026-july:320,explicit_city_query_under_uk_target,2026-09-03
Edinburgh,Performance and dance,Line dancing,line dancing Edinburgh,line dancing Edinburgh,line dancing edinburgh,line dancing Edinburgh,260,LOW,1,0.5730,0.0000,0.0000,2025-august:170|2025-september:320|2025-october:260|2025-november:210|2025-december:170|2026-january:320|2026-february:260|2026-march:260|2026-april:210|2026-may:260|2026-june:210|2026-july:260,explicit_city_query_under_uk_target,2026-09-03
Edinburgh,Performance and dance,Salsa classes,salsa classes Edinburgh,salsa classes Edinburgh,salsa classes edinburgh,salsa classes Edinburgh,320,LOW,8,1.0681,0.4414,3.6542,2025-august:320|2025-september:320|2025-october:260|2025-november:320|2025-december:320|2026-january:390|2026-february:390|2026-march:320|2026-april:260|2026-may:260|2026-june:260|2026-july:260,explicit_city_query_under_uk_target,2026-09-03
Edinburgh,Tabletop and games,Board-game cafes,board game cafe Edinburgh,board game cafe Edinburgh,board game cafe edinburgh,board game cafe Edinburgh,390,LOW,12,0.6999,0.4347,0.8971,2025-august:320|2025-september:480|2025-october:480|2025-november:390|2025-december:390|2026-january:390|2026-february:390|2026-march:390|2026-april:320|2026-may:320|2026-june:260|2026-july:320,explicit_city_query_under_uk_target,2026-09-03
Edinburgh,Craft and making,Pottery painting,pottery painting Edinburgh,pottery painting Edinburgh,pottery painting edinburgh,pottery painting Edinburgh,1600,LOW,17,0.7901,0.2622,1.0219,2025-august:1300|2025-september:1300|2025-october:1600|2025-november:1600|2025-december:1300|2026-january:1900|2026-february:2400|2026-march:1900|2026-april:1600|2026-may:1300|2026-june:1000|2026-july:1600,explicit_city_query_under_uk_target,2026-09-03
Edinburgh,Craft and making,Pottery classes,pottery classes Edinburgh,pottery classes Edinburgh,pottery classes edinburgh,pottery classes Edinburgh,1300,HIGH,94,0.6825,0.3132,1.0678,2025-august:1300|2025-september:1600|2025-october:1300|2025-november:1600|2025-december:1600|2026-january:1900|2026-february:1600|2026-march:1600|2026-april:1000|2026-may:1000|2026-june:880|2026-july:880,explicit_city_query_under_uk_target,2026-09-03
Edinburgh,Tabletop and games,Dungeons & Dragons,dungeons and dragons Edinburgh,dungeons and dragons Edinburgh,dungeons and dragons edinburgh,dungeons and dragons Edinburgh,90,LOW,4,3.1801,0.2208,1.1953,2025-august:70|2025-september:70|2025-october:90|2025-november:90|2025-december:90|2026-january:90|2026-february:70|2026-march:40|2026-april:40|2026-may:40|2026-june:70|2026-july:210,explicit_city_query_under_uk_target,2026-09-03
Edinburgh,Craft and making,Sewing classes,sewing classes Edinburgh,sewing classes Edinburgh,sewing classes edinburgh,sewing classes Edinburgh,390,MEDIUM,61,0.3866,0.2669,1.1347,2025-august:390|2025-september:390|2025-october:390|2025-november:390|2025-december:320|2026-january:390|2026-february:390|2026-march:390|2026-april:260|2026-may:320|2026-june:260|2026-july:390,explicit_city_query_under_uk_target,2026-09-03
Edinburgh,Food and drink,Wine tasting,wine tasting Edinburgh,wine tasting Edinburgh,wine tasting edinburgh,wine tasting Edinburgh,1000,HIGH,100,0.9152,0.3254,1.3422,2025-august:1000|2025-september:1000|2025-october:1300|2025-november:1600|2025-december:1600|2026-january:1300|2026-february:1000|2026-march:1000|2026-april:1000|2026-may:880|2026-june:880|2026-july:880,explicit_city_query_under_uk_target,2026-09-03
Edinburgh,Performance and dance,Acting classes,acting classes Edinburgh,acting classes Edinburgh,acting classes edinburgh,acting classes Edinburgh,480,LOW,15,1.5327,0.5703,1.8700,2025-august:480|2025-september:590|2025-october:480|2025-november:590|2025-december:480|2026-january:720|2026-february:590|2026-march:480|2026-april:390|2026-may:480|2026-june:480|2026-july:320,explicit_city_query_under_uk_target,2026-09-03
Edinburgh,Tabletop and games,Quiz nights,quiz night Edinburgh,quiz night Edinburgh,quiz night edinburgh,quiz night Edinburgh,1600,LOW,1,0.4177,0.0000,0.0000,2025-august:1000|2025-september:1900|2025-october:1900|2025-november:1600|2025-december:1300|2026-january:1900|2026-february:1600|2026-march:1600|2026-april:1600|2026-may:1300|2026-june:1300|2026-july:1000,explicit_city_query_under_uk_target,2026-09-03
Edinburgh,Racket and team sport,Volleyball,volleyball clubs Edinburgh,volleyball clubs Edinburgh,volleyball clubs edinburgh,volleyball clubs Edinburgh,70,LOW,0,0.0000,0.0000,0.0000,2025-august:90|2025-september:170|2025-october:90|2025-november:90|2025-december:50|2026-january:70|2026-february:50|2026-march:90|2026-april:70|2026-may:50|2026-june:70|2026-july:50,explicit_city_query_under_uk_target,2026-09-03
Edinburgh,Racket and team sport,Netball,netball clubs Edinburgh,netball clubs Edinburgh,netball clubs edinburgh,netball clubs Edinburgh,70,LOW,2,0.7548,0.0000,0.0000,2025-august:110|2025-september:140|2025-october:90|2025-november:90|2025-december:40|2026-january:90|2026-february:50|2026-march:70|2026-april:50|2026-may:50|2026-june:70|2026-july:70,explicit_city_query_under_uk_target,2026-09-03
Edinburgh,Outdoor and endurance,Running clubs,running clubs Edinburgh,running clubs Edinburgh,running clubs edinburgh,running clubs Edinburgh,390,LOW,4,1.2410,0.5409,1.5292,2025-august:480|2025-september:480|2025-october:480|2025-november:390|2025-december:320|2026-january:480|2026-february:320|2026-march:390|2026-april:390|2026-may:480|2026-june:480|2026-july:320,explicit_city_query_under_uk_target,2026-09-03
Edinburgh,Tabletop and games,Chess clubs,chess club Edinburgh,chess club Edinburgh,chess club edinburgh,chess club Edinburgh,480,LOW,3,0.4300,0.0000,0.0000,2025-august:480|2025-september:480|2025-october:480|2025-november:590|2025-december:590|2026-january:480|2026-february:590|2026-march:590|2026-april:590|2026-may:480|2026-june:480|2026-july:390,explicit_city_query_under_uk_target,2026-09-03
Edinburgh,Racket and team sport,Padel,padel Edinburgh,padel Edinburgh,padel edinburgh,padel Edinburgh,1900,LOW,6,0.4918,0.2142,0.7680,2025-august:1900|2025-september:2400|2025-october:1900|2025-november:1900|2025-december:1300|2026-january:2900|2026-february:1900|2026-march:2400|2026-april:1900|2026-may:1600|2026-june:1600|2026-july:1900,explicit_city_query_under_uk_target,2026-09-03
Edinburgh,Food and drink,Cooking classes,cooking classes Edinburgh,cooking classes Edinburgh,cooking classes edinburgh,cooking classes Edinburgh,1000,HIGH,100,1.1019,0.3021,1.2405,2025-august:880|2025-september:1000|2025-october:1000|2025-november:1600|2025-december:1900|2026-january:1000|2026-february:880|2026-march:880|2026-april:720|2026-may:720|2026-june:720|2026-july:590,explicit_city_query_under_uk_target,2026-09-03
Edinburgh,Nature and animals,Nature walks,nature walks Edinburgh,nature walks Edinburgh,nature walks edinburgh,nature walks Edinburgh,70,LOW,20,0.5635,0.1069,2.1288,2025-august:90|2025-september:40|2025-october:50|2025-november:30|2025-december:40|2026-january:50|2026-february:50|2026-march:70|2026-april:70|2026-may:70|2026-june:70|2026-july:70,explicit_city_query_under_uk_target,2026-09-03
Edinburgh,Performance and dance,Karaoke,karaoke Edinburgh,karaoke Edinburgh,karaoke edinburgh,karaoke Edinburgh,2900,LOW,20,0.5772,0.2651,0.8452,2025-august:2900|2025-september:2900|2025-october:3600|2025-november:3600|2025-december:3600|2026-january:2900|2026-february:2900|2026-march:2900|2026-april:2400|2026-may:2900|2026-june:2400|2026-july:2400,explicit_city_query_under_uk_target,2026-09-03
Edinburgh,Craft and making,General art workshops,art workshops Edinburgh,art workshops Edinburgh,art workshops edinburgh,art workshops Edinburgh,50,HIGH,98,1.0835,0.3268,1.4835,2025-august:50|2025-september:70|2025-october:70|2025-november:70|2025-december:30|2026-january:50|2026-february:70|2026-march:40|2026-april:40|2026-may:50|2026-june:50|2026-july:50,explicit_city_query_under_uk_target,2026-09-03
Edinburgh,Craft and making,Sip and paint,sip and paint Edinburgh,sip and paint Edinburgh,sip and paint edinburgh,sip and paint Edinburgh,320,HIGH,100,0.8595,0.3365,0.9291,2025-august:320|2025-september:320|2025-october:320|2025-november:260|2025-december:210|2026-january:390|2026-february:390|2026-march:390|2026-april:260|2026-may:320|2026-june:210|2026-july:210,explicit_city_query_under_uk_target,2026-09-03
Glasgow,Competitive experiences,Darts,darts Glasgow,darts Glasgow,darts glasgow,darts Glasgow,2400,MEDIUM,45,1.0368,0.3141,1.4254,2025-august:1300|2025-september:1600|2025-october:2400|2025-november:2400|2025-december:3600|2026-january:4400|2026-february:6600|2026-march:1600|2026-april:1900|2026-may:1000|2026-june:720|2026-july:880,explicit_city_query_under_uk_target,2026-09-03
Glasgow,Performance and dance,Line dancing,line dancing Glasgow,line dancing Glasgow,line dancing glasgow,line dancing Glasgow,320,LOW,2,1.7794,0.0000,0.0000,2025-august:260|2025-september:320|2025-october:390|2025-november:260|2025-december:170|2026-january:320|2026-february:320|2026-march:260|2026-april:260|2026-may:590|2026-june:210|2026-july:210,explicit_city_query_under_uk_target,2026-09-03
Glasgow,Performance and dance,Salsa classes,salsa classes Glasgow,salsa classes Glasgow,salsa classes glasgow,salsa classes Glasgow,260,LOW,18,0.5449,0.2342,0.4714,2025-august:320|2025-september:260|2025-october:320|2025-november:260|2025-december:260|2026-january:390|2026-february:390|2026-march:320|2026-april:260|2026-may:260|2026-june:210|2026-july:260,explicit_city_query_under_uk_target,2026-09-03
Glasgow,Tabletop and games,Board-game cafes,board game cafe Glasgow,board game cafe Glasgow,board game cafe glasgow,board game cafe Glasgow,260,LOW,4,0.3692,0.0000,0.0000,2025-august:210|2025-september:320|2025-october:390|2025-november:260|2025-december:210|2026-january:260|2026-february:260|2026-march:260|2026-april:170|2026-may:260|2026-june:210|2026-july:210,explicit_city_query_under_uk_target,2026-09-03
Glasgow,Craft and making,Pottery painting,pottery painting Glasgow,pottery painting Glasgow,pottery painting glasgow,pottery painting Glasgow,3600,LOW,2,0.3731,0.2826,1.1195,2025-august:3600|2025-september:3600|2025-october:3600|2025-november:3600|2025-december:2900|2026-january:4400|2026-february:4400|2026-march:4400|2026-april:3600|2026-may:2900|2026-june:2900|2026-july:3600,explicit_city_query_under_uk_target,2026-09-03
Glasgow,Craft and making,Pottery classes,pottery classes Glasgow,pottery classes Glasgow,pottery classes glasgow,pottery classes Glasgow,880,MEDIUM,34,0.7988,0.2952,0.8414,2025-august:720|2025-september:880|2025-october:720|2025-november:880|2025-december:1300|2026-january:1300|2026-february:1000|2026-march:1000|2026-april:720|2026-may:590|2026-june:590|2026-july:590,explicit_city_query_under_uk_target,2026-09-03
Glasgow,Tabletop and games,Dungeons & Dragons,dungeons and dragons Glasgow,dungeons and dragons Glasgow,dungeons and dragons glasgow,dungeons and dragons Glasgow,90,LOW,0,0.0000,0.0000,0.0000,2025-august:90|2025-september:90|2025-october:110|2025-november:90|2025-december:140|2026-january:110|2026-february:90|2026-march:70|2026-april:50|2026-may:50|2026-june:40|2026-july:70,explicit_city_query_under_uk_target,2026-09-03
Glasgow,Craft and making,Sewing classes,sewing classes Glasgow,sewing classes Glasgow,sewing classes glasgow,sewing classes Glasgow,390,LOW,12,0.7465,0.3192,0.8033,2025-august:480|2025-september:480|2025-october:480|2025-november:390|2025-december:320|2026-january:480|2026-february:390|2026-march:390|2026-april:320|2026-may:320|2026-june:320|2026-july:320,explicit_city_query_under_uk_target,2026-09-03
Glasgow,Food and drink,Wine tasting,wine tasting Glasgow,wine tasting Glasgow,wine tasting glasgow,wine tasting Glasgow,1000,HIGH,99,0.7473,0.3972,1.2090,2025-august:880|2025-september:1000|2025-october:1000|2025-november:1300|2025-december:1600|2026-january:1000|2026-february:1000|2026-march:1000|2026-april:880|2026-may:880|2026-june:720|2026-july:880,explicit_city_query_under_uk_target,2026-09-03
Glasgow,Performance and dance,Acting classes,acting classes Glasgow,acting classes Glasgow,acting classes glasgow,acting classes Glasgow,390,LOW,31,1.1603,0.2978,1.2463,2025-august:480|2025-september:590|2025-october:390|2025-november:390|2025-december:390|2026-january:720|2026-february:390|2026-march:390|2026-april:260|2026-may:320|2026-june:260|2026-july:320,explicit_city_query_under_uk_target,2026-09-03
Glasgow,Tabletop and games,Quiz nights,quiz night Glasgow,quiz night Glasgow,quiz night glasgow,quiz night Glasgow,1300,LOW,1,0.2420,0.0000,0.0000,2025-august:1300|2025-september:1600|2025-october:1600|2025-november:1300|2025-december:1000|2026-january:1600|2026-february:1300|2026-march:1300|2026-april:1300|2026-may:1300|2026-june:1000|2026-july:1000,explicit_city_query_under_uk_target,2026-09-03
Glasgow,Racket and team sport,Volleyball,volleyball clubs Glasgow,volleyball clubs Glasgow,volleyball clubs glasgow,volleyball clubs Glasgow,50,LOW,1,0.0307,0.0000,0.0000,2025-august:40|2025-september:70|2025-october:70|2025-november:50|2025-december:40|2026-january:70|2026-february:70|2026-march:70|2026-april:70|2026-may:50|2026-june:30|2026-july:40,explicit_city_query_under_uk_target,2026-09-03
Glasgow,Racket and team sport,Netball,netball clubs Glasgow,netball clubs Glasgow,netball clubs glasgow,netball clubs Glasgow,40,LOW,1,0.0000,0.0000,0.0000,2025-august:70|2025-september:70|2025-october:40|2025-november:30|2025-december:20|2026-january:40|2026-february:30|2026-march:40|2026-april:40|2026-may:40|2026-june:40|2026-july:70,explicit_city_query_under_uk_target,2026-09-03
Glasgow,Outdoor and endurance,Running clubs,running clubs Glasgow,running clubs Glasgow,running clubs glasgow,running clubs Glasgow,260,LOW,6,0.5475,0.6233,1.6004,2025-august:320|2025-september:320|2025-october:390|2025-november:260|2025-december:170|2026-january:320|2026-february:260|2026-march:210|2026-april:260|2026-may:260|2026-june:210|2026-july:210,explicit_city_query_under_uk_target,2026-09-03
Glasgow,Tabletop and games,Chess clubs,chess club Glasgow,chess club Glasgow,chess club glasgow,chess club Glasgow,170,LOW,0,0.0000,0.0000,0.0000,2025-august:170|2025-september:210|2025-october:170|2025-november:140|2025-december:140|2026-january:170|2026-february:140|2026-march:170|2026-april:170|2026-may:110|2026-june:140|2026-july:110,explicit_city_query_under_uk_target,2026-09-03
Glasgow,Racket and team sport,Padel,padel Glasgow,padel Glasgow,padel glasgow,padel Glasgow,2900,LOW,4,0.4496,0.3742,0.7061,2025-august:2900|2025-september:2900|2025-october:2900|2025-november:1900|2025-december:1600|2026-january:4400|2026-february:4400|2026-march:4400|2026-april:3600|2026-may:2900|2026-june:2400|2026-july:2400,explicit_city_query_under_uk_target,2026-09-03
Glasgow,Food and drink,Cooking classes,cooking classes Glasgow,cooking classes Glasgow,cooking classes glasgow,cooking classes Glasgow,880,HIGH,97,0.4793,0.2119,0.7155,2025-august:880|2025-september:880|2025-october:1000|2025-november:1300|2025-december:1600|2026-january:1000|2026-february:720|2026-march:720|2026-april:720|2026-may:590|2026-june:590|2026-july:590,explicit_city_query_under_uk_target,2026-09-03
Glasgow,Nature and animals,Nature walks,nature walks Glasgow,nature walks Glasgow,nature walks glasgow,nature walks Glasgow,70,LOW,6,5.0870,0.0000,0.0000,2025-august:90|2025-september:90|2025-october:50|2025-november:40|2025-december:30|2026-january:70|2026-february:70|2026-march:40|2026-april:90|2026-may:70|2026-june:50|2026-july:50,explicit_city_query_under_uk_target,2026-09-03
Glasgow,Performance and dance,Karaoke,karaoke Glasgow,karaoke Glasgow,karaoke glasgow,karaoke Glasgow,2900,LOW,2,0.4560,0.5109,1.3651,2025-august:2900|2025-september:2900|2025-october:3600|2025-november:2900|2025-december:2900|2026-january:2900|2026-february:2900|2026-march:2400|2026-april:2400|2026-may:2900|2026-june:1900|2026-july:2400,explicit_city_query_under_uk_target,2026-09-03
Glasgow,Craft and making,General art workshops,art workshops Glasgow,art workshops Glasgow,art workshops glasgow,art workshops Glasgow,40,LOW,19,0.0000,0.0000,0.0000,2025-august:50|2025-september:20|2025-october:50|2025-november:40|2025-december:30|2026-january:50|2026-february:90|2026-march:50|2026-april:40|2026-may:30|2026-june:40|2026-july:30,explicit_city_query_under_uk_target,2026-09-03
Glasgow,Craft and making,Sip and paint,sip and paint Glasgow,sip and paint Glasgow,sip and paint glasgow,sip and paint Glasgow,320,HIGH,100,0.7025,0.2875,0.7674,2025-august:260|2025-september:260|2025-october:320|2025-november:320|2025-december:260|2026-january:390|2026-february:390|2026-march:390|2026-april:320|2026-may:320|2026-june:320|2026-july:260,explicit_city_query_under_uk_target,2026-09-03
Liverpool,Competitive experiences,Darts,darts Liverpool,darts Liverpool,darts liverpool,darts Liverpool,1600,MEDIUM,40,0.7639,0.3080,0.8077,2025-august:880|2025-september:1000|2025-october:1900|2025-november:1600|2025-december:1900|2026-january:2400|2026-february:1900|2026-march:1600|2026-april:4400|2026-may:880|2026-june:720|2026-july:720,explicit_city_query_under_uk_target,2026-09-03
Liverpool,Performance and dance,Line dancing,line dancing Liverpool,line dancing Liverpool,line dancing liverpool,line dancing Liverpool,210,LOW,14,1.4036,0.5924,1.0532,2025-august:210|2025-september:320|2025-october:260|2025-november:170|2025-december:140|2026-january:260|2026-february:210|2026-march:260|2026-april:210|2026-may:210|2026-june:170|2026-july:170,explicit_city_query_under_uk_target,2026-09-03
Liverpool,Performance and dance,Salsa classes,salsa classes Liverpool,salsa classes Liverpool,salsa classes liverpool,salsa classes Liverpool,210,LOW,7,0.2156,0.1852,0.5956,2025-august:210|2025-september:170|2025-october:210|2025-november:210|2025-december:210|2026-january:260|2026-february:260|2026-march:170|2026-april:140|2026-may:170|2026-june:170|2026-july:170,explicit_city_query_under_uk_target,2026-09-03
Liverpool,Tabletop and games,Board-game cafes,board game cafe Liverpool,board game cafe Liverpool,board game cafe liverpool,board game cafe Liverpool,260,LOW,0,0.0000,0.0000,0.0000,2025-august:210|2025-september:260|2025-october:210|2025-november:210|2025-december:210|2026-january:320|2026-february:260|2026-march:260|2026-april:260|2026-may:210|2026-june:260|2026-july:210,explicit_city_query_under_uk_target,2026-09-03
Liverpool,Craft and making,Pottery painting,pottery painting Liverpool,pottery painting Liverpool,pottery painting liverpool,pottery painting Liverpool,1900,LOW,18,0.2752,0.3735,0.9793,2025-august:1900|2025-september:1900|2025-october:2400|2025-november:1900|2025-december:1300|2026-january:2900|2026-february:3600|2026-march:2400|2026-april:1900|2026-may:1600|2026-june:1600|2026-july:1900,explicit_city_query_under_uk_target,2026-09-03
Liverpool,Craft and making,Pottery classes,pottery classes Liverpool,pottery classes Liverpool,pottery classes liverpool,pottery classes Liverpool,720,HIGH,100,0.8098,0.3395,0.9808,2025-august:720|2025-september:720|2025-october:720|2025-november:720|2025-december:880|2026-january:1300|2026-february:1000|2026-march:720|2026-april:590|2026-may:590|2026-june:480|2026-july:480,explicit_city_query_under_uk_target,2026-09-03
Liverpool,Tabletop and games,Dungeons & Dragons,dungeons and dragons Liverpool,dungeons and dragons Liverpool,dungeons and dragons liverpool,dungeons and dragons Liverpool,50,LOW,1,0.0000,0.0000,0.0000,2025-august:40|2025-september:40|2025-october:40|2025-november:50|2025-december:70|2026-january:110|2026-february:50|2026-march:50|2026-april:50|2026-may:30|2026-june:20|2026-july:30,explicit_city_query_under_uk_target,2026-09-03
Liverpool,Craft and making,Sewing classes,sewing classes Liverpool,sewing classes Liverpool,sewing classes liverpool,sewing classes Liverpool,260,MEDIUM,63,0.4582,0.0985,0.5656,2025-august:260|2025-september:260|2025-october:260|2025-november:170|2025-december:170|2026-january:390|2026-february:260|2026-march:210|2026-april:170|2026-may:210|2026-june:210|2026-july:260,explicit_city_query_under_uk_target,2026-09-03
Liverpool,Food and drink,Wine tasting,wine tasting Liverpool,wine tasting Liverpool,wine tasting liverpool,wine tasting Liverpool,880,HIGH,99,0.4756,0.2602,0.6780,2025-august:880|2025-september:1000|2025-october:1000|2025-november:1300|2025-december:1300|2026-january:1000|2026-february:1000|2026-march:880|2026-april:720|2026-may:720|2026-june:720|2026-july:720,explicit_city_query_under_uk_target,2026-09-03
Liverpool,Performance and dance,Acting classes,acting classes Liverpool,acting classes Liverpool,acting classes liverpool,acting classes Liverpool,320,MEDIUM,37,3.2813,0.5347,2.7740,2025-august:320|2025-september:390|2025-october:260|2025-november:320|2025-december:320|2026-january:590|2026-february:390|2026-march:390|2026-april:320|2026-may:260|2026-june:260|2026-july:260,explicit_city_query_under_uk_target,2026-09-03
Liverpool,Tabletop and games,Quiz nights,quiz night Liverpool,quiz night Liverpool,quiz night liverpool,quiz night Liverpool,590,LOW,2,0.0000,0.0000,0.0000,2025-august:720|2025-september:720|2025-october:720|2025-november:590|2025-december:480|2026-january:590|2026-february:720|2026-march:590|2026-april:590|2026-may:390|2026-june:390|2026-july:390,explicit_city_query_under_uk_target,2026-09-03
Liverpool,Racket and team sport,Volleyball,volleyball clubs Liverpool,volleyball clubs Liverpool,volleyball clubs liverpool,volleyball clubs Liverpool,10,LOW,0,0.0000,0.0000,0.0000,2025-august:10|2025-september:10|2025-october:10|2025-november:10|2025-december:10|2026-january:20|2026-february:20|2026-march:30|2026-april:10|2026-may:10|2026-june:10|2026-july:20,explicit_city_query_under_uk_target,2026-09-03
Liverpool,Racket and team sport,Netball,netball clubs Liverpool,netball clubs Liverpool,netball clubs liverpool,netball clubs Liverpool,40,LOW,7,1.0915,0.0000,0.0000,2025-august:30|2025-september:70|2025-october:50|2025-november:30|2025-december:30|2026-january:70|2026-february:40|2026-march:40|2026-april:20|2026-may:40|2026-june:30|2026-july:30,explicit_city_query_under_uk_target,2026-09-03
Liverpool,Outdoor and endurance,Running clubs,running clubs Liverpool,running clubs Liverpool,running clubs liverpool,running clubs Liverpool,480,LOW,2,1.0461,0.6766,1.5869,2025-august:480|2025-september:480|2025-october:480|2025-november:390|2025-december:390|2026-january:480|2026-february:390|2026-march:590|2026-april:720|2026-may:720|2026-june:480|2026-july:480,explicit_city_query_under_uk_target,2026-09-03
Liverpool,Tabletop and games,Chess clubs,chess club Liverpool,chess club Liverpool,chess club liverpool,chess club Liverpool,70,LOW,0,0.0000,0.0000,0.0000,2025-august:70|2025-september:70|2025-october:90|2025-november:70|2025-december:70|2026-january:90|2026-february:70|2026-march:90|2026-april:90|2026-may:50|2026-june:70|2026-july:70,explicit_city_query_under_uk_target,2026-09-03
Liverpool,"Wellness, spa and retreats",Yoga retreats,yoga retreats Liverpool,yoga retreats Liverpool,yoga retreats liverpool,yoga retreats Liverpool,20,MEDIUM,34,0.4100,0.1382,0.7680,2025-august:20|2025-september:20|2025-october:30|2025-november:10|2025-december:40|2026-january:30|2026-february:20|2026-march:20|2026-april:10|2026-may:30|2026-june:10|2026-july:20,explicit_city_query_under_uk_target,2026-09-03
Liverpool,Racket and team sport,Padel,padel Liverpool,padel Liverpool,padel liverpool,padel Liverpool,2400,LOW,2,0.9289,0.3693,0.8968,2025-august:2400|2025-september:2400|2025-october:2400|2025-november:1600|2025-december:1300|2026-january:2900|2026-february:2400|2026-march:2400|2026-april:2900|2026-may:1900|2026-june:1600|2026-july:1600,explicit_city_query_under_uk_target,2026-09-03
Liverpool,Food and drink,Cooking classes,cooking classes Liverpool,cooking classes Liverpool,cooking classes liverpool,cooking classes Liverpool,720,HIGH,98,0.8264,0.2495,0.8480,2025-august:720|2025-september:720|2025-october:880|2025-november:1000|2025-december:1000|2026-january:880|2026-february:720|2026-march:590|2026-april:480|2026-may:480|2026-june:480|2026-july:480,explicit_city_query_under_uk_target,2026-09-03
Liverpool,Nature and animals,Nature walks,nature walks Liverpool,nature walks Liverpool,nature walks liverpool,nature walks Liverpool,50,LOW,14,0.1929,0.1070,1.2239,2025-august:50|2025-september:30|2025-october:20|2025-november:50|2025-december:30|2026-january:90|2026-february:30|2026-march:50|2026-april:50|2026-may:70|2026-june:30|2026-july:50,explicit_city_query_under_uk_target,2026-09-03
Liverpool,Performance and dance,Karaoke,karaoke Liverpool,karaoke Liverpool,karaoke liverpool,karaoke Liverpool,2400,LOW,24,0.4263,0.1867,0.7155,2025-august:2400|2025-september:2400|2025-october:2400|2025-november:2400|2025-december:2400|2026-january:2400|2026-february:2400|2026-march:1900|2026-april:1900|2026-may:1900|2026-june:1600|2026-july:1900,explicit_city_query_under_uk_target,2026-09-03
Liverpool,"Wellness, spa and retreats",Spa retreats,spa retreats Liverpool,spa retreats Liverpool,spa retreats liverpool,spa retreats Liverpool,40,HIGH,99,0.9189,0.2723,0.7418,2025-august:30|2025-september:50|2025-october:30|2025-november:50|2025-december:50|2026-january:40|2026-february:40|2026-march:30|2026-april:40|2026-may:20|2026-june:30|2026-july:20,explicit_city_query_under_uk_target,2026-09-03
Liverpool,Craft and making,General art workshops,art workshops Liverpool,art workshops Liverpool,art workshops liverpool,art workshops Liverpool,390,HIGH,78,1.5045,0.4950,1.5290,2025-august:320|2025-september:390|2025-october:390|2025-november:480|2025-december:320|2026-january:480|2026-february:390|2026-march:320|2026-april:320|2026-may:260|2026-june:260|2026-july:320,explicit_city_query_under_uk_target,2026-09-03
Liverpool,Craft and making,Sip and paint,sip and paint Liverpool,sip and paint Liverpool,sip and paint liverpool,sip and paint Liverpool,590,HIGH,100,1.2063,0.3398,1.2715,2025-august:480|2025-september:720|2025-october:720|2025-november:590|2025-december:480|2026-january:880|2026-february:880|2026-march:720|2026-april:590|2026-may:590|2026-june:590|2026-july:480,explicit_city_query_under_uk_target,2026-09-03
Sheffield,Competitive experiences,Darts,darts Sheffield,darts Sheffield,darts sheffield,darts Sheffield,1000,LOW,23,0.6677,0.3768,0.8562,2025-august:390|2025-september:480|2025-october:1000|2025-november:720|2025-december:1000|2026-january:1300|2026-february:1000|2026-march:880|2026-april:1000|2026-may:3600|2026-june:320|2026-july:260,explicit_city_query_under_uk_target,2026-09-03
Sheffield,Performance and dance,Line dancing,line dancing Sheffield,line dancing Sheffield,line dancing sheffield,line dancing Sheffield,210,LOW,2,0.8561,0.0000,0.0000,2025-august:210|2025-september:260|2025-october:260|2025-november:210|2025-december:140|2026-january:260|2026-february:260|2026-march:260|2026-april:210|2026-may:170|2026-june:210|2026-july:210,explicit_city_query_under_uk_target,2026-09-03
Sheffield,Performance and dance,Salsa classes,salsa classes Sheffield,salsa classes Sheffield,salsa classes sheffield,salsa classes Sheffield,170,LOW,2,0.0000,0.0000,0.0000,2025-august:140|2025-september:170|2025-october:210|2025-november:170|2025-december:140|2026-january:170|2026-february:210|2026-march:170|2026-april:140|2026-may:170|2026-june:110|2026-july:110,explicit_city_query_under_uk_target,2026-09-03
Sheffield,Tabletop and games,Board-game cafes,board game cafe Sheffield,board game cafe Sheffield,board game cafe sheffield,board game cafe Sheffield,1000,LOW,0,0.0000,0.0000,0.0000,2025-august:1000|2025-september:1000|2025-october:1300|2025-november:1000|2025-december:1000|2026-january:1600|2026-february:1600|2026-march:1000|2026-april:880|2026-may:880|2026-june:720|2026-july:720,explicit_city_query_under_uk_target,2026-09-03
Sheffield,Craft and making,Pottery painting,pottery painting Sheffield,pottery painting Sheffield,pottery painting sheffield,pottery painting Sheffield,2400,LOW,3,0.4212,0.3732,2.4437,2025-august:2400|2025-september:2400|2025-october:2400|2025-november:2400|2025-december:1600|2026-january:2900|2026-february:3600|2026-march:2900|2026-april:1900|2026-may:1600|2026-june:1300|2026-july:1900,explicit_city_query_under_uk_target,2026-09-03
Sheffield,Craft and making,Pottery classes,pottery classes Sheffield,pottery classes Sheffield,pottery classes sheffield,pottery classes Sheffield,590,HIGH,96,0.9328,0.2999,1.1117,2025-august:590|2025-september:590|2025-october:590|2025-november:720|2025-december:880|2026-january:1000|2026-february:880|2026-march:720|2026-april:390|2026-may:480|2026-june:480|2026-july:480,explicit_city_query_under_uk_target,2026-09-03
Sheffield,Tabletop and games,Dungeons & Dragons,dungeons and dragons Sheffield,dungeons and dragons Sheffield,dungeons and dragons sheffield,dungeons and dragons Sheffield,30,LOW,0,0.0000,0.0000,0.0000,2025-august:30|2025-september:30|2025-october:30|2025-november:20|2025-december:40|2026-january:50|2026-february:40|2026-march:20|2026-april:20|2026-may:20|2026-june:30|2026-july:30,explicit_city_query_under_uk_target,2026-09-03
Sheffield,Craft and making,Sewing classes,sewing classes Sheffield,sewing classes Sheffield,sewing classes sheffield,sewing classes Sheffield,170,LOW,16,0.4493,0.2373,0.9030,2025-august:170|2025-september:170|2025-october:170|2025-november:170|2025-december:140|2026-january:210|2026-february:110|2026-march:140|2026-april:140|2026-may:110|2026-june:170|2026-july:170,explicit_city_query_under_uk_target,2026-09-03
Sheffield,Food and drink,Wine tasting,wine tasting Sheffield,wine tasting Sheffield,wine tasting sheffield,wine tasting Sheffield,390,HIGH,99,0.4775,0.2963,0.6405,2025-august:390|2025-september:480|2025-october:480|2025-november:480|2025-december:590|2026-january:480|2026-february:260|2026-march:390|2026-april:320|2026-may:320|2026-june:320|2026-july:390,explicit_city_query_under_uk_target,2026-09-03
Sheffield,Performance and dance,Acting classes,acting classes Sheffield,acting classes Sheffield,acting classes sheffield,acting classes Sheffield,210,LOW,23,1.6466,0.4892,1.5918,2025-august:210|2025-september:320|2025-october:260|2025-november:210|2025-december:260|2026-january:390|2026-february:210|2026-march:210|2026-april:170|2026-may:140|2026-june:210|2026-july:140,explicit_city_query_under_uk_target,2026-09-03
Sheffield,Tabletop and games,Quiz nights,quiz night Sheffield,quiz night Sheffield,quiz night sheffield,quiz night Sheffield,720,LOW,1,3.5262,0.0000,0.0000,2025-august:720|2025-september:880|2025-october:880|2025-november:720|2025-december:590|2026-january:720|2026-february:880|2026-march:880|2026-april:720|2026-may:720|2026-june:480|2026-july:480,explicit_city_query_under_uk_target,2026-09-03
Sheffield,Racket and team sport,Netball,netball clubs Sheffield,netball clubs Sheffield,netball clubs sheffield,netball clubs Sheffield,30,LOW,3,0.7306,0.0000,0.0000,2025-august:20|2025-september:50|2025-october:50|2025-november:30|2025-december:20|2026-january:30|2026-february:40|2026-march:40|2026-april:20|2026-may:20|2026-june:20|2026-july:20,explicit_city_query_under_uk_target,2026-09-03
Sheffield,Outdoor and endurance,Running clubs,running clubs Sheffield,running clubs Sheffield,running clubs sheffield,running clubs Sheffield,320,LOW,3,8.2897,0.6179,4.0693,2025-august:320|2025-september:390|2025-october:390|2025-november:260|2025-december:260|2026-january:320|2026-february:260|2026-march:320|2026-april:320|2026-may:260|2026-june:260|2026-july:210,explicit_city_query_under_uk_target,2026-09-03
Sheffield,Tabletop and games,Chess clubs,chess club Sheffield,chess club Sheffield,chess club sheffield,chess club Sheffield,110,LOW,0,0.0000,0.0000,0.0000,2025-august:90|2025-september:110|2025-october:140|2025-november:110|2025-december:90|2026-january:140|2026-february:110|2026-march:90|2026-april:90|2026-may:90|2026-june:110|2026-july:90,explicit_city_query_under_uk_target,2026-09-03
Sheffield,Racket and team sport,Padel,padel Sheffield,padel Sheffield,padel sheffield,padel Sheffield,2900,LOW,1,0.4341,0.5788,14.8350,2025-august:2900|2025-september:4400|2025-october:3600|2025-november:2400|2025-december:1900|2026-january:2900|2026-february:2900|2026-march:2900|2026-april:2900|2026-may:2900|2026-june:2400|2026-july:2400,explicit_city_query_under_uk_target,2026-09-03
Sheffield,Food and drink,Cooking classes,cooking classes Sheffield,cooking classes Sheffield,cooking classes sheffield,cooking classes Sheffield,480,HIGH,92,0.6241,0.2559,0.8287,2025-august:390|2025-september:480|2025-october:590|2025-november:720|2025-december:880|2026-january:590|2026-february:480|2026-march:390|2026-april:320|2026-may:320|2026-june:390|2026-july:390,explicit_city_query_under_uk_target,2026-09-03
Sheffield,Nature and animals,Nature walks,nature walks Sheffield,nature walks Sheffield,nature walks sheffield,nature walks Sheffield,20,LOW,15,0.8469,0.1572,2.2401,2025-august:40|2025-september:30|2025-october:30|2025-november:30|2025-december:30|2026-january:20|2026-february:10|2026-march:10|2026-april:30|2026-may:20|2026-june:10|2026-july:20,explicit_city_query_under_uk_target,2026-09-03
Sheffield,Performance and dance,Karaoke,karaoke Sheffield,karaoke Sheffield,karaoke sheffield,karaoke Sheffield,1300,LOW,21,0.5134,0.2889,0.7930,2025-august:1600|2025-september:1300|2025-october:1600|2025-november:1600|2025-december:1600|2026-january:1300|2026-february:1300|2026-march:1300|2026-april:1300|2026-may:1300|2026-june:1000|2026-july:1000,explicit_city_query_under_uk_target,2026-09-03
Sheffield,Craft and making,General art workshops,art workshops Sheffield,art workshops Sheffield,art workshops sheffield,art workshops Sheffield,320,HIGH,80,0.7118,0.3185,1.2032,2025-august:320|2025-september:320|2025-october:390|2025-november:320|2025-december:260|2026-january:390|2026-february:320|2026-march:320|2026-april:260|2026-may:260|2026-june:260|2026-july:260,explicit_city_query_under_uk_target,2026-09-03
Sheffield,Craft and making,Sip and paint,sip and paint Sheffield,sip and paint Sheffield,sip and paint sheffield,sip and paint Sheffield,320,HIGH,97,0.6812,0.2724,0.7480,2025-august:260|2025-september:390|2025-october:320|2025-november:320|2025-december:320|2026-january:480|2026-february:390|2026-march:320|2026-april:260|2026-may:320|2026-june:320|2026-july:260,explicit_city_query_under_uk_target,2026-09-03
Newcastle,Competitive experiences,Darts,darts Newcastle,darts Newcastle,darts newcastle,darts Newcastle,1900,MEDIUM,53,0.7737,0.1868,0.8056,2025-august:720|2025-september:1000|2025-october:2400|2025-november:1600|2025-december:2400|2026-january:3600|2026-february:6600|2026-march:1000|2026-april:880|2026-may:720|2026-june:590|2026-july:590,explicit_city_query_under_uk_target,2026-09-03
Newcastle,Performance and dance,Line dancing,line dancing Newcastle,line dancing Newcastle,line dancing newcastle,line dancing Newcastle,210,LOW,26,2.1674,0.5513,2.4165,2025-august:170|2025-september:260|2025-october:260|2025-november:170|2025-december:170|2026-january:260|2026-february:210|2026-march:170|2026-april:210|2026-may:210|2026-june:170|2026-july:170,explicit_city_query_under_uk_target,2026-09-03
Newcastle,Performance and dance,Salsa classes,salsa classes Newcastle,salsa classes Newcastle,salsa classes newcastle,salsa classes Newcastle,90,LOW,10,1.1854,0.1147,1.4835,2025-august:90|2025-september:90|2025-october:90|2025-november:90|2025-december:70|2026-january:110|2026-february:110|2026-march:70|2026-april:70|2026-may:50|2026-june:50|2026-july:70,explicit_city_query_under_uk_target,2026-09-03
Newcastle,Tabletop and games,Board-game cafes,board game cafe Newcastle,board game cafe Newcastle,board game cafe newcastle,board game cafe Newcastle,170,LOW,1,0.0000,0.0000,0.0000,2025-august:210|2025-september:140|2025-october:170|2025-november:170|2025-december:170|2026-january:210|2026-february:170|2026-march:140|2026-april:140|2026-may:140|2026-june:140|2026-july:140,explicit_city_query_under_uk_target,2026-09-03
Newcastle,Craft and making,Pottery painting,pottery painting Newcastle,pottery painting Newcastle,pottery painting newcastle,pottery painting Newcastle,1900,LOW,10,0.1600,0.0894,0.9214,2025-august:1900|2025-september:1900|2025-october:2400|2025-november:1900|2025-december:1300|2026-january:2400|2026-february:2900|2026-march:1900|2026-april:1600|2026-may:1300|2026-june:1300|2026-july:1600,explicit_city_query_under_uk_target,2026-09-03
Newcastle,Craft and making,Pottery classes,pottery classes Newcastle,pottery classes Newcastle,pottery classes newcastle,pottery classes Newcastle,480,LOW,32,0.4267,0.2249,0.7824,2025-august:480|2025-september:590|2025-october:480|2025-november:590|2025-december:590|2026-january:880|2026-february:590|2026-march:590|2026-april:390|2026-may:320|2026-june:390|2026-july:320,explicit_city_query_under_uk_target,2026-09-03
Newcastle,Tabletop and games,Dungeons & Dragons,dungeons and dragons Newcastle,dungeons and dragons Newcastle,dungeons and dragons newcastle,dungeons and dragons Newcastle,20,LOW,0,0.0000,0.0000,0.0000,2025-august:20|2025-september:20|2025-october:20|2025-november:40|2025-december:30|2026-january:50|2026-february:20|2026-march:10|2026-april:20|2026-may:20|2026-june:20|2026-july:20,explicit_city_query_under_uk_target,2026-09-03
Newcastle,Craft and making,Sewing classes,sewing classes Newcastle,sewing classes Newcastle,sewing classes newcastle,sewing classes Newcastle,90,LOW,9,1.0160,0.3626,0.8484,2025-august:110|2025-september:90|2025-october:110|2025-november:90|2025-december:70|2026-january:110|2026-february:90|2026-march:70|2026-april:70|2026-may:70|2026-june:50|2026-july:90,explicit_city_query_under_uk_target,2026-09-03
Newcastle,Food and drink,Wine tasting,wine tasting Newcastle,wine tasting Newcastle,wine tasting newcastle,wine tasting Newcastle,720,HIGH,98,0.6294,0.4552,0.5894,2025-august:720|2025-september:720|2025-october:880|2025-november:1000|2025-december:1000|2026-january:880|2026-february:720|2026-march:880|2026-april:590|2026-may:590|2026-june:590|2026-july:480,explicit_city_query_under_uk_target,2026-09-03
Newcastle,Performance and dance,Acting classes,acting classes Newcastle,acting classes Newcastle,acting classes newcastle,acting classes Newcastle,170,MEDIUM,41,3.9442,0.6187,3.1654,2025-august:140|2025-september:170|2025-october:140|2025-november:140|2025-december:170|2026-january:320|2026-february:140|2026-march:140|2026-april:110|2026-may:140|2026-june:110|2026-july:90,explicit_city_query_under_uk_target,2026-09-03
Newcastle,Tabletop and games,Quiz nights,quiz night Newcastle,quiz night Newcastle,quiz night newcastle,quiz night Newcastle,30,LOW,1,0.0000,0.0000,0.0000,2025-august:40|2025-september:20|2025-october:50|2025-november:30|2025-december:30|2026-january:40|2026-february:30|2026-march:20|2026-april:30|2026-may:10|2026-june:30|2026-july:30,explicit_city_query_under_uk_target,2026-09-03
Newcastle,Racket and team sport,Volleyball,volleyball clubs Newcastle,volleyball clubs Newcastle,volleyball clubs newcastle,volleyball clubs Newcastle,10,LOW,0,0.0000,0.0000,0.0000,2025-august:10|2025-september:10|2025-october:10|2025-november:10|2025-december:10|2026-january:10|2026-february:10|2026-march:10|2026-april:10|2026-may:10|2026-june:10|2026-july:10,explicit_city_query_under_uk_target,2026-09-03
Newcastle,Racket and team sport,Netball,netball clubs Newcastle,netball clubs Newcastle,netball clubs newcastle,netball clubs Newcastle,20,LOW,0,0.0000,0.0000,0.0000,2025-august:30|2025-september:30|2025-october:50|2025-november:30|2025-december:10|2026-january:20|2026-february:20|2026-march:30|2026-april:30|2026-may:20|2026-june:20|2026-july:10,explicit_city_query_under_uk_target,2026-09-03
Newcastle,Outdoor and endurance,Running clubs,running clubs Newcastle,running clubs Newcastle,running clubs newcastle,running clubs Newcastle,260,LOW,4,1.0611,0.5987,1.1941,2025-august:210|2025-september:390|2025-october:320|2025-november:170|2025-december:210|2026-january:260|2026-february:260|2026-march:210|2026-april:260|2026-may:210|2026-june:210|2026-july:210,explicit_city_query_under_uk_target,2026-09-03
Newcastle,Tabletop and games,Chess clubs,chess club Newcastle,chess club Newcastle,chess club newcastle,chess club Newcastle,40,LOW,0,0.0000,0.0000,0.0000,2025-august:40|2025-september:40|2025-october:50|2025-november:50|2025-december:30|2026-january:40|2026-february:30|2026-march:30|2026-april:40|2026-may:40|2026-june:30|2026-july:20,explicit_city_query_under_uk_target,2026-09-03
Newcastle,"Wellness, spa and retreats",Yoga retreats,yoga retreats Newcastle,yoga retreats Newcastle,yoga retreats newcastle,yoga retreats Newcastle,20,LOW,30,0.6680,0.0000,0.0000,2025-august:10|2025-september:20|2025-october:20|2025-november:30|2025-december:20|2026-january:20|2026-february:10|2026-march:20|2026-april:10|2026-may:10|2026-june:10|2026-july:10,explicit_city_query_under_uk_target,2026-09-03
Newcastle,Racket and team sport,Padel,padel Newcastle,padel Newcastle,padel newcastle,padel Newcastle,1300,LOW,30,1.1853,0.9550,1.3406,2025-august:1600|2025-september:1600|2025-october:1300|2025-november:1000|2025-december:880|2026-january:1600|2026-february:1600|2026-march:1300|2026-april:1600|2026-may:1300|2026-june:1000|2026-july:1000,explicit_city_query_under_uk_target,2026-09-03
Newcastle,Food and drink,Cooking classes,cooking classes Newcastle,cooking classes Newcastle,cooking classes newcastle,cooking classes Newcastle,480,HIGH,93,0.5949,0.2861,0.6698,2025-august:390|2025-september:590|2025-october:590|2025-november:720|2025-december:880|2026-january:720|2026-february:590|2026-march:480|2026-april:320|2026-may:390|2026-june:390|2026-july:320,explicit_city_query_under_uk_target,2026-09-03
Newcastle,Nature and animals,Nature walks,nature walks Newcastle,nature walks Newcastle,nature walks newcastle,nature walks Newcastle,30,LOW,9,0.7704,0.0000,0.0000,2025-august:30|2025-september:30|2025-october:20|2025-november:10|2025-december:10|2026-january:20|2026-february:30|2026-march:40|2026-april:30|2026-may:40|2026-june:30|2026-july:20,explicit_city_query_under_uk_target,2026-09-03
Newcastle,Performance and dance,Karaoke,karaoke Newcastle,karaoke Newcastle,karaoke newcastle,karaoke Newcastle,1300,LOW,12,0.4340,0.2275,1.1418,2025-august:1300|2025-september:1300|2025-october:1600|2025-november:1300|2025-december:1300|2026-january:1300|2026-february:1300|2026-march:1300|2026-april:1300|2026-may:1300|2026-june:1000|2026-july:1000,explicit_city_query_under_uk_target,2026-09-03
Newcastle,"Wellness, spa and retreats",Spa retreats,spa retreats Newcastle,spa retreats Newcastle,spa retreats newcastle,spa retreats Newcastle,40,HIGH,100,0.5726,0.2217,0.6722,2025-august:50|2025-september:40|2025-october:40|2025-november:50|2025-december:40|2026-january:70|2026-february:50|2026-march:40|2026-april:20|2026-may:30|2026-june:30|2026-july:30,explicit_city_query_under_uk_target,2026-09-03
Newcastle,Craft and making,General art workshops,art workshops Newcastle,art workshops Newcastle,art workshops newcastle,art workshops Newcastle,30,MEDIUM,34,0.4631,0.0000,0.0000,2025-august:20|2025-september:30|2025-october:30|2025-november:50|2025-december:50|2026-january:40|2026-february:40|2026-march:40|2026-april:30|2026-may:40|2026-june:20|2026-july:20,explicit_city_query_under_uk_target,2026-09-03
Newcastle,Craft and making,Sip and paint,sip and paint Newcastle,sip and paint Newcastle,sip and paint newcastle,sip and paint Newcastle,320,HIGH,99,0.9233,0.3620,0.9121,2025-august:260|2025-september:260|2025-october:320|2025-november:260|2025-december:210|2026-january:390|2026-february:390|2026-march:320|2026-april:260|2026-may:260|2026-june:210|2026-july:260,explicit_city_query_under_uk_target,2026-09-03
Cardiff,Competitive experiences,Darts,darts Cardiff,darts Cardiff,darts cardiff,darts Cardiff,1600,MEDIUM,46,1.2366,0.4209,1.4031,2025-august:880|2025-september:1000|2025-october:1600|2025-november:1300|2025-december:1900|2026-january:1900|2026-february:1900|2026-march:5400|2026-april:720|2026-may:590|2026-june:480|2026-july:480,explicit_city_query_under_uk_target,2026-09-03
Cardiff,Performance and dance,Line dancing,line dancing Cardiff,line dancing Cardiff,line dancing cardiff,line dancing Cardiff,210,LOW,4,3.7948,0.7763,2.4913,2025-august:170|2025-september:390|2025-october:260|2025-november:170|2025-december:110|2026-january:260|2026-february:210|2026-march:210|2026-april:140|2026-may:140|2026-june:210|2026-july:110,explicit_city_query_under_uk_target,2026-09-03
Cardiff,Performance and dance,Salsa classes,salsa classes Cardiff,salsa classes Cardiff,salsa classes cardiff,salsa classes Cardiff,140,LOW,5,0.3064,0.0000,0.0000,2025-august:170|2025-september:140|2025-october:170|2025-november:140|2025-december:110|2026-january:210|2026-february:210|2026-march:140|2026-april:110|2026-may:110|2026-june:140|2026-july:140,explicit_city_query_under_uk_target,2026-09-03
Cardiff,Tabletop and games,Board-game cafes,board game cafe Cardiff,board game cafe Cardiff,board game cafe cardiff,board game cafe Cardiff,390,LOW,0,0.0000,0.0000,0.0000,2025-august:320|2025-september:390|2025-october:480|2025-november:320|2025-december:390|2026-january:480|2026-february:480|2026-march:390|2026-april:320|2026-may:320|2026-june:390|2026-july:210,explicit_city_query_under_uk_target,2026-09-03
Cardiff,Craft and making,Pottery painting,pottery painting Cardiff,pottery painting Cardiff,pottery painting cardiff,pottery painting Cardiff,1000,LOW,14,0.3079,0.1583,0.7760,2025-august:1300|2025-september:1000|2025-october:1300|2025-november:1000|2025-december:720|2026-january:1600|2026-february:1600|2026-march:1300|2026-april:880|2026-may:880|2026-june:880|2026-july:1000,explicit_city_query_under_uk_target,2026-09-03
Cardiff,Craft and making,Pottery classes,pottery classes Cardiff,pottery classes Cardiff,pottery classes cardiff,pottery classes Cardiff,720,HIGH,99,0.5572,0.1380,1.4159,2025-august:720|2025-september:880|2025-october:720|2025-november:880|2025-december:880|2026-january:1000|2026-february:880|2026-march:880|2026-april:480|2026-may:480|2026-june:480|2026-july:480,explicit_city_query_under_uk_target,2026-09-03
Cardiff,Tabletop and games,Dungeons & Dragons,dungeons and dragons Cardiff,dungeons and dragons Cardiff,dungeons and dragons cardiff,dungeons and dragons Cardiff,50,LOW,1,0.0287,0.0000,0.0000,2025-august:50|2025-september:50|2025-october:50|2025-november:70|2025-december:90|2026-january:110|2026-february:50|2026-march:40|2026-april:30|2026-may:20|2026-june:30|2026-july:40,explicit_city_query_under_uk_target,2026-09-03
Cardiff,Craft and making,Sewing classes,sewing classes Cardiff,sewing classes Cardiff,sewing classes cardiff,sewing classes Cardiff,170,LOW,27,0.5524,0.2761,1.4189,2025-august:170|2025-september:210|2025-october:210|2025-november:140|2025-december:140|2026-january:210|2026-february:140|2026-march:140|2026-april:140|2026-may:140|2026-june:140|2026-july:170,explicit_city_query_under_uk_target,2026-09-03
Cardiff,Food and drink,Wine tasting,wine tasting Cardiff,wine tasting Cardiff,wine tasting cardiff,wine tasting Cardiff,480,HIGH,95,0.4765,0.1462,0.5535,2025-august:480|2025-september:590|2025-october:590|2025-november:590|2025-december:720|2026-january:590|2026-february:480|2026-march:590|2026-april:480|2026-may:480|2026-june:390|2026-july:390,explicit_city_query_under_uk_target,2026-09-03
Cardiff,Performance and dance,Acting classes,acting classes Cardiff,acting classes Cardiff,acting classes cardiff,acting classes Cardiff,170,LOW,30,1.8526,0.4728,1.3252,2025-august:170|2025-september:210|2025-october:140|2025-november:170|2025-december:210|2026-january:320|2026-february:170|2026-march:170|2026-april:110|2026-may:170|2026-june:140|2026-july:140,explicit_city_query_under_uk_target,2026-09-03
Cardiff,Tabletop and games,Quiz nights,quiz night Cardiff,quiz night Cardiff,quiz night cardiff,quiz night Cardiff,390,LOW,2,0.4930,0.0000,0.0000,2025-august:390|2025-september:590|2025-october:590|2025-november:390|2025-december:320|2026-january:480|2026-february:390|2026-march:480|2026-april:390|2026-may:320|2026-june:320|2026-july:260,explicit_city_query_under_uk_target,2026-09-03
Cardiff,Racket and team sport,Netball,netball clubs Cardiff,netball clubs Cardiff,netball clubs cardiff,netball clubs Cardiff,70,LOW,4,0.9807,0.0000,0.0000,2025-august:50|2025-september:140|2025-october:110|2025-november:50|2025-december:50|2026-january:70|2026-february:40|2026-march:40|2026-april:40|2026-may:30|2026-june:40|2026-july:50,explicit_city_query_under_uk_target,2026-09-03
Cardiff,Outdoor and endurance,Running clubs,running clubs Cardiff,running clubs Cardiff,running clubs cardiff,running clubs Cardiff,210,LOW,3,0.4893,0.4858,1.4034,2025-august:260|2025-september:260|2025-october:390|2025-november:170|2025-december:170|2026-january:260|2026-february:170|2026-march:260|2026-april:170|2026-may:210|2026-june:140|2026-july:170,explicit_city_query_under_uk_target,2026-09-03
Cardiff,Tabletop and games,Chess clubs,chess club Cardiff,chess club Cardiff,chess club cardiff,chess club Cardiff,170,LOW,0,0.0000,0.0000,0.0000,2025-august:170|2025-september:170|2025-october:170|2025-november:140|2025-december:90|2026-january:140|2026-february:170|2026-march:140|2026-april:210|2026-may:210|2026-june:140|2026-july:140,explicit_city_query_under_uk_target,2026-09-03
Cardiff,Racket and team sport,Padel,padel Cardiff,padel Cardiff,padel cardiff,padel Cardiff,2400,LOW,25,0.3694,0.1798,0.4196,2025-august:2400|2025-september:2900|2025-october:2400|2025-november:1900|2025-december:1600|2026-january:2900|2026-february:2900|2026-march:4400|2026-april:3600|2026-may:2400|2026-june:1900|2026-july:1600,explicit_city_query_under_uk_target,2026-09-03
Cardiff,Food and drink,Cooking classes,cooking classes Cardiff,cooking classes Cardiff,cooking classes cardiff,cooking classes Cardiff,480,HIGH,100,0.8241,0.2483,1.2031,2025-august:480|2025-september:590|2025-october:590|2025-november:720|2025-december:880|2026-january:590|2026-february:480|2026-march:480|2026-april:390|2026-may:320|2026-june:320|2026-july:320,explicit_city_query_under_uk_target,2026-09-03
Cardiff,Nature and animals,Nature walks,nature walks Cardiff,nature walks Cardiff,nature walks cardiff,nature walks Cardiff,30,LOW,12,0.4062,0.0975,1.0459,2025-august:50|2025-september:20|2025-october:20|2025-november:10|2025-december:20|2026-january:40|2026-february:30|2026-march:40|2026-april:30|2026-may:10|2026-june:30|2026-july:50,explicit_city_query_under_uk_target,2026-09-03
Cardiff,Performance and dance,Karaoke,karaoke Cardiff,karaoke Cardiff,karaoke cardiff,karaoke Cardiff,1600,LOW,33,0.8309,0.2971,0.8809,2025-august:1900|2025-september:1600|2025-october:1900|2025-november:1900|2025-december:1600|2026-january:1600|2026-february:1600|2026-march:1600|2026-april:1600|2026-may:1600|2026-june:1600|2026-july:1600,explicit_city_query_under_uk_target,2026-09-03
Cardiff,Craft and making,General art workshops,art workshops Cardiff,art workshops Cardiff,art workshops cardiff,art workshops Cardiff,50,HIGH,92,0.2700,0.3662,1.8065,2025-august:70|2025-september:50|2025-october:50|2025-november:70|2025-december:40|2026-january:70|2026-february:70|2026-march:40|2026-april:20|2026-may:50|2026-june:50|2026-july:50,explicit_city_query_under_uk_target,2026-09-03
Cardiff,Craft and making,Sip and paint,sip and paint Cardiff,sip and paint Cardiff,sip and paint cardiff,sip and paint Cardiff,320,HIGH,100,0.9582,0.3693,0.9297,2025-august:260|2025-september:320|2025-october:320|2025-november:260|2025-december:260|2026-january:390|2026-february:390|2026-march:390|2026-april:320|2026-may:320|2026-june:320|2026-july:260,explicit_city_query_under_uk_target,2026-09-03
Belfast,Competitive experiences,Darts,darts Belfast,darts Belfast,darts belfast,darts Belfast,1300,LOW,16,1.0118,0.2559,0.8018,2025-august:480|2025-september:720|2025-october:1900|2025-november:1000|2025-december:1600|2026-january:2400|2026-february:6600|2026-march:880|2026-april:590|2026-may:390|2026-june:320|2026-july:320,explicit_city_query_under_uk_target,2026-09-03
Belfast,Performance and dance,Line dancing,line dancing Belfast,line dancing Belfast,line dancing belfast,line dancing Belfast,110,LOW,11,0.8344,0.3085,1.0643,2025-august:140|2025-september:140|2025-october:140|2025-november:70|2025-december:50|2026-january:110|2026-february:140|2026-march:140|2026-april:140|2026-may:110|2026-june:110|2026-july:90,explicit_city_query_under_uk_target,2026-09-03
Belfast,Performance and dance,Salsa classes,salsa classes Belfast,salsa classes Belfast,salsa classes belfast,salsa classes Belfast,90,LOW,4,0.5558,0.0000,0.0000,2025-august:70|2025-september:90|2025-october:140|2025-november:70|2025-december:90|2026-january:90|2026-february:90|2026-march:70|2026-april:70|2026-may:70|2026-june:70|2026-july:70,explicit_city_query_under_uk_target,2026-09-03
Belfast,Tabletop and games,Board-game cafes,board game cafe Belfast,board game cafe Belfast,board game cafe belfast,board game cafe Belfast,90,LOW,1,0.0138,0.0000,0.0000,2025-august:110|2025-september:90|2025-october:110|2025-november:90|2025-december:90|2026-january:140|2026-february:110|2026-march:110|2026-april:90|2026-may:70|2026-june:70|2026-july:90,explicit_city_query_under_uk_target,2026-09-03
Belfast,Craft and making,Pottery painting,pottery painting Belfast,pottery painting Belfast,pottery painting belfast,pottery painting Belfast,880,LOW,1,0.9363,0.7123,1.4392,2025-august:1000|2025-september:880|2025-october:1000|2025-november:880|2025-december:720|2026-january:1000|2026-february:1000|2026-march:880|2026-april:880|2026-may:720|2026-june:720|2026-july:880,explicit_city_query_under_uk_target,2026-09-03
Belfast,Craft and making,Pottery classes,pottery classes Belfast,pottery classes Belfast,pottery classes belfast,pottery classes Belfast,390,LOW,5,0.7258,0.4666,1.4689,2025-august:390|2025-september:390|2025-october:320|2025-november:390|2025-december:480|2026-january:590|2026-february:390|2026-march:390|2026-april:320|2026-may:260|2026-june:320|2026-july:260,explicit_city_query_under_uk_target,2026-09-03
Belfast,Tabletop and games,Dungeons & Dragons,dungeons and dragons Belfast,dungeons and dragons Belfast,dungeons and dragons belfast,dungeons and dragons Belfast,50,LOW,0,0.0000,0.0000,0.0000,2025-august:70|2025-september:40|2025-october:50|2025-november:90|2025-december:90|2026-january:70|2026-february:40|2026-march:40|2026-april:40|2026-may:30|2026-june:40|2026-july:40,explicit_city_query_under_uk_target,2026-09-03
Belfast,Craft and making,Sewing classes,sewing classes Belfast,sewing classes Belfast,sewing classes belfast,sewing classes Belfast,170,LOW,1,0.2378,0.0000,0.0000,2025-august:210|2025-september:170|2025-october:140|2025-november:140|2025-december:140|2026-january:210|2026-february:110|2026-march:170|2026-april:110|2026-may:110|2026-june:110|2026-july:170,explicit_city_query_under_uk_target,2026-09-03
Belfast,Food and drink,Wine tasting,wine tasting Belfast,wine tasting Belfast,wine tasting belfast,wine tasting Belfast,480,HIGH,100,0.5643,0.3119,0.9118,2025-august:320|2025-september:480|2025-october:480|2025-november:590|2025-december:720|2026-january:480|2026-february:390|2026-march:480|2026-april:390|2026-may:480|2026-june:390|2026-july:320,explicit_city_query_under_uk_target,2026-09-03
Belfast,Performance and dance,Acting classes,acting classes Belfast,acting classes Belfast,acting classes belfast,acting classes Belfast,210,LOW,7,2.9123,0.3616,0.5464,2025-august:210|2025-september:260|2025-october:210|2025-november:210|2025-december:210|2026-january:390|2026-february:210|2026-march:210|2026-april:210|2026-may:170|2026-june:140|2026-july:170,explicit_city_query_under_uk_target,2026-09-03
Belfast,Tabletop and games,Quiz nights,quiz night Belfast,quiz night Belfast,quiz night belfast,quiz night Belfast,390,LOW,2,0.7954,0.0000,0.0000,2025-august:480|2025-september:480|2025-october:590|2025-november:390|2025-december:320|2026-january:390|2026-february:390|2026-march:320|2026-april:320|2026-may:260|2026-june:320|2026-july:320,explicit_city_query_under_uk_target,2026-09-03
Belfast,Racket and team sport,Netball,netball clubs Belfast,netball clubs Belfast,netball clubs belfast,netball clubs Belfast,20,LOW,0,0.0000,0.0000,0.0000,2025-august:20|2025-september:40|2025-october:20|2025-november:10|2025-december:10|2026-january:20|2026-february:10|2026-march:20|2026-april:10|2026-may:10|2026-june:10|2026-july:10,explicit_city_query_under_uk_target,2026-09-03
Belfast,Outdoor and endurance,Running clubs,running clubs Belfast,running clubs Belfast,running clubs belfast,running clubs Belfast,260,LOW,1,0.7963,0.0000,0.0000,2025-august:320|2025-september:320|2025-october:320|2025-november:260|2025-december:170|2026-january:210|2026-february:210|2026-march:260|2026-april:260|2026-may:320|2026-june:170|2026-july:170,explicit_city_query_under_uk_target,2026-09-03
Belfast,Tabletop and games,Chess clubs,chess club Belfast,chess club Belfast,chess club belfast,chess club Belfast,40,LOW,0,0.0000,0.0000,0.0000,2025-august:50|2025-september:50|2025-october:40|2025-november:40|2025-december:40|2026-january:50|2026-february:50|2026-march:40|2026-april:30|2026-may:40|2026-june:50|2026-july:40,explicit_city_query_under_uk_target,2026-09-03
Belfast,Racket and team sport,Padel,padel Belfast,padel Belfast,padel belfast,padel Belfast,1300,LOW,2,0.2537,0.5345,1.1484,2025-august:1000|2025-september:1000|2025-october:1300|2025-november:1300|2025-december:1000|2026-january:1900|2026-february:1600|2026-march:1300|2026-april:1600|2026-may:1000|2026-june:1000|2026-july:1300,explicit_city_query_under_uk_target,2026-09-03
Belfast,Food and drink,Cooking classes,cooking classes Belfast,cooking classes Belfast,cooking classes belfast,cooking classes Belfast,590,LOW,10,1.6500,0.1950,1.2952,2025-august:390|2025-september:590|2025-october:590|2025-november:880|2025-december:1000|2026-january:720|2026-february:480|2026-march:480|2026-april:390|2026-may:390|2026-june:390|2026-july:320,explicit_city_query_under_uk_target,2026-09-03
Belfast,Nature and animals,Nature walks,nature walks Belfast,nature walks Belfast,nature walks belfast,nature walks Belfast,20,LOW,12,1.0471,0.3163,1.4359,2025-august:10|2025-september:10|2025-october:20|2025-november:10|2025-december:20|2026-january:10|2026-february:20|2026-march:20|2026-april:30|2026-may:20|2026-june:20|2026-july:30,explicit_city_query_under_uk_target,2026-09-03
Belfast,Social and relationship,Speed dating,speed dating Belfast,speed dating Belfast,speed dating belfast,speed dating Belfast,880,LOW,11,2.4258,0.7658,2.9562,2025-august:1000|2025-september:880|2025-october:1000|2025-november:720|2025-december:720|2026-january:1000|2026-february:720|2026-march:720|2026-april:720|2026-may:720|2026-june:720|2026-july:720,explicit_city_query_under_uk_target,2026-09-03
Belfast,Performance and dance,Karaoke,karaoke Belfast,karaoke Belfast,karaoke belfast,karaoke Belfast,1600,LOW,28,0.6737,0.2834,0.5369,2025-august:1000|2025-september:1600|2025-october:1600|2025-november:1600|2025-december:1600|2026-january:1600|2026-february:1300|2026-march:1600|2026-april:1600|2026-may:1600|2026-june:1300|2026-july:1000,explicit_city_query_under_uk_target,2026-09-03
Belfast,Craft and making,General art workshops,art workshops Belfast,art workshops Belfast,art workshops belfast,art workshops Belfast,170,LOW,12,1.0512,0.3984,1.1869,2025-august:210|2025-september:260|2025-october:170|2025-november:170|2025-december:170|2026-january:260|2026-february:170|2026-march:140|2026-april:140|2026-may:140|2026-june:170|2026-july:140,explicit_city_query_under_uk_target,2026-09-03
Birmingham,"Wellness, spa and retreats",Yoga retreats,yoga retreats Birmingham,yoga retreats Birmingham,yoga retreats birmingham,yoga retreats Birmingham,0,UNSPECIFIED,0,0.0000,0.0000,0.0000,,explicit_city_query_under_uk_target,2026-09-03
Birmingham,Social and relationship,Speed dating,speed dating Birmingham,speed dating Birmingham,speed dating birmingham,speed dating Birmingham,0,UNSPECIFIED,0,0.0000,0.0000,0.0000,,explicit_city_query_under_uk_target,2026-09-03
Manchester,"Wellness, spa and retreats",Yoga retreats,yoga retreats Manchester,yoga retreats Manchester,yoga retreats manchester,yoga retreats Manchester,0,UNSPECIFIED,0,0.0000,0.0000,0.0000,,explicit_city_query_under_uk_target,2026-09-03
Manchester,Social and relationship,Speed dating,speed dating Manchester,speed dating Manchester,speed dating manchester,speed dating Manchester,0,UNSPECIFIED,0,0.0000,0.0000,0.0000,,explicit_city_query_under_uk_target,2026-09-03
Leeds,Racket and team sport,Volleyball,volleyball clubs Leeds,volleyball clubs Leeds,volleyball clubs leeds,volleyball clubs Leeds,50,LOW,0,0.0000,0.0000,0.0000,2025-august:20|2025-september:40|2025-october:40|2025-november:70|2025-december:40|2026-january:90|2026-february:50|2026-march:50|2026-april:50|2026-may:50|2026-june:30|2026-july:50,explicit_city_query_under_uk_target,2026-09-03
Leeds,"Wellness, spa and retreats",Yoga retreats,yoga retreats Leeds,yoga retreats Leeds,yoga retreats leeds,yoga retreats Leeds,0,UNSPECIFIED,0,0.0000,0.0000,0.0000,,explicit_city_query_under_uk_target,2026-09-03
Leeds,Social and relationship,Speed dating,speed dating Leeds,speed dating Leeds,speed dating leeds,speed dating Leeds,0,UNSPECIFIED,0,0.0000,0.0000,0.0000,,explicit_city_query_under_uk_target,2026-09-03
Leeds,"Wellness, spa and retreats",Spa retreats,spa retreats Leeds,spa retreats Leeds,spa retreats leeds,spa retreats Leeds,0,UNSPECIFIED,0,0.0000,0.0000,0.0000,,explicit_city_query_under_uk_target,2026-09-03
Bristol,Racket and team sport,Volleyball,volleyball clubs Bristol,volleyball clubs Bristol,volleyball clubs bristol,volleyball clubs Bristol,260,LOW,1,0.0000,0.0000,0.0000,2025-august:210|2025-september:480|2025-october:390|2025-november:320|2025-december:170|2026-january:260|2026-february:210|2026-march:170|2026-april:170|2026-may:170|2026-june:210|2026-july:260,explicit_city_query_under_uk_target,2026-09-03
Bristol,Social and relationship,Speed dating,speed dating Bristol,speed dating Bristol,speed dating bristol,speed dating Bristol,0,UNSPECIFIED,0,0.0000,0.0000,0.0000,,explicit_city_query_under_uk_target,2026-09-03
Bristol,"Wellness, spa and retreats",Spa retreats,spa retreats Bristol,spa retreats Bristol,spa retreats bristol,spa retreats Bristol,0,UNSPECIFIED,0,0.0000,0.0000,0.0000,,explicit_city_query_under_uk_target,2026-09-03
Nottingham,Racket and team sport,Volleyball,volleyball clubs Nottingham,volleyball clubs Nottingham,volleyball clubs nottingham,volleyball clubs Nottingham,0,UNSPECIFIED,0,0.0000,0.0000,0.0000,,explicit_city_query_under_uk_target,2026-09-03
Nottingham,"Wellness, spa and retreats",Yoga retreats,yoga retreats Nottingham,yoga retreats Nottingham,yoga retreats nottingham,yoga retreats Nottingham,0,UNSPECIFIED,0,0.0000,0.0000,0.0000,,explicit_city_query_under_uk_target,2026-09-03
Nottingham,Social and relationship,Speed dating,speed dating Nottingham,speed dating Nottingham,speed dating nottingham,speed dating Nottingham,0,UNSPECIFIED,0,0.0000,0.0000,0.0000,,explicit_city_query_under_uk_target,2026-09-03
Nottingham,"Wellness, spa and retreats",Spa retreats,spa retreats Nottingham,spa retreats Nottingham,spa retreats nottingham,spa retreats Nottingham,0,UNSPECIFIED,0,0.0000,0.0000,0.0000,,explicit_city_query_under_uk_target,2026-09-03
Southampton,Tabletop and games,Quiz nights,quiz night Southampton,quiz night Southampton,quiz night southampton,quiz night Southampton,10,LOW,10,0.0000,0.0000,0.0000,2025-august:10|2025-september:20|2025-october:20|2025-november:10|2025-december:10|2026-january:20|2026-february:20|2026-march:20|2026-april:20|2026-may:10|2026-june:10|2026-july:10,explicit_city_query_under_uk_target,2026-09-03
Southampton,Racket and team sport,Volleyball,volleyball clubs Southampton,volleyball clubs Southampton,volleyball clubs southampton,volleyball clubs Southampton,0,UNSPECIFIED,0,0.0000,0.0000,0.0000,,explicit_city_query_under_uk_target,2026-09-03
Southampton,Tabletop and games,Chess clubs,chess club Southampton,chess club Southampton,chess club southampton,chess club Southampton,20,LOW,0,0.0000,0.0000,0.0000,2025-august:20|2025-september:20|2025-october:30|2025-november:20|2025-december:20|2026-january:30|2026-february:30|2026-march:30|2026-april:30|2026-may:30|2026-june:20|2026-july:10,explicit_city_query_under_uk_target,2026-09-03
Southampton,"Wellness, spa and retreats",Yoga retreats,yoga retreats Southampton,yoga retreats Southampton,yoga retreats southampton,yoga retreats Southampton,0,UNSPECIFIED,0,0.0000,0.0000,0.0000,,explicit_city_query_under_uk_target,2026-09-03
Southampton,Nature and animals,Nature walks,nature walks Southampton,nature walks Southampton,nature walks southampton,nature walks Southampton,0,UNSPECIFIED,0,0.0000,0.0000,0.0000,,explicit_city_query_under_uk_target,2026-09-03
Southampton,Social and relationship,Speed dating,speed dating Southampton,speed dating Southampton,speed dating southampton,speed dating Southampton,0,UNSPECIFIED,0,0.0000,0.0000,0.0000,,explicit_city_query_under_uk_target,2026-09-03
Southampton,"Wellness, spa and retreats",Spa retreats,spa retreats Southampton,spa retreats Southampton,spa retreats southampton,spa retreats Southampton,0,UNSPECIFIED,0,0.0000,0.0000,0.0000,,explicit_city_query_under_uk_target,2026-09-03
Reading,Tabletop and games,Quiz nights,quiz night Reading,quiz night Reading,quiz night reading,quiz night Reading,0,UNSPECIFIED,0,0.0000,0.0000,0.0000,,explicit_city_query_under_uk_target,2026-09-03
Reading,Racket and team sport,Volleyball,volleyball clubs Reading,volleyball clubs Reading,volleyball clubs reading,volleyball clubs Reading,0,UNSPECIFIED,0,0.0000,0.0000,0.0000,,explicit_city_query_under_uk_target,2026-09-03
Reading,"Wellness, spa and retreats",Yoga retreats,yoga retreats Reading,yoga retreats Reading,yoga retreats reading,yoga retreats Reading,0,UNSPECIFIED,0,0.0000,0.0000,0.0000,,explicit_city_query_under_uk_target,2026-09-03
Reading,Nature and animals,Nature walks,nature walks Reading,nature walks Reading,nature walks reading,nature walks Reading,0,UNSPECIFIED,0,0.0000,0.0000,0.0000,,explicit_city_query_under_uk_target,2026-09-03
Reading,Social and relationship,Speed dating,speed dating Reading,speed dating Reading,speed dating reading,speed dating Reading,0,UNSPECIFIED,0,0.0000,0.0000,0.0000,,explicit_city_query_under_uk_target,2026-09-03
Reading,"Wellness, spa and retreats",Spa retreats,spa retreats Reading,spa retreats Reading,spa retreats reading,spa retreats Reading,0,UNSPECIFIED,0,0.0000,0.0000,0.0000,,explicit_city_query_under_uk_target,2026-09-03
Reading,Craft and making,General art workshops,art workshops Reading,art workshops Reading,art workshops reading,art workshops Reading,0,UNSPECIFIED,0,0.0000,0.0000,0.0000,,explicit_city_query_under_uk_target,2026-09-03
Reading,Craft and making,Sip and paint,sip and paint Reading,sip and paint Reading,sip and paint reading,sip and paint Reading,110,HIGH,92,0.3858,0.0953,0.6240,2025-august:90|2025-september:110|2025-october:110|2025-november:110|2025-december:90|2026-january:140|2026-february:110|2026-march:140|2026-april:110|2026-may:90|2026-june:90|2026-july:90,explicit_city_query_under_uk_target,2026-09-03
Edinburgh,"Wellness, spa and retreats",Yoga retreats,yoga retreats Edinburgh,yoga retreats Edinburgh,yoga retreats edinburgh,yoga retreats Edinburgh,0,UNSPECIFIED,0,0.0000,0.0000,0.0000,,explicit_city_query_under_uk_target,2026-09-03
Edinburgh,Social and relationship,Speed dating,speed dating Edinburgh,speed dating Edinburgh,speed dating edinburgh,speed dating Edinburgh,0,UNSPECIFIED,0,0.0000,0.0000,0.0000,,explicit_city_query_under_uk_target,2026-09-03
Edinburgh,"Wellness, spa and retreats",Spa retreats,spa retreats Edinburgh,spa retreats Edinburgh,spa retreats edinburgh,spa retreats Edinburgh,0,UNSPECIFIED,0,0.0000,0.0000,0.0000,,explicit_city_query_under_uk_target,2026-09-03
Glasgow,"Wellness, spa and retreats",Yoga retreats,yoga retreats Glasgow,yoga retreats Glasgow,yoga retreats glasgow,yoga retreats Glasgow,0,UNSPECIFIED,0,0.0000,0.0000,0.0000,,explicit_city_query_under_uk_target,2026-09-03
Glasgow,Social and relationship,Speed dating,speed dating Glasgow,speed dating Glasgow,speed dating glasgow,speed dating Glasgow,0,UNSPECIFIED,0,0.0000,0.0000,0.0000,,explicit_city_query_under_uk_target,2026-09-03
Glasgow,"Wellness, spa and retreats",Spa retreats,spa retreats Glasgow,spa retreats Glasgow,spa retreats glasgow,spa retreats Glasgow,0,UNSPECIFIED,0,0.0000,0.0000,0.0000,,explicit_city_query_under_uk_target,2026-09-03
Liverpool,Social and relationship,Speed dating,speed dating Liverpool,speed dating Liverpool,speed dating liverpool,speed dating Liverpool,0,UNSPECIFIED,0,0.0000,0.0000,0.0000,,explicit_city_query_under_uk_target,2026-09-03
Sheffield,Racket and team sport,Volleyball,volleyball clubs Sheffield,volleyball clubs Sheffield,volleyball clubs sheffield,volleyball clubs Sheffield,0,UNSPECIFIED,0,0.0000,0.0000,0.0000,,explicit_city_query_under_uk_target,2026-09-03
Sheffield,"Wellness, spa and retreats",Yoga retreats,yoga retreats Sheffield,yoga retreats Sheffield,yoga retreats sheffield,yoga retreats Sheffield,0,UNSPECIFIED,0,0.0000,0.0000,0.0000,,explicit_city_query_under_uk_target,2026-09-03
Sheffield,Social and relationship,Speed dating,speed dating Sheffield,speed dating Sheffield,speed dating sheffield,speed dating Sheffield,0,UNSPECIFIED,0,0.0000,0.0000,0.0000,,explicit_city_query_under_uk_target,2026-09-03
Sheffield,"Wellness, spa and retreats",Spa retreats,spa retreats Sheffield,spa retreats Sheffield,spa retreats sheffield,spa retreats Sheffield,0,UNSPECIFIED,0,0.0000,0.0000,0.0000,,explicit_city_query_under_uk_target,2026-09-03
Newcastle,Social and relationship,Speed dating,speed dating Newcastle,speed dating Newcastle,speed dating newcastle,speed dating Newcastle,0,UNSPECIFIED,0,0.0000,0.0000,0.0000,,explicit_city_query_under_uk_target,2026-09-03
Cardiff,Racket and team sport,Volleyball,volleyball clubs Cardiff,volleyball clubs Cardiff,volleyball clubs cardiff,volleyball clubs Cardiff,0,UNSPECIFIED,0,0.0000,0.0000,0.0000,,explicit_city_query_under_uk_target,2026-09-03
Cardiff,"Wellness, spa and retreats",Yoga retreats,yoga retreats Cardiff,yoga retreats Cardiff,yoga retreats cardiff,yoga retreats Cardiff,0,UNSPECIFIED,0,0.0000,0.0000,0.0000,,explicit_city_query_under_uk_target,2026-09-03
Cardiff,Social and relationship,Speed dating,speed dating Cardiff,speed dating Cardiff,speed dating cardiff,speed dating Cardiff,0,UNSPECIFIED,0,0.0000,0.0000,0.0000,,explicit_city_query_under_uk_target,2026-09-03
Cardiff,"Wellness, spa and retreats",Spa retreats,spa retreats Cardiff,spa retreats Cardiff,spa retreats cardiff,spa retreats Cardiff,0,UNSPECIFIED,0,0.0000,0.0000,0.0000,,explicit_city_query_under_uk_target,2026-09-03
Belfast,Racket and team sport,Volleyball,volleyball clubs Belfast,volleyball clubs Belfast,volleyball clubs belfast,volleyball clubs Belfast,0,UNSPECIFIED,0,0.0000,0.0000,0.0000,,explicit_city_query_under_uk_target,2026-09-03
Belfast,"Wellness, spa and retreats",Yoga retreats,yoga retreats Belfast,yoga retreats Belfast,yoga retreats belfast,yoga retreats Belfast,0,UNSPECIFIED,0,0.0000,0.0000,0.0000,,explicit_city_query_under_uk_target,2026-09-03
Belfast,"Wellness, spa and retreats",Spa retreats,spa retreats Belfast,spa retreats Belfast,spa retreats belfast,spa retreats Belfast,0,UNSPECIFIED,0,0.0000,0.0000,0.0000,,explicit_city_query_under_uk_target,2026-09-03
Belfast,Craft and making,Sip and paint,sip and paint Belfast,sip and paint Belfast,sip and paint belfast,sip and paint Belfast,140,MEDIUM,43,1.0585,0.2747,0.8142,2025-august:140|2025-september:170|2025-october:140|2025-november:140|2025-december:140|2026-january:210|2026-february:170|2026-march:210|2026-april:140|2026-may:110|2026-june:140|2026-july:110,explicit_city_query_under_uk_target,2026-09-03
