returned_keyword,close_variants,matched_submitted_keywords,matched_formats,average_monthly_searches,competition,competition_index,average_cpc_gbp,low_top_of_page_gbp,high_top_of_page_gbp,monthly_search_volumes,geography,geo_criterion,language,language_criterion,network,observed_at,interpretation
bowling near me,,bowling near me,Competitive experiences: Bowling,110000,LOW,27,0.4499,0.2597,1.0473,2025-august:165000|2025-september:110000|2025-october:135000|2025-november:110000|2025-december:110000|2026-january:135000|2026-february:135000|2026-march:110000|2026-april:110000|2026-may:90500|2026-june:74000|2026-july:74000,United Kingdom,2826,English,1000,Google Search,2026-09-03,Rounded historical demand signal; not obtainable traffic or market size
sauna near me,,sauna near me,Fitness and mind-body: Sauna sessions,90500,MEDIUM,34,0.5703,0.4850,1.6436,2025-august:60500|2025-september:74000|2025-october:90500|2025-november:90500|2025-december:90500|2026-january:110000|2026-february:90500|2026-march:90500|2026-april:90500|2026-may:90500|2026-june:74000|2026-july:60500,United Kingdom,2826,English,1000,Google Search,2026-09-03,Rounded historical demand signal; not obtainable traffic or market size
pilates near me,,pilates near me,Fitness and mind-body: Pilates classes,74000,MEDIUM,48,1.1227,0.5417,1.6331,2025-august:74000|2025-september:74000|2025-october:74000|2025-november:60500|2025-december:49500|2026-january:90500|2026-february:74000|2026-march:74000|2026-april:60500|2026-may:60500|2026-june:60500|2026-july:49500,United Kingdom,2826,English,1000,Google Search,2026-09-03,Rounded historical demand signal; not obtainable traffic or market size
escape rooms near me,escape room near me,escape rooms near me|escape room near me,Tabletop and games: Escape rooms,60500,MEDIUM,47,0.9487,0.3279,0.9938,2025-august:90500|2025-september:60500|2025-october:74000|2025-november:60500|2025-december:49500|2026-january:60500|2026-february:60500|2026-march:60500|2026-april:49500|2026-may:49500|2026-june:40500|2026-july:49500,United Kingdom,2826,English,1000,Google Search,2026-09-03,Rounded historical demand signal; not obtainable traffic or market size
go karting near me,go karts near me,go karting near me|go karts near me,Competitive experiences: Go-karting,60500,MEDIUM,37,0.6462,0.2662,0.9936,2025-august:110000|2025-september:60500|2025-october:60500|2025-november:49500|2025-december:49500|2026-january:60500|2026-february:60500|2026-march:60500|2026-april:60500|2026-may:60500|2026-june:49500|2026-july:60500,United Kingdom,2826,English,1000,Google Search,2026-09-03,Rounded historical demand signal; not obtainable traffic or market size
spa day near me,spa days near me,spa day near me|spa days near me,"Wellness, spa and retreats: Spa days",60500,HIGH,100,0.5964,0.2262,0.7426,2025-august:60500|2025-september:60500|2025-october:60500|2025-november:60500|2025-december:60500|2026-january:74000|2026-february:74000|2026-march:74000|2026-april:49500|2026-may:49500|2026-june:49500|2026-july:49500,United Kingdom,2826,English,1000,Google Search,2026-09-03,Rounded historical demand signal; not obtainable traffic or market size
karaoke near me,,karaoke near me,Performance and dance: Karaoke,49500,LOW,32,0.2583,0.2635,0.7867,2025-august:49500|2025-september:40500|2025-october:49500|2025-november:49500|2025-december:60500|2026-january:49500|2026-february:40500|2026-march:49500|2026-april:49500|2026-may:49500|2026-june:49500|2026-july:49500,United Kingdom,2826,English,1000,Google Search,2026-09-03,Rounded historical demand signal; not obtainable traffic or market size
mini golf near me,,mini golf near me,Competitive experiences: Crazy golf,49500,LOW,26,0.3346,0.2945,1.0454,2025-august:110000|2025-september:49500|2025-october:49500|2025-november:33100|2025-december:33100|2026-january:40500|2026-february:49500|2026-march:49500|2026-april:60500|2026-may:60500|2026-june:49500|2026-july:74000,United Kingdom,2826,English,1000,Google Search,2026-09-03,Rounded historical demand signal; not obtainable traffic or market size
padel near me,,padel near me,Racket and team sport: Padel,49500,LOW,15,0.3852,0.3500,1.2348,2025-august:49500|2025-september:40500|2025-october:40500|2025-november:33100|2025-december:27100|2026-january:49500|2026-february:40500|2026-march:49500|2026-april:60500|2026-may:49500|2026-june:49500|2026-july:49500,United Kingdom,2826,English,1000,Google Search,2026-09-03,Rounded historical demand signal; not obtainable traffic or market size
pottery painting near me,,pottery painting near me,Craft and making: Pottery painting,40500,LOW,16,0.3083,0.3501,1.2378,2025-august:60500|2025-september:40500|2025-october:49500|2025-november:40500|2025-december:27100|2026-january:40500|2026-february:49500|2026-march:49500|2026-april:33100|2026-may:27100|2026-june:27100|2026-july:40500,United Kingdom,2826,English,1000,Google Search,2026-09-03,Rounded historical demand signal; not obtainable traffic or market size
yoga near me,,yoga near me,Fitness and mind-body: Yoga classes,40500,MEDIUM,36,1.2819,0.7117,3.2178,2025-august:40500|2025-september:49500|2025-october:40500|2025-november:40500|2025-december:33100|2026-january:49500|2026-february:40500|2026-march:40500|2026-april:33100|2026-may:33100|2026-june:33100|2026-july:33100,United Kingdom,2826,English,1000,Google Search,2026-09-03,Rounded historical demand signal; not obtainable traffic or market size
bowling alley near me,,bowling alley near me,Competitive experiences: Bowling,33100,LOW,23,0.2952,0.2792,1.0689,2025-august:33100|2025-september:27100|2025-october:33100|2025-november:27100|2025-december:27100|2026-january:33100|2026-february:40500|2026-march:33100|2026-april:33100|2026-may:27100|2026-june:27100|2026-july:27100,United Kingdom,2826,English,1000,Google Search,2026-09-03,Rounded historical demand signal; not obtainable traffic or market size
crazy golf near me,,crazy golf near me,Competitive experiences: Crazy golf,33100,LOW,24,0.4127,0.3051,1.0239,2025-august:90500|2025-september:33100|2025-october:33100|2025-november:18100|2025-december:14800|2026-january:22200|2026-february:27100|2026-march:27100|2026-april:40500|2026-may:40500|2026-june:27100|2026-july:40500,United Kingdom,2826,English,1000,Google Search,2026-09-03,Rounded historical demand signal; not obtainable traffic or market size
pottery painting,,pottery painting,Craft and making: Pottery painting,33100,LOW,18,0.3859,0.3625,0.9578,2025-august:40500|2025-september:27100|2025-october:33100|2025-november:27100|2025-december:22200|2026-january:33100|2026-february:40500|2026-march:33100|2026-april:27100|2026-may:22200|2026-june:22200|2026-july:33100,United Kingdom,2826,English,1000,Google Search,2026-09-03,Rounded historical demand signal; not obtainable traffic or market size
theatre near me,,theatre near me,Live culture: Theatre,33100,LOW,28,0.6414,0.2275,1.1914,2025-august:33100|2025-september:40500|2025-october:40500|2025-november:40500|2025-december:40500|2026-january:40500|2026-february:33100|2026-march:33100|2026-april:27100|2026-may:27100|2026-june:27100|2026-july:27100,United Kingdom,2826,English,1000,Google Search,2026-09-03,Rounded historical demand signal; not obtainable traffic or market size
spa breaks uk,,spa breaks uk,"Wellness, spa and retreats: Spa breaks",27100,HIGH,100,1.2467,0.3745,3.2537,2025-august:33100|2025-september:33100|2025-october:27100|2025-november:22200|2025-december:27100|2026-january:33100|2026-february:27100|2026-march:27100|2026-april:22200|2026-may:27100|2026-june:22200|2026-july:22200,United Kingdom,2826,English,1000,Google Search,2026-09-03,Rounded historical demand signal; not obtainable traffic or market size
yoga classes near me,,yoga classes near me,Fitness and mind-body: Yoga classes,27100,LOW,21,1.3680,0.5042,1.7790,2025-august:27100|2025-september:27100|2025-october:27100|2025-november:22200|2025-december:18100|2026-january:33100|2026-february:22200|2026-march:27100|2026-april:27100|2026-may:27100|2026-june:22200|2026-july:27100,United Kingdom,2826,English,1000,Google Search,2026-09-03,Rounded historical demand signal; not obtainable traffic or market size
horse riding near me,,horse riding near me,Nature and animals: Horse riding,22200,LOW,11,1.0619,0.1951,2.0673,2025-august:40500|2025-september:22200|2025-october:22200|2025-november:18100|2025-december:14800|2026-january:18100|2026-february:18100|2026-march:22200|2026-april:27100|2026-may:27100|2026-june:22200|2026-july:27100,United Kingdom,2826,English,1000,Google Search,2026-09-03,Rounded historical demand signal; not obtainable traffic or market size
live music near me,,live music near me,Live culture: Live music,22200,LOW,23,0.2455,0.3074,1.4098,2025-august:33100|2025-september:27100|2025-october:27100|2025-november:22200|2025-december:22200|2026-january:22200|2026-february:22200|2026-march:22200|2026-april:22200|2026-may:27100|2026-june:22200|2026-july:22200,United Kingdom,2826,English,1000,Google Search,2026-09-03,Rounded historical demand signal; not obtainable traffic or market size
paintball near me,paintballing near me,paintball near me|paintballing near me,Competitive experiences: Paintball,22200,MEDIUM,41,0.9365,0.3968,0.8320,2025-august:33100|2025-september:22200|2025-october:22200|2025-november:18100|2025-december:14800|2026-january:22200|2026-february:18100|2026-march:22200|2026-april:22200|2026-may:22200|2026-june:18100|2026-july:22200,United Kingdom,2826,English,1000,Google Search,2026-09-03,Rounded historical demand signal; not obtainable traffic or market size
pilates classes near me,,pilates classes near me,Fitness and mind-body: Pilates classes,18100,LOW,28,1.2947,0.5117,1.4499,2025-august:18100|2025-september:18100|2025-october:18100|2025-november:14800|2025-december:12100|2026-january:22200|2026-february:18100|2026-march:18100|2026-april:18100|2026-may:18100|2026-june:14800|2026-july:18100,United Kingdom,2826,English,1000,Google Search,2026-09-03,Rounded historical demand signal; not obtainable traffic or market size
tai chi near me,,tai chi near me,Fitness and mind-body: Tai chi,18100,LOW,14,1.7751,0.4084,1.5869,2025-august:33100|2025-september:27100|2025-october:18100|2025-november:14800|2025-december:12100|2026-january:27100|2026-february:14800|2026-march:14800|2026-april:14800|2026-may:12100|2026-june:9900|2026-july:8100,United Kingdom,2826,English,1000,Google Search,2026-09-03,Rounded historical demand signal; not obtainable traffic or market size
airsoft near me,,airsoft near me,Competitive experiences: Airsoft,14800,LOW,10,0.4570,0.2372,0.6355,2025-august:22200|2025-september:18100|2025-october:14800|2025-november:14800|2025-december:12100|2026-january:14800|2026-february:14800|2026-march:18100|2026-april:18100|2026-may:14800|2026-june:14800|2026-july:14800,United Kingdom,2826,English,1000,Google Search,2026-09-03,Rounded historical demand signal; not obtainable traffic or market size
axe throwing,,axe throwing,Competitive experiences: Axe throwing,14800,MEDIUM,56,1.2364,0.5467,1.5076,2025-august:18100|2025-september:18100|2025-october:18100|2025-november:18100|2025-december:14800|2026-january:18100|2026-february:22200|2026-march:12100|2026-april:12100|2026-may:12100|2026-june:9900|2026-july:12100,United Kingdom,2826,English,1000,Google Search,2026-09-03,Rounded historical demand signal; not obtainable traffic or market size
boxing club near me,,boxing club near me,Fitness and mind-body: Boxing classes,14800,LOW,24,0.7428,0.4463,1.2604,2025-august:14800|2025-september:18100|2025-october:14800|2025-november:14800|2025-december:12100|2026-january:14800|2026-february:12100|2026-march:12100|2026-april:12100|2026-may:12100|2026-june:14800|2026-july:12100,United Kingdom,2826,English,1000,Google Search,2026-09-03,Rounded historical demand signal; not obtainable traffic or market size
climbing near me,,climbing near me,Outdoor and endurance: Climbing,14800,LOW,23,0.2230,0.3408,0.9879,2025-august:18100|2025-september:14800|2025-october:14800|2025-november:14800|2025-december:12100|2026-january:18100|2026-february:18100|2026-march:14800|2026-april:14800|2026-may:14800|2026-june:12100|2026-july:14800,United Kingdom,2826,English,1000,Google Search,2026-09-03,Rounded historical demand signal; not obtainable traffic or market size
horse riding lessons near me,,horse riding lessons near me,Nature and animals: Horse riding,14800,LOW,7,1.9004,0.1891,6.7585,2025-august:18100|2025-september:18100|2025-october:14800|2025-november:12100|2025-december:9900|2026-january:14800|2026-february:12100|2026-march:14800|2026-april:14800|2026-may:14800|2026-june:12100|2026-july:12100,United Kingdom,2826,English,1000,Google Search,2026-09-03,Rounded historical demand signal; not obtainable traffic or market size
martial arts near me,,martial arts near me,Fitness and mind-body: Martial arts,14800,LOW,24,0.8539,0.3886,1.3995,2025-august:18100|2025-september:18100|2025-october:18100|2025-november:18100|2025-december:12100|2026-january:14800|2026-february:14800|2026-march:14800|2026-april:12100|2026-may:12100|2026-june:12100|2026-july:12100,United Kingdom,2826,English,1000,Google Search,2026-09-03,Rounded historical demand signal; not obtainable traffic or market size
pottery classes near me,,pottery classes near me,Craft and making: Pottery classes,14800,HIGH,90,0.6430,0.3086,0.9311,2025-august:14800|2025-september:14800|2025-october:14800|2025-november:12100|2025-december:14800|2026-january:22200|2026-february:18100|2026-march:14800|2026-april:12100|2026-may:9900|2026-june:9900|2026-july:9900,United Kingdom,2826,English,1000,Google Search,2026-09-03,Rounded historical demand signal; not obtainable traffic or market size
roller skating near me,,roller skating near me,Outdoor and endurance: Roller skating,14800,LOW,16,0.4500,0.1897,1.6882,2025-august:18100|2025-september:12100|2025-october:14800|2025-november:12100|2025-december:14800|2026-january:22200|2026-february:22200|2026-march:14800|2026-april:12100|2026-may:9900|2026-june:8100|2026-july:9900,United Kingdom,2826,English,1000,Google Search,2026-09-03,Rounded historical demand signal; not obtainable traffic or market size
spa break near me,,spa break near me,"Wellness, spa and retreats: Spa breaks",14800,HIGH,100,0.7105,0.2681,0.8741,2025-august:14800|2025-september:14800|2025-october:14800|2025-november:12100|2025-december:14800|2026-january:22200|2026-february:18100|2026-march:14800|2026-april:12100|2026-may:12100|2026-june:12100|2026-july:12100,United Kingdom,2826,English,1000,Google Search,2026-09-03,Rounded historical demand signal; not obtainable traffic or market size
allotments near me,,allotments near me,Nature and animals: Allotment groups,12100,LOW,1,3.7319,1.1281,10.3532,2025-august:14800|2025-september:9900|2025-october:9900|2025-november:6600|2025-december:5400|2026-january:9900|2026-february:8100|2026-march:14800|2026-april:14800|2026-may:14800|2026-june:12100|2026-july:12100,United Kingdom,2826,English,1000,Google Search,2026-09-03,Rounded historical demand signal; not obtainable traffic or market size
badminton near me,,badminton near me,Racket and team sport: Badminton,12100,LOW,8,0.4528,0.1769,2.8692,2025-august:12100|2025-september:12100|2025-october:12100|2025-november:9900|2025-december:8100|2026-january:14800|2026-february:12100|2026-march:12100|2026-april:12100|2026-may:14800|2026-june:9900|2026-july:12100,United Kingdom,2826,English,1000,Google Search,2026-09-03,Rounded historical demand signal; not obtainable traffic or market size
bingo near me,,bingo near me,Tabletop and games: Bingo,12100,LOW,12,2.2603,1.4150,6.8171,2025-august:18100|2025-september:14800|2025-october:14800|2025-november:12100|2025-december:9900|2026-january:14800|2026-february:14800|2026-march:14800|2026-april:12100|2026-may:12100|2026-june:9900|2026-july:9900,United Kingdom,2826,English,1000,Google Search,2026-09-03,Rounded historical demand signal; not obtainable traffic or market size
board game cafe,,board game cafe,Tabletop and games: Board-game cafes,12100,LOW,6,0.5598,0.3402,1.4273,2025-august:12100|2025-september:12100|2025-october:14800|2025-november:12100|2025-december:9900|2026-january:14800|2026-february:12100|2026-march:9900|2026-april:8100|2026-may:8100|2026-june:8100|2026-july:8100,United Kingdom,2826,English,1000,Google Search,2026-09-03,Rounded historical demand signal; not obtainable traffic or market size
bouldering near me,,bouldering near me,Outdoor and endurance: Bouldering,12100,LOW,21,0.1760,0.2977,0.9608,2025-august:14800|2025-september:12100|2025-october:12100|2025-november:9900|2025-december:9900|2026-january:14800|2026-february:14800|2026-march:12100|2026-april:12100|2026-may:12100|2026-june:9900|2026-july:12100,United Kingdom,2826,English,1000,Google Search,2026-09-03,Rounded historical demand signal; not obtainable traffic or market size
darts near me,,darts near me,Competitive experiences: Darts,12100,LOW,33,0.2922,0.2495,1.2535,2025-august:9900|2025-september:8100|2025-october:9900|2025-november:12100|2025-december:14800|2026-january:22200|2026-february:14800|2026-march:12100|2026-april:9900|2026-may:9900|2026-june:6600|2026-july:6600,United Kingdom,2826,English,1000,Google Search,2026-09-03,Rounded historical demand signal; not obtainable traffic or market size
kickboxing near me,,kickboxing near me,Fitness and mind-body: Kickboxing,12100,LOW,28,0.9101,0.4076,1.3861,2025-august:12100|2025-september:14800|2025-october:14800|2025-november:12100|2025-december:9900|2026-january:14800|2026-february:12100|2026-march:12100|2026-april:9900|2026-may:9900|2026-june:12100|2026-july:9900,United Kingdom,2826,English,1000,Google Search,2026-09-03,Rounded historical demand signal; not obtainable traffic or market size
laser tag near me,,laser tag near me,Competitive experiences: Laser tag,12100,LOW,30,0.7881,0.3779,1.0766,2025-august:18100|2025-september:14800|2025-october:14800|2025-november:12100|2025-december:9900|2026-january:14800|2026-february:14800|2026-march:12100|2026-april:12100|2026-may:9900|2026-june:9900|2026-july:9900,United Kingdom,2826,English,1000,Google Search,2026-09-03,Rounded historical demand signal; not obtainable traffic or market size
sip and paint,,sip and paint,Craft and making: Sip and paint,12100,HIGH,94,0.8028,0.2441,0.8262,2025-august:9900|2025-september:9900|2025-october:12100|2025-november:9900|2025-december:8100|2026-january:14800|2026-february:14800|2026-march:12100|2026-april:9900|2026-may:9900|2026-june:33100|2026-july:9900,United Kingdom,2826,English,1000,Google Search,2026-09-03,Rounded historical demand signal; not obtainable traffic or market size
tennis clubs near me,,tennis clubs near me,Racket and team sport: Tennis,12100,LOW,12,0.3437,0.2944,1.0608,2025-august:12100|2025-september:12100|2025-october:9900|2025-november:6600|2025-december:5400|2026-january:9900|2026-february:12100|2026-march:9900|2026-april:12100|2026-may:12100|2026-june:12100|2026-july:14800,United Kingdom,2826,English,1000,Google Search,2026-09-03,Rounded historical demand signal; not obtainable traffic or market size
volunteer events near me,,volunteer events near me,Community and alternative: Volunteering,12100,MEDIUM,39,4.0150,0.4026,1.6020,2025-august:14800|2025-september:12100|2025-october:14800|2025-november:14800|2025-december:9900|2026-january:14800|2026-february:12100|2026-march:12100|2026-april:9900|2026-may:12100|2026-june:14800|2026-july:14800,United Kingdom,2826,English,1000,Google Search,2026-09-03,Rounded historical demand signal; not obtainable traffic or market size
volunteering near me,,volunteering near me,Community and alternative: Volunteering,12100,MEDIUM,42,2.5567,0.4609,1.3165,2025-august:12100|2025-september:14800|2025-october:14800|2025-november:12100|2025-december:9900|2026-january:14800|2026-february:9900|2026-march:9900|2026-april:8100|2026-may:9900|2026-june:9900|2026-july:9900,United Kingdom,2826,English,1000,Google Search,2026-09-03,Rounded historical demand signal; not obtainable traffic or market size
cricket clubs near me,,cricket clubs near me,Racket and team sport: Cricket,9900,LOW,3,0.4017,0.4500,1.4807,2025-august:12100|2025-september:9900|2025-october:8100|2025-november:6600|2025-december:5400|2026-january:8100|2026-february:9900|2026-march:9900|2026-april:12100|2026-may:14800|2026-june:12100|2026-july:12100,United Kingdom,2826,English,1000,Google Search,2026-09-03,Rounded historical demand signal; not obtainable traffic or market size
jazz club near me,,jazz club near me,Live culture: Jazz clubs,9900,LOW,32,0.1446,0.2805,1.1349,2025-august:12100|2025-september:12100|2025-october:12100|2025-november:12100|2025-december:9900|2026-january:12100|2026-february:12100|2026-march:9900|2026-april:8100|2026-may:8100|2026-june:8100|2026-july:8100,United Kingdom,2826,English,1000,Google Search,2026-09-03,Rounded historical demand signal; not obtainable traffic or market size
line dancing classes near me,,line dancing classes near me,Performance and dance: Line dancing,9900,LOW,3,3.0434,0.4074,3.7883,2025-august:9900|2025-september:14800|2025-october:14800|2025-november:8100|2025-december:6600|2026-january:12100|2026-february:9900|2026-march:9900|2026-april:8100|2026-may:8100|2026-june:8100|2026-july:8100,United Kingdom,2826,English,1000,Google Search,2026-09-03,Rounded historical demand signal; not obtainable traffic or market size
line dancing near me,,line dancing near me,Performance and dance: Line dancing,9900,LOW,3,3.0434,0.4074,3.7883,2025-august:9900|2025-september:14800|2025-october:14800|2025-november:8100|2025-december:6600|2026-january:12100|2026-february:9900|2026-march:9900|2026-april:8100|2026-may:8100|2026-june:8100|2026-july:8100,United Kingdom,2826,English,1000,Google Search,2026-09-03,Rounded historical demand signal; not obtainable traffic or market size
paddleboarding near me,paddle board near me,paddleboarding near me|paddle board near me,Outdoor and endurance: Paddleboarding,9900,LOW,26,0.4261,0.1996,1.0891,2025-august:33100|2025-september:4400|2025-october:1900|2025-november:1000|2025-december:1000|2026-january:1600|2026-february:1600|2026-march:2900|2026-april:6600|2026-may:18100|2026-june:18100|2026-july:27100,United Kingdom,2826,English,1000,Google Search,2026-09-03,Rounded historical demand signal; not obtainable traffic or market size
cooking classes near me,,cooking classes near me,Food and drink: Cooking classes,8100,HIGH,99,0.7675,0.2994,0.9744,2025-august:8100|2025-september:8100|2025-october:8100|2025-november:9900|2025-december:9900|2026-january:9900|2026-february:8100|2026-march:6600|2026-april:5400|2026-may:5400|2026-june:5400|2026-july:5400,United Kingdom,2826,English,1000,Google Search,2026-09-03,Rounded historical demand signal; not obtainable traffic or market size
pickleball near me,,pickleball near me,Racket and team sport: Pickleball,8100,LOW,10,0.5837,0.2298,0.8919,2025-august:9900|2025-september:8100|2025-october:6600|2025-november:5400|2025-december:5400|2026-january:8100|2026-february:6600|2026-march:8100|2026-april:8100|2026-may:8100|2026-june:6600|2026-july:8100,United Kingdom,2826,English,1000,Google Search,2026-09-03,Rounded historical demand signal; not obtainable traffic or market size
pole dancing classes near me,,pole dancing classes near me,Performance and dance: Pole dancing,8100,LOW,9,0.5467,0.2806,1.0743,2025-august:8100|2025-september:8100|2025-october:9900|2025-november:8100|2025-december:6600|2026-january:9900|2026-february:9900|2026-march:9900|2026-april:8100|2026-may:8100|2026-june:6600|2026-july:8100,United Kingdom,2826,English,1000,Google Search,2026-09-03,Rounded historical demand signal; not obtainable traffic or market size
pub quiz near me,,pub quiz near me,Tabletop and games: Quiz nights,8100,LOW,7,0.2541,0.7342,2.3860,2025-august:12100|2025-september:12100|2025-october:12100|2025-november:9900|2025-december:8100|2026-january:9900|2026-february:8100|2026-march:8100|2026-april:8100|2026-may:6600|2026-june:6600|2026-july:6600,United Kingdom,2826,English,1000,Google Search,2026-09-03,Rounded historical demand signal; not obtainable traffic or market size
tai chi classes near me,,tai chi classes near me,Fitness and mind-body: Tai chi,8100,LOW,16,1.9544,0.3890,1.4512,2025-august:9900|2025-september:8100|2025-october:6600|2025-november:6600|2025-december:5400|2026-january:12100|2026-february:8100|2026-march:8100|2026-april:8100|2026-may:6600|2026-june:6600|2026-july:5400,United Kingdom,2826,English,1000,Google Search,2026-09-03,Rounded historical demand signal; not obtainable traffic or market size
axe throwing near me,,axe throwing near me,Competitive experiences: Axe throwing,6600,LOW,27,1.1603,0.4602,1.4313,2025-august:8100|2025-september:5400|2025-october:6600|2025-november:6600|2025-december:5400|2026-january:8100|2026-february:8100|2026-march:6600|2026-april:6600|2026-may:5400|2026-june:3600|2026-july:4400,United Kingdom,2826,English,1000,Google Search,2026-09-03,Rounded historical demand signal; not obtainable traffic or market size
board game cafe near me,,board game cafe near me,Tabletop and games: Board-game cafes,6600,LOW,17,0.1821,0.3888,1.6213,2025-august:6600|2025-september:6600|2025-october:8100|2025-november:6600|2025-december:6600|2026-january:9900|2026-february:8100|2026-march:6600|2026-april:5400|2026-may:5400|2026-june:5400|2026-july:5400,United Kingdom,2826,English,1000,Google Search,2026-09-03,Rounded historical demand signal; not obtainable traffic or market size
boxing classes near me,,boxing classes near me,Fitness and mind-body: Boxing classes,6600,MEDIUM,35,1.0760,0.4238,1.1293,2025-august:8100|2025-september:9900|2025-october:8100|2025-november:6600|2025-december:5400|2026-january:8100|2026-february:5400|2026-march:6600|2026-april:6600|2026-may:6600|2026-june:6600|2026-july:5400,United Kingdom,2826,English,1000,Google Search,2026-09-03,Rounded historical demand signal; not obtainable traffic or market size
comedy club near me,,comedy club near me,Live culture: Stand-up comedy,6600,MEDIUM,35,0.7217,0.2906,1.3083,2025-august:8100|2025-september:6600|2025-october:8100|2025-november:6600|2025-december:5400|2026-january:8100|2026-february:8100|2026-march:8100|2026-april:6600|2026-may:6600|2026-june:5400|2026-july:5400,United Kingdom,2826,English,1000,Google Search,2026-09-03,Rounded historical demand signal; not obtainable traffic or market size
kayaking near me,,kayaking near me,Outdoor and endurance: Kayaking,6600,MEDIUM,35,0.5956,0.2094,0.8093,2025-august:22200|2025-september:5400|2025-october:2900|2025-november:1300|2025-december:1000|2026-january:1600|2026-february:1600|2026-march:2900|2026-april:6600|2026-may:14800|2026-june:9900|2026-july:18100,United Kingdom,2826,English,1000,Google Search,2026-09-03,Rounded historical demand signal; not obtainable traffic or market size
nature walks near me,,nature walks near me,Nature and animals: Nature walks,6600,LOW,11,1.0187,0.1692,1.2613,2025-august:9900|2025-september:5400|2025-october:5400|2025-november:3600|2025-december:3600|2026-january:5400|2026-february:5400|2026-march:8100|2026-april:9900|2026-may:8100|2026-june:5400|2026-july:8100,United Kingdom,2826,English,1000,Google Search,2026-09-03,Rounded historical demand signal; not obtainable traffic or market size
social clubs near me,social club near me,social clubs near me|social club near me,Social and relationship: Social clubs,6600,LOW,6,0.5775,0.2246,1.6293,2025-august:8100|2025-september:8100|2025-october:8100|2025-november:6600|2025-december:5400|2026-january:8100|2026-february:6600|2026-march:6600|2026-april:6600|2026-may:6600|2026-june:6600|2026-july:6600,United Kingdom,2826,English,1000,Google Search,2026-09-03,Rounded historical demand signal; not obtainable traffic or market size
sound bath near me,,sound bath near me,Fitness and mind-body: Sound baths,6600,LOW,14,0.7217,0.3326,1.3004,2025-august:6600|2025-september:6600|2025-october:6600|2025-november:5400|2025-december:4400|2026-january:9900|2026-february:8100|2026-march:8100|2026-april:6600|2026-may:6600|2026-june:5400|2026-july:5400,United Kingdom,2826,English,1000,Google Search,2026-09-03,Rounded historical demand signal; not obtainable traffic or market size
squash courts near me,,squash courts near me,Racket and team sport: Squash,6600,LOW,11,0.4237,0.2279,1.1740,2025-august:6600|2025-september:8100|2025-october:8100|2025-november:6600|2025-december:5400|2026-january:9900|2026-february:8100|2026-march:8100|2026-april:6600|2026-may:5400|2026-june:5400|2026-july:5400,United Kingdom,2826,English,1000,Google Search,2026-09-03,Rounded historical demand signal; not obtainable traffic or market size
table tennis near me,,table tennis near me,Racket and team sport: Table tennis,6600,LOW,18,0.2075,0.4281,3.1987,2025-august:8100|2025-september:6600|2025-october:6600|2025-november:5400|2025-december:5400|2026-january:8100|2026-february:8100|2026-march:6600|2026-april:6600|2026-may:6600|2026-june:5400|2026-july:5400,United Kingdom,2826,English,1000,Google Search,2026-09-03,Rounded historical demand signal; not obtainable traffic or market size
alpaca walking near me,alpaca walks near me,alpaca walking near me|alpaca walks near me,Nature and animals: Alpaca walks,5400,HIGH,82,0.3108,0.2379,0.7095,2025-august:9900|2025-september:4400|2025-october:3600|2025-november:2900|2025-december:3600|2026-january:3600|2026-february:4400|2026-march:5400|2026-april:5400|2026-may:5400|2026-june:4400|2026-july:6600,United Kingdom,2826,English,1000,Google Search,2026-09-03,Rounded historical demand signal; not obtainable traffic or market size
badminton clubs near me,,badminton clubs near me,Racket and team sport: Badminton,5400,LOW,4,1.0509,0.3266,4.5855,2025-august:5400|2025-september:8100|2025-october:8100|2025-november:6600|2025-december:4400|2026-january:6600|2026-february:9900|2026-march:5400|2026-april:5400|2026-may:4400|2026-june:3600|2026-july:4400,United Kingdom,2826,English,1000,Google Search,2026-09-03,Rounded historical demand signal; not obtainable traffic or market size
laser quest near me,,laser quest near me,Competitive experiences: Laser tag,5400,LOW,15,0.9275,0.3956,1.3075,2025-august:5400|2025-september:5400|2025-october:5400|2025-november:5400|2025-december:4400|2026-january:6600|2026-february:5400|2026-march:5400|2026-april:4400|2026-may:4400|2026-june:3600|2026-july:3600,United Kingdom,2826,English,1000,Google Search,2026-09-03,Rounded historical demand signal; not obtainable traffic or market size
open water swimming near me,,open water swimming near me,Outdoor and endurance: Open-water swimming,5400,LOW,7,0.5340,0.4741,1.4828,2025-august:12100|2025-september:3600|2025-october:1900|2025-november:1300|2025-december:1600|2026-january:1900|2026-february:1600|2026-march:2400|2026-april:3600|2026-may:12100|2026-june:9900|2026-july:12100,United Kingdom,2826,English,1000,Google Search,2026-09-03,Rounded historical demand signal; not obtainable traffic or market size
sewing classes near me,,sewing classes near me,Craft and making: Sewing classes,5400,HIGH,74,0.5925,0.2157,0.7835,2025-august:8100|2025-september:8100|2025-october:5400|2025-november:4400|2025-december:4400|2026-january:6600|2026-february:4400|2026-march:5400|2026-april:4400|2026-may:4400|2026-june:4400|2026-july:5400,United Kingdom,2826,English,1000,Google Search,2026-09-03,Rounded historical demand signal; not obtainable traffic or market size
speed dating,,speed dating,Social and relationship: Speed dating,5400,MEDIUM,34,1.4744,0.4690,1.6565,2025-august:6600|2025-september:6600|2025-october:5400|2025-november:6600|2025-december:4400|2026-january:5400|2026-february:5400|2026-march:4400|2026-april:4400|2026-may:4400|2026-june:4400|2026-july:3600,United Kingdom,2826,English,1000,Google Search,2026-09-03,Rounded historical demand signal; not obtainable traffic or market size
wine tasting near me,,wine tasting near me,Food and drink: Wine tasting,5400,HIGH,100,0.8210,0.3564,0.9869,2025-august:8100|2025-september:6600|2025-october:5400|2025-november:6600|2025-december:5400|2026-january:5400|2026-february:3600|2026-march:4400|2026-april:4400|2026-may:4400|2026-june:4400|2026-july:5400,United Kingdom,2826,English,1000,Google Search,2026-09-03,Rounded historical demand signal; not obtainable traffic or market size
book club near me,book clubs near me,book club near me|book clubs near me,"Ideas, books and learning: Book clubs",4400,LOW,13,0.9092,0.3039,0.9080,2025-august:4400|2025-september:4400|2025-october:4400|2025-november:4400|2025-december:3600|2026-january:6600|2026-february:4400|2026-march:3600|2026-april:3600|2026-may:3600|2026-june:3600|2026-july:3600,United Kingdom,2826,English,1000,Google Search,2026-09-03,Rounded historical demand signal; not obtainable traffic or market size
outdoor cinema near me,,outdoor cinema near me,Live culture: Outdoor cinema,4400,LOW,6,0.7364,0.0689,0.8028,2025-august:12100|2025-september:3600|2025-october:2900|2025-november:1000|2025-december:880|2026-january:880|2026-february:1000|2026-march:1900|2026-april:3600|2026-may:6600|2026-june:8100|2026-july:12100,United Kingdom,2826,English,1000,Google Search,2026-09-03,Rounded historical demand signal; not obtainable traffic or market size
reading group near me,,reading group near me,"Ideas, books and learning: Reading groups",4400,LOW,13,0.9092,0.3039,0.9080,2025-august:4400|2025-september:4400|2025-october:4400|2025-november:4400|2025-december:3600|2026-january:6600|2026-february:4400|2026-march:3600|2026-april:3600|2026-may:3600|2026-june:3600|2026-july:3600,United Kingdom,2826,English,1000,Google Search,2026-09-03,Rounded historical demand signal; not obtainable traffic or market size
reading groups near me,,reading groups near me,"Ideas, books and learning: Reading groups",4400,LOW,13,0.9092,0.3039,0.9080,2025-august:4400|2025-september:4400|2025-october:4400|2025-november:4400|2025-december:3600|2026-january:6600|2026-february:4400|2026-march:3600|2026-april:3600|2026-may:3600|2026-june:3600|2026-july:3600,United Kingdom,2826,English,1000,Google Search,2026-09-03,Rounded historical demand signal; not obtainable traffic or market size
running clubs near me,run club near me,running clubs near me|run club near me,Outdoor and endurance: Running clubs,4400,LOW,15,1.3924,0.5160,1.4026,2025-august:5400|2025-september:5400|2025-october:5400|2025-november:4400|2025-december:3600|2026-january:5400|2026-february:3600|2026-march:3600|2026-april:4400|2026-may:4400|2026-june:3600|2026-july:3600,United Kingdom,2826,English,1000,Google Search,2026-09-03,Rounded historical demand signal; not obtainable traffic or market size
tennis lessons near me,,tennis lessons near me,Racket and team sport: Tennis,4400,LOW,25,0.7388,0.2077,0.9601,2025-august:5400|2025-september:5400|2025-october:2900|2025-november:2900|2025-december:2900|2026-january:4400|2026-february:4400|2026-march:5400|2026-april:5400|2026-may:5400|2026-june:5400|2026-july:5400,United Kingdom,2826,English,1000,Google Search,2026-09-03,Rounded historical demand signal; not obtainable traffic or market size
volleyball clubs near me,,volleyball clubs near me,Racket and team sport: Volleyball,4400,LOW,3,0.3712,0.1802,4.5458,2025-august:4400|2025-september:5400|2025-october:4400|2025-november:4400|2025-december:2900|2026-january:4400|2026-february:4400|2026-march:5400|2026-april:4400|2026-may:3600|2026-june:3600|2026-july:2900,United Kingdom,2826,English,1000,Google Search,2026-09-03,Rounded historical demand signal; not obtainable traffic or market size
acting classes near me,,acting classes near me,Performance and dance: Acting classes,3600,MEDIUM,51,2.2071,0.5790,2.4697,2025-august:4400|2025-september:4400|2025-october:3600|2025-november:3600|2025-december:3600|2026-january:6600|2026-february:3600|2026-march:3600|2026-april:2900|2026-may:2400|2026-june:2900|2026-july:2400,United Kingdom,2826,English,1000,Google Search,2026-09-03,Rounded historical demand signal; not obtainable traffic or market size
choir near me,choirs near me,choir near me|choirs near me,Performance and dance: Choirs,3600,LOW,3,2.4854,0.6063,4.0159,2025-august:3600|2025-september:5400|2025-october:5400|2025-november:4400|2025-december:5400|2026-january:5400|2026-february:2900|2026-march:3600|2026-april:2900|2026-may:2900|2026-june:2400|2026-july:2400,United Kingdom,2826,English,1000,Google Search,2026-09-03,Rounded historical demand signal; not obtainable traffic or market size
pole fitness near me,,pole fitness near me,Performance and dance: Pole dancing,3600,LOW,16,0.3987,0.4651,1.4242,2025-august:3600|2025-september:4400|2025-october:4400|2025-november:3600|2025-december:2900|2026-january:4400|2026-february:3600|2026-march:4400|2026-april:3600|2026-may:3600|2026-june:2900|2026-july:3600,United Kingdom,2826,English,1000,Google Search,2026-09-03,Rounded historical demand signal; not obtainable traffic or market size
shuffleboard near me,,shuffleboard near me,Competitive experiences: Shuffleboard,3600,LOW,30,0.3205,0.3156,1.0596,2025-august:2900|2025-september:3600|2025-october:4400|2025-november:4400|2025-december:4400|2026-january:4400|2026-february:4400|2026-march:3600|2026-april:3600|2026-may:2900|2026-june:2400|2026-july:2400,United Kingdom,2826,English,1000,Google Search,2026-09-03,Rounded historical demand signal; not obtainable traffic or market size
sip and paint near me,,sip and paint near me,Craft and making: Sip and paint,3600,HIGH,98,0.5167,0.1684,0.6233,2025-august:4400|2025-september:3600|2025-october:3600|2025-november:2900|2025-december:2900|2026-january:4400|2026-february:4400|2026-march:4400|2026-april:2900|2026-may:2900|2026-june:2900|2026-july:2900,United Kingdom,2826,English,1000,Google Search,2026-09-03,Rounded historical demand signal; not obtainable traffic or market size
supper club,,supper club,Social and relationship: Supper clubs,3600,LOW,2,2.6578,0.7596,3.4784,2025-august:3600|2025-september:3600|2025-october:3600|2025-november:3600|2025-december:2900|2026-january:3600|2026-february:2900|2026-march:3600|2026-april:3600|2026-may:3600|2026-june:2900|2026-july:3600,United Kingdom,2826,English,1000,Google Search,2026-09-03,Rounded historical demand signal; not obtainable traffic or market size
basketball clubs near me,,basketball clubs near me,Racket and team sport: Basketball,2900,LOW,6,0.6425,0.4123,2.0316,2025-august:2400|2025-september:4400|2025-october:3600|2025-november:3600|2025-december:2400|2026-january:4400|2026-february:2900|2026-march:3600|2026-april:2900|2026-may:2900|2026-june:2900|2026-july:2400,United Kingdom,2826,English,1000,Google Search,2026-09-03,Rounded historical demand signal; not obtainable traffic or market size
basketball near me,,basketball near me,Racket and team sport: Basketball,2900,LOW,20,0.1616,0.6516,2.5887,2025-august:2900|2025-september:2900|2025-october:2900|2025-november:1900|2025-december:1900|2026-january:2400|2026-february:2400|2026-march:2900|2026-april:3600|2026-may:3600|2026-june:2900|2026-july:2900,United Kingdom,2826,English,1000,Google Search,2026-09-03,Rounded historical demand signal; not obtainable traffic or market size
calisthenics near me,,calisthenics near me,Fitness and mind-body: Calisthenics,2900,MEDIUM,43,0.7194,0.6170,1.6323,2025-august:3600|2025-september:2900|2025-october:2900|2025-november:2400|2025-december:2400|2026-january:2900|2026-february:1900|2026-march:2400|2026-april:2900|2026-may:2900|2026-june:2900|2026-july:2900,United Kingdom,2826,English,1000,Google Search,2026-09-03,Rounded historical demand signal; not obtainable traffic or market size
canoeing near me,,canoeing near me,Outdoor and endurance: Canoeing,2900,MEDIUM,33,0.5382,0.1499,0.5518,2025-august:8100|2025-september:1900|2025-october:1300|2025-november:590|2025-december:480|2026-january:720|2026-february:880|2026-march:1600|2026-april:2900|2026-may:5400|2026-june:3600|2026-july:6600,United Kingdom,2826,English,1000,Google Search,2026-09-03,Rounded historical demand signal; not obtainable traffic or market size
dance fitness classes near me,,dance fitness classes near me,Fitness and mind-body: Dance fitness,2900,LOW,16,1.5915,0.4160,1.3033,2025-august:2900|2025-september:3600|2025-october:3600|2025-november:2900|2025-december:1900|2026-january:5400|2026-february:3600|2026-march:2900|2026-april:2400|2026-may:2400|2026-june:2400|2026-july:2400,United Kingdom,2826,English,1000,Google Search,2026-09-03,Rounded historical demand signal; not obtainable traffic or market size
floristry workshops near me,,floristry workshops near me,Craft and making: Floristry,2900,HIGH,81,0.7226,0.2842,0.7361,2025-august:2900|2025-september:2900|2025-october:2400|2025-november:2400|2025-december:2400|2026-january:3600|2026-february:3600|2026-march:3600|2026-april:2400|2026-may:2400|2026-june:1900|2026-july:2400,United Kingdom,2826,English,1000,Google Search,2026-09-03,Rounded historical demand signal; not obtainable traffic or market size
meditation classes near me,,meditation classes near me,Fitness and mind-body: Meditation classes,2900,LOW,28,2.1961,0.5023,1.8023,2025-august:3600|2025-september:3600|2025-october:3600|2025-november:2900|2025-december:2400|2026-january:3600|2026-february:2900|2026-march:2900|2026-april:2400|2026-may:1900|2026-june:1900|2026-july:1900,United Kingdom,2826,English,1000,Google Search,2026-09-03,Rounded historical demand signal; not obtainable traffic or market size
netball clubs near me,,netball clubs near me,Racket and team sport: Netball,2900,LOW,10,1.2329,0.4681,0.9904,2025-august:2400|2025-september:5400|2025-october:4400|2025-november:4400|2025-december:1900|2026-january:3600|2026-february:2900|2026-march:3600|2026-april:2900|2026-may:2400|2026-june:1900|2026-july:1900,United Kingdom,2826,English,1000,Google Search,2026-09-03,Rounded historical demand signal; not obtainable traffic or market size
quiz night near me,,quiz night near me,Tabletop and games: Quiz nights,2900,LOW,3,0.6879,0.6032,1.9433,2025-august:3600|2025-september:3600|2025-october:3600|2025-november:2900|2025-december:1900|2026-january:3600|2026-february:2900|2026-march:2900|2026-april:2400|2026-may:1900|2026-june:1900|2026-july:1900,United Kingdom,2826,English,1000,Google Search,2026-09-03,Rounded historical demand signal; not obtainable traffic or market size
repair cafe near me,repair cafes near me,repair cafe near me|repair cafes near me,Technical and maker hobbies: Repair cafes,2900,LOW,3,1.3777,0.3911,1.4828,2025-august:2900|2025-september:3600|2025-october:2900|2025-november:2900|2025-december:1900|2026-january:4400|2026-february:5400|2026-march:3600|2026-april:2900|2026-may:2400|2026-june:1900|2026-july:1900,United Kingdom,2826,English,1000,Google Search,2026-09-03,Rounded historical demand signal; not obtainable traffic or market size
roller disco near me,,roller disco near me,Outdoor and endurance: Roller skating,2900,LOW,4,0.5025,0.1407,2.4956,2025-august:2400|2025-september:2400|2025-october:2900|2025-november:2400|2025-december:2900|2026-january:4400|2026-february:4400|2026-march:2900|2026-april:2400|2026-may:2400|2026-june:1600|2026-july:1600,United Kingdom,2826,English,1000,Google Search,2026-09-03,Rounded historical demand signal; not obtainable traffic or market size
sailing clubs near me,sailing club near me,sailing clubs near me|sailing club near me,Outdoor and endurance: Sailing clubs,2900,LOW,12,0.8537,0.3682,5.2893,2025-august:4400|2025-september:3600|2025-october:2400|2025-november:1600|2025-december:1300|2026-january:1900|2026-february:2900|2026-march:2400|2026-april:2400|2026-may:2900|2026-june:2900|2026-july:3600,United Kingdom,2826,English,1000,Google Search,2026-09-03,Rounded historical demand signal; not obtainable traffic or market size
salsa classes near me,,salsa classes near me,Performance and dance: Salsa classes,2900,LOW,19,0.7731,0.2607,0.9974,2025-august:3600|2025-september:3600|2025-october:3600|2025-november:2900|2025-december:2900|2026-january:3600|2026-february:3600|2026-march:2900|2026-april:2400|2026-may:2400|2026-june:2400|2026-july:2900,United Kingdom,2826,English,1000,Google Search,2026-09-03,Rounded historical demand signal; not obtainable traffic or market size
speed dating near me,,speed dating near me,Social and relationship: Speed dating,2900,MEDIUM,42,1.6623,0.6128,2.5682,2025-august:3600|2025-september:3600|2025-october:3600|2025-november:2900|2025-december:2400|2026-january:3600|2026-february:2900|2026-march:2900|2026-april:2900|2026-may:2900|2026-june:2400|2026-july:2400,United Kingdom,2826,English,1000,Google Search,2026-09-03,Rounded historical demand signal; not obtainable traffic or market size
ballet near me,,ballet near me,Live culture: Ballet,2400,LOW,27,1.2824,0.3651,1.2262,2025-august:1900|2025-september:2900|2025-october:2900|2025-november:2900|2025-december:2900|2026-january:2900|2026-february:1900|2026-march:2400|2026-april:1900|2026-may:1900|2026-june:1600|2026-july:1600,United Kingdom,2826,English,1000,Google Search,2026-09-03,Rounded historical demand signal; not obtainable traffic or market size
ballroom dance classes near me,,ballroom dance classes near me,Performance and dance: Ballroom dancing,2400,LOW,13,1.0149,0.2093,0.9974,2025-august:1900|2025-september:2900|2025-october:5400|2025-november:4400|2025-december:3600|2026-january:2900|2026-february:1900|2026-march:1900|2026-april:1300|2026-may:1300|2026-june:1000|2026-july:880,United Kingdom,2826,English,1000,Google Search,2026-09-03,Rounded historical demand signal; not obtainable traffic or market size
chess club near me,chess clubs near me,chess club near me|chess clubs near me,Tabletop and games: Chess clubs,2400,LOW,4,0.7754,0.6132,1.9023,2025-august:2900|2025-september:2900|2025-october:2900|2025-november:2900|2025-december:2400|2026-january:2900|2026-february:2400|2026-march:2400|2026-april:2400|2026-may:2400|2026-june:2400|2026-july:2400,United Kingdom,2826,English,1000,Google Search,2026-09-03,Rounded historical demand signal; not obtainable traffic or market size
gaming bar near me,,gaming bar near me,Tabletop and games: Video-game bars,2400,MEDIUM,45,0.3133,0.2865,0.8612,2025-august:2400|2025-september:2400|2025-october:2900|2025-november:2900|2025-december:2400|2026-january:2900|2026-february:2900|2026-march:2400|2026-april:2400|2026-may:1900|2026-june:1900|2026-july:1600,United Kingdom,2826,English,1000,Google Search,2026-09-03,Rounded historical demand signal; not obtainable traffic or market size
meditation retreat near me,,meditation retreat near me,"Wellness, spa and retreats: Meditation retreats",2400,HIGH,70,0.8943,0.3282,1.0570,2025-august:2900|2025-september:2900|2025-october:2900|2025-november:2400|2025-december:1900|2026-january:2900|2026-february:2400|2026-march:2900|2026-april:2400|2026-may:2400|2026-june:2400|2026-july:2400,United Kingdom,2826,English,1000,Google Search,2026-09-03,Rounded historical demand signal; not obtainable traffic or market size
open mic near me,,open mic near me,Live culture: Open-mic nights,2400,LOW,2,0.0711,1.1974,6.5357,2025-august:3600|2025-september:2900|2025-october:2900|2025-november:2400|2025-december:1900|2026-january:2400|2026-february:2400|2026-march:2400|2026-april:2400|2026-may:2400|2026-june:2400|2026-july:2400,United Kingdom,2826,English,1000,Google Search,2026-09-03,Rounded historical demand signal; not obtainable traffic or market size
open mic night near me,,open mic night near me,Live culture: Open-mic nights,2400,LOW,2,0.0711,1.1974,6.5357,2025-august:3600|2025-september:2900|2025-october:2900|2025-november:2400|2025-december:1900|2026-january:2400|2026-february:2400|2026-march:2400|2026-april:2400|2026-may:2400|2026-june:2400|2026-july:2400,United Kingdom,2826,English,1000,Google Search,2026-09-03,Rounded historical demand signal; not obtainable traffic or market size
padel clubs near me,,padel clubs near me,Racket and team sport: Padel,2400,LOW,12,0.4614,0.3379,1.0832,2025-august:2400|2025-september:2900|2025-october:2400|2025-november:2400|2025-december:1900|2026-january:2900|2026-february:2400|2026-march:2400|2026-april:2400|2026-may:2400|2026-june:2400|2026-july:2900,United Kingdom,2826,English,1000,Google Search,2026-09-03,Rounded historical demand signal; not obtainable traffic or market size
photography classes near me,,photography classes near me,Craft and making: Photography workshops,2400,MEDIUM,61,1.6779,0.5240,1.7752,2025-august:2900|2025-september:2900|2025-october:2400|2025-november:2400|2025-december:1900|2026-january:2900|2026-february:1900|2026-march:1900|2026-april:1900|2026-may:1900|2026-june:1900|2026-july:1900,United Kingdom,2826,English,1000,Google Search,2026-09-03,Rounded historical demand signal; not obtainable traffic or market size
rowing clubs near me,rowing club near me,rowing clubs near me|rowing club near me,Outdoor and endurance: Rowing clubs,2400,LOW,2,0.0682,5.3726,14.8280,2025-august:2400|2025-september:2400|2025-october:1900|2025-november:1600|2025-december:1300|2026-january:1600|2026-february:2900|2026-march:2400|2026-april:2400|2026-may:2400|2026-june:2400|2026-july:2900,United Kingdom,2826,English,1000,Google Search,2026-09-03,Rounded historical demand signal; not obtainable traffic or market size
spa weekends uk,,spa weekends uk,"Wellness, spa and retreats: Spa weekends",2400,HIGH,100,0.8815,0.2995,1.4283,2025-august:2400|2025-september:2400|2025-october:2400|2025-november:1900|2025-december:1900|2026-january:2900|2026-february:2400|2026-march:2400|2026-april:1900|2026-may:2900|2026-june:2900|2026-july:2900,United Kingdom,2826,English,1000,Google Search,2026-09-03,Rounded historical demand signal; not obtainable traffic or market size
table tennis clubs near me,,table tennis clubs near me,Racket and team sport: Table tennis,2400,LOW,3,0.3410,1.5805,14.8280,2025-august:2400|2025-september:2900|2025-october:2400|2025-november:2400|2025-december:1900|2026-january:2900|2026-february:2400|2026-march:2400|2026-april:1900|2026-may:1600|2026-june:1600|2026-july:1600,United Kingdom,2826,English,1000,Google Search,2026-09-03,Rounded historical demand signal; not obtainable traffic or market size
walking groups near me,,walking groups near me,Outdoor and endurance: Walking groups,2400,LOW,8,3.4717,0.5008,1.8906,2025-august:2900|2025-september:2900|2025-october:2900|2025-november:1900|2025-december:1900|2026-january:3600|2026-february:2400|2026-march:2400|2026-april:2900|2026-may:2400|2026-june:1900|2026-july:2400,United Kingdom,2826,English,1000,Google Search,2026-09-03,Rounded historical demand signal; not obtainable traffic or market size
wellness retreats uk,,wellness retreats uk,"Wellness, spa and retreats: Wellness retreats",2400,HIGH,94,0.8189,0.2968,1.0086,2025-august:2900|2025-september:2400|2025-october:2400|2025-november:1900|2025-december:1900|2026-january:2900|2026-february:2400|2026-march:2400|2026-april:1900|2026-may:2400|2026-june:1900|2026-july:2400,United Kingdom,2826,English,1000,Google Search,2026-09-03,Rounded historical demand signal; not obtainable traffic or market size
yoga retreats uk,,yoga retreats uk,"Wellness, spa and retreats: Yoga retreats",2400,HIGH,70,1.1447,0.3114,1.1877,2025-august:2900|2025-september:3600|2025-october:2400|2025-november:1900|2025-december:1900|2026-january:2900|2026-february:2400|2026-march:2400|2026-april:2400|2026-may:2400|2026-june:2400|2026-july:1900,United Kingdom,2826,English,1000,Google Search,2026-09-03,Rounded historical demand signal; not obtainable traffic or market size
5 a side football near me,,5 a side football near me,Racket and team sport: Five-a-side football,1900,LOW,14,1.0579,0.2863,1.3720,2025-august:1900|2025-september:2400|2025-october:2400|2025-november:2400|2025-december:1300|2026-january:1900|2026-february:1600|2026-march:1900|2026-april:1600|2026-may:1600|2026-june:1600|2026-july:1900,United Kingdom,2826,English,1000,Google Search,2026-09-03,Rounded historical demand signal; not obtainable traffic or market size
barista course near me,,barista course near me,Food and drink: Coffee workshops,1900,HIGH,99,0.7348,0.2718,0.8543,2025-august:2400|2025-september:1900|2025-october:1900|2025-november:1900|2025-december:1900|2026-january:2400|2026-february:1900|2026-march:1900|2026-april:1600|2026-may:1900|2026-june:1900|2026-july:1900,United Kingdom,2826,English,1000,Google Search,2026-09-03,Rounded historical demand signal; not obtainable traffic or market size
bike clubs near me,,bike clubs near me,Outdoor and endurance: Cycling clubs,1900,LOW,9,1.6667,0.6673,2.0286,2025-august:2900|2025-september:2400|2025-october:1900|2025-november:1300|2025-december:1300|2026-january:1600|2026-february:1600|2026-march:1900|2026-april:2400|2026-may:2400|2026-june:2400|2026-july:2400,United Kingdom,2826,English,1000,Google Search,2026-09-03,Rounded historical demand signal; not obtainable traffic or market size
cycling clubs near me,,cycling clubs near me,Outdoor and endurance: Cycling clubs,1900,LOW,9,1.6667,0.6673,2.0286,2025-august:2900|2025-september:2400|2025-october:1900|2025-november:1300|2025-december:1300|2026-january:1600|2026-february:1600|2026-march:1900|2026-april:2400|2026-may:2400|2026-june:2400|2026-july:2400,United Kingdom,2826,English,1000,Google Search,2026-09-03,Rounded historical demand signal; not obtainable traffic or market size
disc golf near me,,disc golf near me,Outdoor and endurance: Disc golf,1900,LOW,4,1.6304,0.7992,4.7322,2025-august:2900|2025-september:1900|2025-october:1300|2025-november:1000|2025-december:880|2026-january:1000|2026-february:880|2026-march:1600|2026-april:2400|2026-may:2900|2026-june:2400|2026-july:3600,United Kingdom,2826,English,1000,Google Search,2026-09-03,Rounded historical demand signal; not obtainable traffic or market size
five a side football near me,,five a side football near me,Racket and team sport: Five-a-side football,1900,LOW,14,1.0579,0.2863,1.3720,2025-august:1900|2025-september:2400|2025-october:2400|2025-november:2400|2025-december:1300|2026-january:1900|2026-february:1600|2026-march:1900|2026-april:1600|2026-may:1600|2026-june:1600|2026-july:1900,United Kingdom,2826,English,1000,Google Search,2026-09-03,Rounded historical demand signal; not obtainable traffic or market size
floristry courses near me,,floristry courses near me,Craft and making: Floristry,1900,MEDIUM,65,0.7347,0.2681,0.5646,2025-august:1900|2025-september:2400|2025-october:1900|2025-november:1600|2025-december:1600|2026-january:2400|2026-february:2400|2026-march:2400|2026-april:1600|2026-may:1600|2026-june:1600|2026-july:1600,United Kingdom,2826,English,1000,Google Search,2026-09-03,Rounded historical demand signal; not obtainable traffic or market size
hockey clubs near me,,hockey clubs near me,Racket and team sport: Hockey,1900,LOW,1,0.0123,0.0000,0.0000,2025-august:1900|2025-september:2400|2025-october:2400|2025-november:1900|2025-december:1300|2026-january:1900|2026-february:3600|2026-march:1900|2026-april:1000|2026-may:1600|2026-june:1000|2026-july:1000,United Kingdom,2826,English,1000,Google Search,2026-09-03,Rounded historical demand signal; not obtainable traffic or market size
martial arts classes near me,,martial arts classes near me,Fitness and mind-body: Martial arts,1900,LOW,28,1.0966,0.3377,1.4649,2025-august:2400|2025-september:2900|2025-october:2400|2025-november:1900|2025-december:1300|2026-january:2400|2026-february:1600|2026-march:1900|2026-april:1600|2026-may:1300|2026-june:1600|2026-july:1600,United Kingdom,2826,English,1000,Google Search,2026-09-03,Rounded historical demand signal; not obtainable traffic or market size
painting classes near me,,painting classes near me,Craft and making: Painting classes,1900,HIGH,83,0.8669,0.3022,1.1502,2025-august:1900|2025-september:1900|2025-october:1900|2025-november:1900|2025-december:1600|2026-january:2400|2026-february:1900|2026-march:1900|2026-april:1600|2026-may:1600|2026-june:1600|2026-july:1600,United Kingdom,2826,English,1000,Google Search,2026-09-03,Rounded historical demand signal; not obtainable traffic or market size
baking classes near me,,baking classes near me,Food and drink: Baking classes,1600,HIGH,91,0.7691,0.2516,0.9490,2025-august:1900|2025-september:1900|2025-october:1900|2025-november:1900|2025-december:1600|2026-january:1900|2026-february:1600|2026-march:1600|2026-april:1300|2026-may:1300|2026-june:1300|2026-july:1000,United Kingdom,2826,English,1000,Google Search,2026-09-03,Rounded historical demand signal; not obtainable traffic or market size
barre classes near me,,barre classes near me,Fitness and mind-body: Barre classes,1600,LOW,27,1.2808,0.5160,1.6682,2025-august:1600|2025-september:1300|2025-october:1600|2025-november:1000|2025-december:1000|2026-january:2400|2026-february:1600|2026-march:1900|2026-april:1300|2026-may:1300|2026-june:1300|2026-july:1000,United Kingdom,2826,English,1000,Google Search,2026-09-03,Rounded historical demand signal; not obtainable traffic or market size
bootcamp near me,,bootcamp near me,Fitness and mind-body: Bootcamps,1600,LOW,30,1.2090,0.4917,1.5673,2025-august:1900|2025-september:1900|2025-october:1900|2025-november:1300|2025-december:1000|2026-january:1900|2026-february:1600|2026-march:1900|2026-april:1600|2026-may:1600|2026-june:1600|2026-july:1300,United Kingdom,2826,English,1000,Google Search,2026-09-03,Rounded historical demand signal; not obtainable traffic or market size
cake decorating classes near me,,cake decorating classes near me,Food and drink: Cake decorating,1600,HIGH,100,0.4378,0.2144,0.8094,2025-august:1900|2025-september:1900|2025-october:1900|2025-november:1900|2025-december:1600|2026-january:1900|2026-february:1900|2026-march:1900|2026-april:1300|2026-may:1300|2026-june:1300|2026-july:1300,United Kingdom,2826,English,1000,Google Search,2026-09-03,Rounded historical demand signal; not obtainable traffic or market size
cold plunge near me,,cold plunge near me,Fitness and mind-body: Cold-water therapy,1600,MEDIUM,39,0.5269,0.3615,1.4195,2025-august:1600|2025-september:1300|2025-october:1300|2025-november:1000|2025-december:1300|2026-january:1600|2026-february:1300|2026-march:1300|2026-april:1300|2026-may:1900|2026-june:1900|2026-july:2400,United Kingdom,2826,English,1000,Google Search,2026-09-03,Rounded historical demand signal; not obtainable traffic or market size
fitness bootcamp near me,,fitness bootcamp near me,Fitness and mind-body: Bootcamps,1600,LOW,30,1.2090,0.4917,1.5673,2025-august:1900|2025-september:1900|2025-october:1900|2025-november:1300|2025-december:1000|2026-january:1900|2026-february:1600|2026-march:1900|2026-april:1600|2026-may:1600|2026-june:1600|2026-july:1300,United Kingdom,2826,English,1000,Google Search,2026-09-03,Rounded historical demand signal; not obtainable traffic or market size
kickboxing classes near me,,kickboxing classes near me,Fitness and mind-body: Kickboxing,1600,LOW,28,1.2131,0.4466,1.7718,2025-august:1900|2025-september:1900|2025-october:1900|2025-november:1900|2025-december:1300|2026-january:1900|2026-february:1600|2026-march:1600|2026-april:1600|2026-may:1600|2026-june:1600|2026-july:1600,United Kingdom,2826,English,1000,Google Search,2026-09-03,Rounded historical demand signal; not obtainable traffic or market size
spa retreat near me,,spa retreat near me,"Wellness, spa and retreats: Spa retreats",1600,HIGH,100,0.6357,0.2382,0.8537,2025-august:1900|2025-september:1600|2025-october:1600|2025-november:1600|2025-december:1600|2026-january:1900|2026-february:1900|2026-march:1600|2026-april:1600|2026-may:1600|2026-june:1600|2026-july:1900,United Kingdom,2826,English,1000,Google Search,2026-09-03,Rounded historical demand signal; not obtainable traffic or market size
street dance classes near me,,street dance classes near me,Performance and dance: Street dance,1600,LOW,13,1.4050,0.2690,1.7228,2025-august:1600|2025-september:2400|2025-october:1900|2025-november:1900|2025-december:1600|2026-january:2900|2026-february:1900|2026-march:1900|2026-april:1300|2026-may:1300|2026-june:1300|2026-july:1300,United Kingdom,2826,English,1000,Google Search,2026-09-03,Rounded historical demand signal; not obtainable traffic or market size
surfing near me,,surfing near me,Outdoor and endurance: Surfing,1600,LOW,20,0.3327,0.2420,0.8470,2025-august:3600|2025-september:1300|2025-october:880|2025-november:590|2025-december:590|2026-january:720|2026-february:720|2026-march:1000|2026-april:1600|2026-may:1900|2026-june:1900|2026-july:2900,United Kingdom,2826,English,1000,Google Search,2026-09-03,Rounded historical demand signal; not obtainable traffic or market size
swimming clubs near me,,swimming clubs near me,Outdoor and endurance: Swimming clubs,1600,LOW,16,0.6512,0.3686,1.0148,2025-august:1600|2025-september:2400|2025-october:1600|2025-november:1600|2025-december:1000|2026-january:1600|2026-february:1300|2026-march:1600|2026-april:1300|2026-may:1300|2026-june:1300|2026-july:1300,United Kingdom,2826,English,1000,Google Search,2026-09-03,Rounded historical demand signal; not obtainable traffic or market size
woodworking courses near me,,woodworking courses near me,Craft and making: Woodworking,1600,HIGH,71,1.2236,0.2595,1.4560,2025-august:1600|2025-september:1900|2025-october:1600|2025-november:1600|2025-december:1600|2026-january:1900|2026-february:1300|2026-march:1300|2026-april:1300|2026-may:1300|2026-june:1000|2026-july:1000,United Kingdom,2826,English,1000,Google Search,2026-09-03,Rounded historical demand signal; not obtainable traffic or market size
wreath making near me,,wreath making near me,Craft and making: Wreath making,1600,LOW,26,0.4845,0.3718,1.4295,2025-august:590|2025-september:2400|2025-october:4400|2025-november:8100|2025-december:2400|2026-january:140|2026-february:110|2026-march:140|2026-april:70|2026-may:30|2026-june:90|2026-july:110,United Kingdom,2826,English,1000,Google Search,2026-09-03,Rounded historical demand signal; not obtainable traffic or market size
baking courses near me,,baking courses near me,Food and drink: Baking classes,1300,MEDIUM,66,1.0543,0.3549,1.0338,2025-august:1300|2025-september:1600|2025-october:1600|2025-november:1300|2025-december:1000|2026-january:1600|2026-february:1300|2026-march:1300|2026-april:1000|2026-may:1000|2026-june:1000|2026-july:1000,United Kingdom,2826,English,1000,Google Search,2026-09-03,Rounded historical demand signal; not obtainable traffic or market size
community gardening near me,,community gardening near me,Community and alternative: Community gardening,1300,LOW,3,2.4409,0.8458,14.8280,2025-august:1600|2025-september:1600|2025-october:1600|2025-november:880|2025-december:720|2026-january:1600|2026-february:1000|2026-march:1600|2026-april:1600|2026-may:1600|2026-june:1600|2026-july:1600,United Kingdom,2826,English,1000,Google Search,2026-09-03,Rounded historical demand signal; not obtainable traffic or market size
drawing classes near me,,drawing classes near me,Craft and making: Drawing classes,1300,MEDIUM,36,1.3041,0.3462,1.3877,2025-august:1600|2025-september:1600|2025-october:1600|2025-november:1600|2025-december:1300|2026-january:1900|2026-february:1300|2026-march:1300|2026-april:1000|2026-may:1000|2026-june:1000|2026-july:1000,United Kingdom,2826,English,1000,Google Search,2026-09-03,Rounded historical demand signal; not obtainable traffic or market size
dungeons and dragons near me,,dungeons and dragons near me,Tabletop and games: Dungeons & Dragons,1300,LOW,9,0.1490,0.2127,1.1264,2025-august:1000|2025-september:1000|2025-october:1300|2025-november:1300|2025-december:1300|2026-january:1900|2026-february:1300|2026-march:1000|2026-april:1000|2026-may:1000|2026-june:880|2026-july:1000,United Kingdom,2826,English,1000,Google Search,2026-09-03,Rounded historical demand signal; not obtainable traffic or market size
glass blowing experience,,glass blowing experience,Craft and making: Glassblowing,1300,HIGH,100,0.7955,0.2953,1.1354,2025-august:1600|2025-september:1300|2025-october:1600|2025-november:1900|2025-december:2400|2026-january:1600|2026-february:1300|2026-march:1300|2026-april:1000|2026-may:880|2026-june:880|2026-july:880,United Kingdom,2826,English,1000,Google Search,2026-09-03,Rounded historical demand signal; not obtainable traffic or market size
immersive theatre,,immersive theatre,Live culture: Immersive theatre,1300,LOW,10,1.9564,0.5162,1.4828,2025-august:1300|2025-september:1300|2025-october:1300|2025-november:1000|2025-december:1600|2026-january:1300|2026-february:1000|2026-march:1300|2026-april:1600|2026-may:1000|2026-june:880|2026-july:1300,United Kingdom,2826,English,1000,Google Search,2026-09-03,Rounded historical demand signal; not obtainable traffic or market size
life drawing classes near me,,life drawing classes near me,Craft and making: Life drawing,1300,LOW,14,1.4442,0.3578,1.3555,2025-august:1600|2025-september:1600|2025-october:1300|2025-november:1000|2025-december:1000|2026-january:1600|2026-february:1300|2026-march:1300|2026-april:880|2026-may:880|2026-june:1000|2026-july:880,United Kingdom,2826,English,1000,Google Search,2026-09-03,Rounded historical demand signal; not obtainable traffic or market size
pottery workshop near me,,pottery workshop near me,Craft and making: Pottery classes,1300,HIGH,100,0.6259,0.3203,0.9271,2025-august:1300|2025-september:1300|2025-october:1300|2025-november:1600|2025-december:1600|2026-january:1900|2026-february:1600|2026-march:1600|2026-april:1000|2026-may:1000|2026-june:880|2026-july:1000,United Kingdom,2826,English,1000,Google Search,2026-09-03,Rounded historical demand signal; not obtainable traffic or market size
spa retreats uk,,spa retreats uk,"Wellness, spa and retreats: Spa retreats",1300,HIGH,100,0.8113,0.2628,0.8468,2025-august:1300|2025-september:1000|2025-october:1300|2025-november:1000|2025-december:1000|2026-january:1600|2026-february:1300|2026-march:1300|2026-april:1000|2026-may:1000|2026-june:880|2026-july:880,United Kingdom,2826,English,1000,Google Search,2026-09-03,Rounded historical demand signal; not obtainable traffic or market size
spa weekend near me,,spa weekend near me,"Wellness, spa and retreats: Spa weekends",1300,HIGH,100,0.6813,0.1993,0.7530,2025-august:1300|2025-september:1900|2025-october:1600|2025-november:1600|2025-december:1300|2026-january:1900|2026-february:1600|2026-march:1300|2026-april:880|2026-may:720|2026-june:590|2026-july:880,United Kingdom,2826,English,1000,Google Search,2026-09-03,Rounded historical demand signal; not obtainable traffic or market size
squash clubs near me,,squash clubs near me,Racket and team sport: Squash,1300,LOW,10,0.2350,0.4719,1.4828,2025-august:1300|2025-september:1600|2025-october:1600|2025-november:1000|2025-december:1000|2026-january:1600|2026-february:3600|2026-march:1000|2026-april:880|2026-may:1000|2026-june:880|2026-july:1000,United Kingdom,2826,English,1000,Google Search,2026-09-03,Rounded historical demand signal; not obtainable traffic or market size
wreath making workshop near me,,wreath making workshop near me,Craft and making: Wreath making,1300,LOW,32,0.7407,0.4099,1.2064,2025-august:720|2025-september:2900|2025-october:4400|2025-november:5400|2025-december:1000|2026-january:70|2026-february:70|2026-march:90|2026-april:70|2026-may:50|2026-june:70|2026-july:110,United Kingdom,2826,English,1000,Google Search,2026-09-03,Rounded historical demand signal; not obtainable traffic or market size
ballroom dancing near me,,ballroom dancing near me,Performance and dance: Ballroom dancing,1000,LOW,11,0.7535,0.2590,1.3650,2025-august:1000|2025-september:1600|2025-october:2400|2025-november:1600|2025-december:1000|2026-january:1300|2026-february:880|2026-march:720|2026-april:590|2026-may:590|2026-june:480|2026-july:590,United Kingdom,2826,English,1000,Google Search,2026-09-03,Rounded historical demand signal; not obtainable traffic or market size
calisthenics classes near me,,calisthenics classes near me,Fitness and mind-body: Calisthenics,1000,MEDIUM,37,1.2470,0.5964,1.4645,2025-august:880|2025-september:1000|2025-october:1000|2025-november:880|2025-december:1000|2026-january:1300|2026-february:880|2026-march:880|2026-april:880|2026-may:1000|2026-june:1000|2026-july:880,United Kingdom,2826,English,1000,Google Search,2026-09-03,Rounded historical demand signal; not obtainable traffic or market size
cookery courses near me,,cookery courses near me,Food and drink: Cooking classes,1000,HIGH,100,1.2763,0.3675,1.6723,2025-august:1000|2025-september:1300|2025-october:1000|2025-november:1600|2025-december:1600|2026-january:1300|2026-february:880|2026-march:1000|2026-april:720|2026-may:720|2026-june:720|2026-july:720,United Kingdom,2826,English,1000,Google Search,2026-09-03,Rounded historical demand signal; not obtainable traffic or market size
couples retreats uk,,couples retreats uk,"Wellness, spa and retreats: Couples retreats",1000,HIGH,100,0.5831,0.2267,0.6937,2025-august:1300|2025-september:1000|2025-october:1000|2025-november:880|2025-december:880|2026-january:1000|2026-february:880|2026-march:880|2026-april:880|2026-may:1000|2026-june:880|2026-july:1000,United Kingdom,2826,English,1000,Google Search,2026-09-03,Rounded historical demand signal; not obtainable traffic or market size
creative writing classes near me,,creative writing classes near me,"Ideas, books and learning: Creative-writing classes",1000,HIGH,70,2.1169,0.6340,2.1008,2025-august:1300|2025-september:1600|2025-october:1300|2025-november:1000|2025-december:880|2026-january:1600|2026-february:1300|2026-march:1000|2026-april:880|2026-may:1000|2026-june:1000|2026-july:880,United Kingdom,2826,English,1000,Google Search,2026-09-03,Rounded historical demand signal; not obtainable traffic or market size
creative writing workshops near me,,creative writing workshops near me,"Ideas, books and learning: Creative-writing classes",1000,HIGH,70,2.1169,0.6340,2.1008,2025-august:1300|2025-september:1600|2025-october:1300|2025-november:1000|2025-december:880|2026-january:1600|2026-february:1300|2026-march:1000|2026-april:880|2026-may:1000|2026-june:1000|2026-july:880,United Kingdom,2826,English,1000,Google Search,2026-09-03,Rounded historical demand signal; not obtainable traffic or market size
foraging courses near me,,foraging courses near me,Nature and animals: Foraging courses,1000,HIGH,100,0.5487,0.1399,0.5598,2025-august:1300|2025-september:1600|2025-october:1900|2025-november:1000|2025-december:1000|2026-january:590|2026-february:590|2026-march:880|2026-april:1000|2026-may:1000|2026-june:720|2026-july:590,United Kingdom,2826,English,1000,Google Search,2026-09-03,Rounded historical demand signal; not obtainable traffic or market size
jewellery making classes near me,,jewellery making classes near me,Craft and making: Jewellery making,1000,HIGH,100,0.7121,0.2912,0.8540,2025-august:1300|2025-september:1000|2025-october:1300|2025-november:1300|2025-december:1000|2026-january:1300|2026-february:1000|2026-march:1000|2026-april:880|2026-may:880|2026-june:880|2026-july:880,United Kingdom,2826,English,1000,Google Search,2026-09-03,Rounded historical demand signal; not obtainable traffic or market size
meditation retreats uk,,meditation retreats uk,"Wellness, spa and retreats: Meditation retreats",1000,MEDIUM,48,1.6438,0.2009,1.0158,2025-august:1300|2025-september:1000|2025-october:1000|2025-november:880|2025-december:880|2026-january:1000|2026-february:1000|2026-march:1000|2026-april:880|2026-may:880|2026-june:880|2026-july:880,United Kingdom,2826,English,1000,Google Search,2026-09-03,Rounded historical demand signal; not obtainable traffic or market size
opera near me,,opera near me,Live culture: Opera,1000,LOW,19,1.4468,0.2584,1.1737,2025-august:1000|2025-september:1000|2025-october:1300|2025-november:1000|2025-december:1000|2026-january:1000|2026-february:1000|2026-march:1000|2026-april:880|2026-may:1000|2026-june:880|2026-july:1000,United Kingdom,2826,English,1000,Google Search,2026-09-03,Rounded historical demand signal; not obtainable traffic or market size
silent disco near me,,silent disco near me,Community and alternative: Silent discos,1000,LOW,31,1.6047,0.5642,1.4646,2025-august:1600|2025-september:1300|2025-october:1000|2025-november:880|2025-december:720|2026-january:1600|2026-february:1000|2026-march:1000|2026-april:1000|2026-may:1000|2026-june:1000|2026-july:880,United Kingdom,2826,English,1000,Google Search,2026-09-03,Rounded historical demand signal; not obtainable traffic or market size
silent retreat uk,,silent retreat uk,"Wellness, spa and retreats: Silent retreats",1000,MEDIUM,36,1.5091,0.1843,0.8127,2025-august:1300|2025-september:1000|2025-october:1300|2025-november:1300|2025-december:1000|2026-january:1300|2026-february:1000|2026-march:1000|2026-april:1000|2026-may:1000|2026-june:880|2026-july:1300,United Kingdom,2826,English,1000,Google Search,2026-09-03,Rounded historical demand signal; not obtainable traffic or market size
watercolour classes near me,,watercolour classes near me,Craft and making: Watercolour classes,1000,MEDIUM,63,1.1495,0.3064,1.3045,2025-august:1300|2025-september:1000|2025-october:880|2025-november:1300|2025-december:1000|2026-january:1600|2026-february:1000|2026-march:1000|2026-april:720|2026-may:720|2026-june:880|2026-july:720,United Kingdom,2826,English,1000,Google Search,2026-09-03,Rounded historical demand signal; not obtainable traffic or market size
wellness retreat near me,,wellness retreat near me,"Wellness, spa and retreats: Wellness retreats",1000,HIGH,92,0.8692,0.3391,1.0353,2025-august:1300|2025-september:1300|2025-october:1000|2025-november:880|2025-december:720|2026-january:1300|2026-february:1000|2026-march:1000|2026-april:880|2026-may:1000|2026-june:880|2026-july:1000,United Kingdom,2826,English,1000,Google Search,2026-09-03,Rounded historical demand signal; not obtainable traffic or market size
art workshops near me,,art workshops near me,Craft and making: General art workshops,880,HIGH,90,0.5673,0.2670,0.8739,2025-august:880|2025-september:720|2025-october:1000|2025-november:720|2025-december:590|2026-january:1000|2026-february:880|2026-march:880|2026-april:720|2026-may:720|2026-june:720|2026-july:880,United Kingdom,2826,English,1000,Google Search,2026-09-03,Rounded historical demand signal; not obtainable traffic or market size
bread making class near me,,bread making class near me,Food and drink: Bread making,880,HIGH,99,0.7469,0.3016,0.9985,2025-august:880|2025-september:1000|2025-october:1000|2025-november:1300|2025-december:1300|2026-january:1300|2026-february:880|2026-march:880|2026-april:590|2026-may:720|2026-june:590|2026-july:480,United Kingdom,2826,English,1000,Google Search,2026-09-03,Rounded historical demand signal; not obtainable traffic or market size
bread making course near me,,bread making course near me,Food and drink: Bread making,880,HIGH,99,0.7469,0.3016,0.9985,2025-august:880|2025-september:1000|2025-october:1000|2025-november:1300|2025-december:1300|2026-january:1300|2026-february:880|2026-march:880|2026-april:590|2026-may:720|2026-june:590|2026-july:480,United Kingdom,2826,English,1000,Google Search,2026-09-03,Rounded historical demand signal; not obtainable traffic or market size
breathwork classes near me,,breathwork classes near me,Fitness and mind-body: Breathwork,880,MEDIUM,36,1.9985,0.5024,2.7412,2025-august:880|2025-september:1300|2025-october:880|2025-november:880|2025-december:720|2026-january:1000|2026-february:720|2026-march:880|2026-april:720|2026-may:590|2026-june:590|2026-july:590,United Kingdom,2826,English,1000,Google Search,2026-09-03,Rounded historical demand signal; not obtainable traffic or market size
contemporary dance classes near me,,contemporary dance classes near me,Performance and dance: Contemporary dance,880,LOW,17,1.0768,0.3214,1.1854,2025-august:880|2025-september:1300|2025-october:1000|2025-november:1000|2025-december:720|2026-january:1000|2026-february:880|2026-march:880|2026-april:590|2026-may:590|2026-june:720|2026-july:720,United Kingdom,2826,English,1000,Google Search,2026-09-03,Rounded historical demand signal; not obtainable traffic or market size
darts club near me,,darts club near me,Competitive experiences: Darts,880,LOW,10,0.3344,0.2076,0.6450,2025-august:590|2025-september:590|2025-october:590|2025-november:880|2025-december:1600|2026-january:2900|2026-february:1000|2026-march:880|2026-april:590|2026-may:390|2026-june:320|2026-july:390,United Kingdom,2826,English,1000,Google Search,2026-09-03,Rounded historical demand signal; not obtainable traffic or market size
gardening classes near me,,gardening classes near me,Nature and animals: Gardening workshops,880,MEDIUM,44,1.2899,0.5154,1.2296,2025-august:1300|2025-september:880|2025-october:720|2025-november:590|2025-december:590|2026-january:880|2026-february:720|2026-march:1000|2026-april:1000|2026-may:1000|2026-june:880|2026-july:880,United Kingdom,2826,English,1000,Google Search,2026-09-03,Rounded historical demand signal; not obtainable traffic or market size
knitting groups near me,,knitting groups near me,Craft and making: Knitting groups,880,LOW,1,0.0000,0.0000,0.0000,2025-august:720|2025-september:880|2025-october:880|2025-november:1300|2025-december:720|2026-january:1300|2026-february:880|2026-march:720|2026-april:590|2026-may:590|2026-june:590|2026-july:480,United Kingdom,2826,English,1000,Google Search,2026-09-03,Rounded historical demand signal; not obtainable traffic or market size
motorbike clubs near me,,motorbike clubs near me,Technical and maker hobbies: Motorcycle clubs,880,LOW,1,0.3359,0.0000,0.0000,2025-august:1300|2025-september:720|2025-october:720|2025-november:720|2025-december:590|2026-january:720|2026-february:720|2026-march:880|2026-april:1000|2026-may:1000|2026-june:880|2026-july:880,United Kingdom,2826,English,1000,Google Search,2026-09-03,Rounded historical demand signal; not obtainable traffic or market size
motorcycle clubs near me,,motorcycle clubs near me,Technical and maker hobbies: Motorcycle clubs,880,LOW,1,0.3359,0.0000,0.0000,2025-august:1300|2025-september:720|2025-october:720|2025-november:720|2025-december:590|2026-january:720|2026-february:720|2026-march:880|2026-april:1000|2026-may:1000|2026-june:880|2026-july:880,United Kingdom,2826,English,1000,Google Search,2026-09-03,Rounded historical demand signal; not obtainable traffic or market size
salsa dancing near me,,salsa dancing near me,Performance and dance: Salsa classes,880,LOW,20,0.5306,0.3292,1.0270,2025-august:880|2025-september:880|2025-october:880|2025-november:880|2025-december:720|2026-january:1000|2026-february:880|2026-march:720|2026-april:590|2026-may:720|2026-june:720|2026-july:720,United Kingdom,2826,English,1000,Google Search,2026-09-03,Rounded historical demand signal; not obtainable traffic or market size
singing groups near me,singing group near me,singing groups near me|singing group near me,Performance and dance: Singing groups,880,LOW,5,3.1802,0.6301,3.9210,2025-august:1300|2025-september:1300|2025-october:1300|2025-november:1000|2025-december:880|2026-january:1300|2026-february:720|2026-march:880|2026-april:720|2026-may:590|2026-june:590|2026-july:480,United Kingdom,2826,English,1000,Google Search,2026-09-03,Rounded historical demand signal; not obtainable traffic or market size
singles events near me,,singles events near me,Social and relationship: Singles events,880,MEDIUM,40,2.3693,0.7511,3.0028,2025-august:1000|2025-september:720|2025-october:880|2025-november:880|2025-december:720|2026-january:880|2026-february:880|2026-march:880|2026-april:880|2026-may:880|2026-june:880|2026-july:1000,United Kingdom,2826,English,1000,Google Search,2026-09-03,Rounded historical demand signal; not obtainable traffic or market size
stand up comedy near me,,stand up comedy near me,Live culture: Stand-up comedy,880,LOW,32,0.8268,0.1380,0.8855,2025-august:1000|2025-september:880|2025-october:1000|2025-november:880|2025-december:720|2026-january:1000|2026-february:880|2026-march:880|2026-april:880|2026-may:720|2026-june:720|2026-july:720,United Kingdom,2826,English,1000,Google Search,2026-09-03,Rounded historical demand signal; not obtainable traffic or market size
yoga retreat near me,,yoga retreat near me,"Wellness, spa and retreats: Yoga retreats",880,MEDIUM,62,0.8244,0.2370,1.0156,2025-august:1000|2025-september:1000|2025-october:880|2025-november:720|2025-december:720|2026-january:1000|2026-february:880|2026-march:880|2026-april:720|2026-may:720|2026-june:720|2026-july:720,United Kingdom,2826,English,1000,Google Search,2026-09-03,Rounded historical demand signal; not obtainable traffic or market size
bachata classes near me,,bachata classes near me,Performance and dance: Bachata classes,720,LOW,23,0.5651,0.2191,0.7948,2025-august:880|2025-september:880|2025-october:880|2025-november:880|2025-december:590|2026-january:880|2026-february:720|2026-march:720|2026-april:590|2026-may:590|2026-june:480|2026-july:480,United Kingdom,2826,English,1000,Google Search,2026-09-03,Rounded historical demand signal; not obtainable traffic or market size
bridge club near me,bridge clubs near me,bridge club near me|bridge clubs near me,Tabletop and games: Bridge clubs,720,LOW,1,1.2012,0.0000,0.0000,2025-august:880|2025-september:880|2025-october:880|2025-november:720|2025-december:590|2026-january:1000|2026-february:720|2026-march:720|2026-april:590|2026-may:720|2026-june:720|2026-july:590,United Kingdom,2826,English,1000,Google Search,2026-09-03,Rounded historical demand signal; not obtainable traffic or market size
cake decorating course near me,,cake decorating course near me,Food and drink: Cake decorating,720,HIGH,100,0.8408,0.2021,0.9101,2025-august:880|2025-september:1000|2025-october:880|2025-november:720|2025-december:590|2026-january:720|2026-february:720|2026-march:720|2026-april:480|2026-may:480|2026-june:480|2026-july:390,United Kingdom,2826,English,1000,Google Search,2026-09-03,Rounded historical demand signal; not obtainable traffic or market size
candle making workshop near me,,candle making workshop near me,Craft and making: Candle making,720,HIGH,100,0.6579,0.2239,1.5292,2025-august:720|2025-september:880|2025-october:1000|2025-november:1000|2025-december:880|2026-january:1000|2026-february:880|2026-march:720|2026-april:480|2026-may:480|2026-june:390|2026-july:390,United Kingdom,2826,English,1000,Google Search,2026-09-03,Rounded historical demand signal; not obtainable traffic or market size
car clubs near me,,car clubs near me,Technical and maker hobbies: Car clubs,720,MEDIUM,36,1.0202,0.2915,1.2802,2025-august:880|2025-september:720|2025-october:720|2025-november:590|2025-december:720|2026-january:880|2026-february:720|2026-march:1000|2026-april:720|2026-may:720|2026-june:720|2026-july:720,United Kingdom,2826,English,1000,Google Search,2026-09-03,Rounded historical demand signal; not obtainable traffic or market size
chocolate making experience,,chocolate making experience,Food and drink: Chocolate making,720,HIGH,100,0.8854,0.3292,0.9127,2025-august:590|2025-september:720|2025-october:880|2025-november:1000|2025-december:1300|2026-january:880|2026-february:880|2026-march:720|2026-april:720|2026-may:480|2026-june:480|2026-july:480,United Kingdom,2826,English,1000,Google Search,2026-09-03,Rounded historical demand signal; not obtainable traffic or market size
climbing clubs near me,,climbing clubs near me,Outdoor and endurance: Climbing,720,LOW,16,0.4880,0.2793,0.6071,2025-august:720|2025-september:1000|2025-october:720|2025-november:590|2025-december:480|2026-january:880|2026-february:720|2026-march:720|2026-april:590|2026-may:590|2026-june:590|2026-july:590,United Kingdom,2826,English,1000,Google Search,2026-09-03,Rounded historical demand signal; not obtainable traffic or market size
gardening clubs near me,garden club near me,gardening clubs near me|garden club near me,Nature and animals: Gardening clubs,720,LOW,3,0.8892,0.7580,14.8280,2025-august:880|2025-september:880|2025-october:590|2025-november:480|2025-december:390|2026-january:880|2026-february:720|2026-march:1000|2026-april:1000|2026-may:1000|2026-june:880|2026-july:720,United Kingdom,2826,English,1000,Google Search,2026-09-03,Rounded historical demand signal; not obtainable traffic or market size
gin tasting experience,,gin tasting experience,Food and drink: Gin tasting,720,HIGH,100,0.9938,0.4326,1.2660,2025-august:590|2025-september:720|2025-october:590|2025-november:880|2025-december:1000|2026-january:720|2026-february:590|2026-march:720|2026-april:590|2026-may:590|2026-june:480|2026-july:480,United Kingdom,2826,English,1000,Google Search,2026-09-03,Rounded historical demand signal; not obtainable traffic or market size
gin tasting near me,,gin tasting near me,Food and drink: Gin tasting,720,HIGH,100,0.8598,0.3146,1.1032,2025-august:880|2025-september:880|2025-october:880|2025-november:880|2025-december:880|2026-january:590|2026-february:590|2026-march:720|2026-april:590|2026-may:590|2026-june:590|2026-july:590,United Kingdom,2826,English,1000,Google Search,2026-09-03,Rounded historical demand signal; not obtainable traffic or market size
glass blowing near me,,glass blowing near me,Craft and making: Glassblowing,720,MEDIUM,49,0.5773,0.2226,0.9283,2025-august:880|2025-september:720|2025-october:880|2025-november:880|2025-december:590|2026-january:590|2026-february:590|2026-march:720|2026-april:590|2026-may:590|2026-june:590|2026-july:590,United Kingdom,2826,English,1000,Google Search,2026-09-03,Rounded historical demand signal; not obtainable traffic or market size
makerspace near me,,makerspace near me,Technical and maker hobbies: Makerspaces,720,LOW,12,0.8784,0.6774,4.0477,2025-august:480|2025-september:480|2025-october:480|2025-november:480|2025-december:390|2026-january:480|2026-february:480|2026-march:590|2026-april:480|2026-may:2900|2026-june:590|2026-july:480,United Kingdom,2826,English,1000,Google Search,2026-09-03,Rounded historical demand signal; not obtainable traffic or market size
model railway clubs near me,,model railway clubs near me,Technical and maker hobbies: Model-making clubs,720,LOW,0,0.4467,0.0000,0.0000,2025-august:590|2025-september:720|2025-october:720|2025-november:720|2025-december:590|2026-january:720|2026-february:720|2026-march:720|2026-april:590|2026-may:590|2026-june:590|2026-july:590,United Kingdom,2826,English,1000,Google Search,2026-09-03,Rounded historical demand signal; not obtainable traffic or market size
open air cinema near me,,open air cinema near me,Live culture: Outdoor cinema,720,LOW,7,0.8749,0.0776,0.8795,2025-august:2400|2025-september:480|2025-october:260|2025-november:90|2025-december:70|2026-january:90|2026-february:110|2026-march:260|2026-april:480|2026-may:880|2026-june:1000|2026-july:2400,United Kingdom,2826,English,1000,Google Search,2026-09-03,Rounded historical demand signal; not obtainable traffic or market size
stargazing near me,,stargazing near me,"Ideas, books and learning: Stargazing events",720,LOW,12,1.0180,0.2391,1.0676,2025-august:1600|2025-september:880|2025-october:720|2025-november:720|2025-december:720|2026-january:720|2026-february:590|2026-march:720|2026-april:720|2026-may:720|2026-june:480|2026-july:590,United Kingdom,2826,English,1000,Google Search,2026-09-03,Rounded historical demand signal; not obtainable traffic or market size
whisky tasting near me,whiskey tasting near me,whisky tasting near me|whiskey tasting near me,Food and drink: Whisky tasting,720,HIGH,100,0.7704,0.3450,1.8938,2025-august:720|2025-september:720|2025-october:720|2025-november:880|2025-december:720|2026-january:480|2026-february:480|2026-march:590|2026-april:590|2026-may:880|2026-june:720|2026-july:720,United Kingdom,2826,English,1000,Google Search,2026-09-03,Rounded historical demand signal; not obtainable traffic or market size
woodworking classes near me,,woodworking classes near me,Craft and making: Woodworking,720,HIGH,72,1.1331,0.2551,1.3585,2025-august:880|2025-september:880|2025-october:880|2025-november:880|2025-december:880|2026-january:880|2026-february:590|2026-march:590|2026-april:590|2026-may:480|2026-june:480|2026-july:480,United Kingdom,2826,English,1000,Google Search,2026-09-03,Rounded historical demand signal; not obtainable traffic or market size
adult acting classes near me,,adult acting classes near me,Performance and dance: Acting classes,590,MEDIUM,44,2.0295,0.6366,2.4708,2025-august:590|2025-september:720|2025-october:590|2025-november:590|2025-december:590|2026-january:1000|2026-february:590|2026-march:590|2026-april:390|2026-may:390|2026-june:390|2026-july:480,United Kingdom,2826,English,1000,Google Search,2026-09-03,Rounded historical demand signal; not obtainable traffic or market size
ballet tickets,,ballet tickets,Live culture: Ballet,590,MEDIUM,58,1.2680,0.2400,0.9316,2025-august:320|2025-september:480|2025-october:720|2025-november:1000|2025-december:1300|2026-january:590|2026-february:390|2026-march:590|2026-april:320|2026-may:320|2026-june:320|2026-july:260,United Kingdom,2826,English,1000,Google Search,2026-09-03,Rounded historical demand signal; not obtainable traffic or market size
burlesque classes near me,,burlesque classes near me,Performance and dance: Burlesque classes,590,LOW,6,0.7952,0.3719,1.0581,2025-august:590|2025-september:590|2025-october:590|2025-november:480|2025-december:720|2026-january:880|2026-february:720|2026-march:590|2026-april:480|2026-may:480|2026-june:480|2026-july:480,United Kingdom,2826,English,1000,Google Search,2026-09-03,Rounded historical demand signal; not obtainable traffic or market size
cabaret near me,,cabaret near me,Live culture: Cabaret,590,LOW,24,0.3723,0.5247,1.6211,2025-august:590|2025-september:720|2025-october:720|2025-november:720|2025-december:720|2026-january:590|2026-february:590|2026-march:480|2026-april:480|2026-may:480|2026-june:390|2026-july:480,United Kingdom,2826,English,1000,Google Search,2026-09-03,Rounded historical demand signal; not obtainable traffic or market size
community choir near me,community choirs near me,community choir near me|community choirs near me,Community and alternative: Community choirs,590,LOW,3,5.8421,0.9220,14.8280,2025-august:480|2025-september:720|2025-october:720|2025-november:720|2025-december:1000|2026-january:720|2026-february:480|2026-march:590|2026-april:480|2026-may:720|2026-june:590|2026-july:320,United Kingdom,2826,English,1000,Google Search,2026-09-03,Rounded historical demand signal; not obtainable traffic or market size
farm experiences near me,,farm experiences near me,Nature and animals: Farm experiences,590,HIGH,100,0.4918,0.2455,0.9582,2025-august:720|2025-september:390|2025-october:390|2025-november:320|2025-december:320|2026-january:390|2026-february:480|2026-march:720|2026-april:720|2026-may:720|2026-june:590|2026-july:720,United Kingdom,2826,English,1000,Google Search,2026-09-03,Rounded historical demand signal; not obtainable traffic or market size
hiking groups near me,,hiking groups near me,Outdoor and endurance: Hiking groups,590,MEDIUM,34,1.2747,0.4370,1.5050,2025-august:590|2025-september:590|2025-october:480|2025-november:480|2025-december:480|2026-january:720|2026-february:590|2026-march:590|2026-april:590|2026-may:590|2026-june:480|2026-july:590,United Kingdom,2826,English,1000,Google Search,2026-09-03,Rounded historical demand signal; not obtainable traffic or market size
kayak clubs near me,,kayak clubs near me,Outdoor and endurance: Kayaking,590,LOW,4,0.1750,0.3437,3.3977,2025-august:880|2025-september:720|2025-october:480|2025-november:320|2025-december:260|2026-january:480|2026-february:390|2026-march:480|2026-april:590|2026-may:880|2026-june:720|2026-july:880,United Kingdom,2826,English,1000,Google Search,2026-09-03,Rounded historical demand signal; not obtainable traffic or market size
life drawing near me,,life drawing near me,Craft and making: Life drawing,590,LOW,12,4.5820,0.4528,7.4533,2025-august:590|2025-september:720|2025-october:720|2025-november:590|2025-december:390|2026-january:880|2026-february:720|2026-march:720|2026-april:590|2026-may:480|2026-june:590|2026-july:480,United Kingdom,2826,English,1000,Google Search,2026-09-03,Rounded historical demand signal; not obtainable traffic or market size
live jazz near me,,live jazz near me,Live culture: Jazz clubs,590,LOW,26,0.8092,0.3348,1.3825,2025-august:720|2025-september:880|2025-october:720|2025-november:720|2025-december:590|2026-january:720|2026-february:720|2026-march:590|2026-april:480|2026-may:590|2026-june:480|2026-july:390,United Kingdom,2826,English,1000,Google Search,2026-09-03,Rounded historical demand signal; not obtainable traffic or market size
swing dance classes near me,,swing dance classes near me,Performance and dance: Swing dancing,590,LOW,6,1.5848,0.2667,2.0595,2025-august:720|2025-september:720|2025-october:590|2025-november:590|2025-december:480|2026-january:720|2026-february:480|2026-march:480|2026-april:480|2026-may:480|2026-june:590|2026-july:390,United Kingdom,2826,English,1000,Google Search,2026-09-03,Rounded historical demand signal; not obtainable traffic or market size
writing retreats uk,,writing retreats uk,"Wellness, spa and retreats: Writing retreats",590,MEDIUM,38,0.8398,0.1451,0.8463,2025-august:720|2025-september:720|2025-october:590|2025-november:590|2025-december:590|2026-january:880|2026-february:590|2026-march:720|2026-april:590|2026-may:590|2026-june:590|2026-july:590,United Kingdom,2826,English,1000,Google Search,2026-09-03,Rounded historical demand signal; not obtainable traffic or market size
beekeeping courses near me,,beekeeping courses near me,Nature and animals: Beekeeping courses,480,HIGH,95,0.4992,0.1773,0.6541,2025-august:480|2025-september:390|2025-october:320|2025-november:390|2025-december:390|2026-january:480|2026-february:390|2026-march:480|2026-april:590|2026-may:720|2026-june:480|2026-july:390,United Kingdom,2826,English,1000,Google Search,2026-09-03,Rounded historical demand signal; not obtainable traffic or market size
beer tasting experience,,beer tasting experience,Food and drink: Beer tasting,480,HIGH,100,1.0889,0.4201,1.1470,2025-august:480|2025-september:390|2025-october:480|2025-november:720|2025-december:880|2026-january:320|2026-february:390|2026-march:390|2026-april:320|2026-may:390|2026-june:480|2026-july:320,United Kingdom,2826,English,1000,Google Search,2026-09-03,Rounded historical demand signal; not obtainable traffic or market size
bingo night near me,,bingo night near me,Tabletop and games: Bingo,480,LOW,7,1.7763,1.0971,4.8294,2025-august:480|2025-september:880|2025-october:480|2025-november:390|2025-december:320|2026-january:480|2026-february:480|2026-march:480|2026-april:480|2026-may:390|2026-june:320|2026-july:320,United Kingdom,2826,English,1000,Google Search,2026-09-03,Rounded historical demand signal; not obtainable traffic or market size
breathwork near me,,breathwork near me,Fitness and mind-body: Breathwork,480,LOW,26,1.2448,0.5575,2.2158,2025-august:590|2025-september:720|2025-october:480|2025-november:480|2025-december:260|2026-january:480|2026-february:480|2026-march:320|2026-april:390|2026-may:320|2026-june:390|2026-july:480,United Kingdom,2826,English,1000,Google Search,2026-09-03,Rounded historical demand signal; not obtainable traffic or market size
classical concerts near me,,classical concerts near me,Live culture: Classical concerts,480,MEDIUM,34,1.8978,0.3175,2.6209,2025-august:480|2025-september:480|2025-october:480|2025-november:590|2025-december:480|2026-january:480|2026-february:390|2026-march:390|2026-april:320|2026-may:390|2026-june:390|2026-july:480,United Kingdom,2826,English,1000,Google Search,2026-09-03,Rounded historical demand signal; not obtainable traffic or market size
couples retreat near me,,couples retreat near me,"Wellness, spa and retreats: Couples retreats",480,HIGH,99,0.5450,0.2130,0.8236,2025-august:590|2025-september:590|2025-october:590|2025-november:390|2025-december:390|2026-january:590|2026-february:390|2026-march:480|2026-april:390|2026-may:390|2026-june:390|2026-july:390,United Kingdom,2826,English,1000,Google Search,2026-09-03,Rounded historical demand signal; not obtainable traffic or market size
crochet club near me,,crochet club near me,Craft and making: Crochet groups,480,LOW,5,0.0000,0.3410,0.5178,2025-august:480|2025-september:590|2025-october:480|2025-november:480|2025-december:390|2026-january:720|2026-february:480|2026-march:390|2026-april:390|2026-may:320|2026-june:390|2026-july:320,United Kingdom,2826,English,1000,Google Search,2026-09-03,Rounded historical demand signal; not obtainable traffic or market size
dnd groups near me,,dnd groups near me,Tabletop and games: Dungeons & Dragons,480,LOW,1,1.0381,0.1989,0.7354,2025-august:480|2025-september:390|2025-october:480|2025-november:480|2025-december:590|2026-january:720|2026-february:480|2026-march:390|2026-april:390|2026-may:390|2026-june:390|2026-july:390,United Kingdom,2826,English,1000,Google Search,2026-09-03,Rounded historical demand signal; not obtainable traffic or market size
fitness retreats uk,,fitness retreats uk,"Wellness, spa and retreats: Fitness retreats",480,MEDIUM,60,0.8632,0.3896,0.8882,2025-august:590|2025-september:720|2025-october:480|2025-november:390|2025-december:390|2026-january:590|2026-february:480|2026-march:480|2026-april:390|2026-may:480|2026-june:480|2026-july:390,United Kingdom,2826,English,1000,Google Search,2026-09-03,Rounded historical demand signal; not obtainable traffic or market size
forest bathing near me,,forest bathing near me,Nature and animals: Forest bathing,480,LOW,9,1.6412,0.3399,5.3062,2025-august:590|2025-september:590|2025-october:590|2025-november:320|2025-december:260|2026-january:480|2026-february:390|2026-march:480|2026-april:390|2026-may:590|2026-june:480|2026-july:590,United Kingdom,2826,English,1000,Google Search,2026-09-03,Rounded historical demand signal; not obtainable traffic or market size
improv classes near me,,improv classes near me,Performance and dance: Improv classes,480,MEDIUM,35,1.6720,0.6314,1.8542,2025-august:590|2025-september:720|2025-october:590|2025-november:480|2025-december:480|2026-january:590|2026-february:480|2026-march:590|2026-april:480|2026-may:480|2026-june:480|2026-july:390,United Kingdom,2826,English,1000,Google Search,2026-09-03,Rounded historical demand signal; not obtainable traffic or market size
knitting club near me,,knitting club near me,Craft and making: Knitting groups,480,LOW,1,4.7226,0.0000,0.0000,2025-august:390|2025-september:480|2025-october:590|2025-november:720|2025-december:480|2026-january:720|2026-february:590|2026-march:480|2026-april:390|2026-may:390|2026-june:320|2026-july:390,United Kingdom,2826,English,1000,Google Search,2026-09-03,Rounded historical demand signal; not obtainable traffic or market size
lego club near me,,lego club near me,Technical and maker hobbies: LEGO clubs,480,LOW,3,1.2780,0.4017,1.6579,2025-august:480|2025-september:590|2025-october:480|2025-november:390|2025-december:390|2026-january:720|2026-february:590|2026-march:480|2026-april:390|2026-may:320|2026-june:390|2026-july:320,United Kingdom,2826,English,1000,Google Search,2026-09-03,Rounded historical demand signal; not obtainable traffic or market size
mindfulness classes near me,,mindfulness classes near me,Fitness and mind-body: Mindfulness courses,480,MEDIUM,42,3.5769,0.5018,1.4835,2025-august:590|2025-september:720|2025-october:590|2025-november:480|2025-december:390|2026-january:590|2026-february:480|2026-march:480|2026-april:390|2026-may:390|2026-june:320|2026-july:260,United Kingdom,2826,English,1000,Google Search,2026-09-03,Rounded historical demand signal; not obtainable traffic or market size
mindfulness courses near me,,mindfulness courses near me,Fitness and mind-body: Mindfulness courses,480,MEDIUM,42,3.5769,0.5018,1.4835,2025-august:590|2025-september:720|2025-october:590|2025-november:480|2025-december:390|2026-january:590|2026-february:480|2026-march:480|2026-april:390|2026-may:390|2026-june:320|2026-july:260,United Kingdom,2826,English,1000,Google Search,2026-09-03,Rounded historical demand signal; not obtainable traffic or market size
opera tickets,,opera tickets,Live culture: Opera,480,MEDIUM,49,1.6825,0.2769,1.3599,2025-august:390|2025-september:590|2025-october:590|2025-november:590|2025-december:880|2026-january:480|2026-february:390|2026-march:480|2026-april:390|2026-may:390|2026-june:320|2026-july:390,United Kingdom,2826,English,1000,Google Search,2026-09-03,Rounded historical demand signal; not obtainable traffic or market size
perfume making experience,,perfume making experience,Craft and making: Perfume making,480,HIGH,100,2.1153,0.6379,1.7056,2025-august:480|2025-september:480|2025-october:480|2025-november:720|2025-december:880|2026-january:590|2026-february:480|2026-march:480|2026-april:390|2026-may:390|2026-june:390|2026-july:390,United Kingdom,2826,English,1000,Google Search,2026-09-03,Rounded historical demand signal; not obtainable traffic or market size
pickleball clubs near me,,pickleball clubs near me,Racket and team sport: Pickleball,480,LOW,8,1.1391,0.1988,1.0987,2025-august:720|2025-september:720|2025-october:590|2025-november:590|2025-december:390|2026-january:590|2026-february:480|2026-march:390|2026-april:390|2026-may:390|2026-june:480|2026-july:590,United Kingdom,2826,English,1000,Google Search,2026-09-03,Rounded historical demand signal; not obtainable traffic or market size
silversmithing courses near me,,silversmithing courses near me,Craft and making: Silversmithing,480,HIGH,96,0.5826,0.1638,0.7825,2025-august:480|2025-september:480|2025-october:480|2025-november:590|2025-december:480|2026-january:590|2026-february:480|2026-march:390|2026-april:390|2026-may:390|2026-june:320|2026-july:320,United Kingdom,2826,English,1000,Google Search,2026-09-03,Rounded historical demand signal; not obtainable traffic or market size
singles events,,singles events,Social and relationship: Singles events,480,LOW,25,1.6799,0.3894,2.2159,2025-august:590|2025-september:480|2025-october:480|2025-november:480|2025-december:390|2026-january:590|2026-february:480|2026-march:590|2026-april:480|2026-may:480|2026-june:390|2026-july:480,United Kingdom,2826,English,1000,Google Search,2026-09-03,Rounded historical demand signal; not obtainable traffic or market size
social events,,social events,Social and relationship: General social events,480,LOW,2,0.5638,0.0687,0.9920,2025-august:480|2025-september:720|2025-october:590|2025-november:480|2025-december:390|2026-january:590|2026-february:590|2026-march:590|2026-april:480|2026-may:390|2026-june:320|2026-july:390,United Kingdom,2826,English,1000,Google Search,2026-09-03,Rounded historical demand signal; not obtainable traffic or market size
sound healing near me,,sound healing near me,Fitness and mind-body: Sound baths,480,LOW,26,0.8091,0.3671,1.8417,2025-august:590|2025-september:590|2025-october:590|2025-november:480|2025-december:390|2026-january:590|2026-february:590|2026-march:590|2026-april:480|2026-may:320|2026-june:480|2026-july:390,United Kingdom,2826,English,1000,Google Search,2026-09-03,Rounded historical demand signal; not obtainable traffic or market size
stained glass courses near me,,stained glass courses near me,Craft and making: Stained glass,480,HIGH,98,0.9815,0.1991,0.7449,2025-august:480|2025-september:590|2025-october:590|2025-november:720|2025-december:590|2026-january:590|2026-february:480|2026-march:480|2026-april:480|2026-may:260|2026-june:320|2026-july:390,United Kingdom,2826,English,1000,Google Search,2026-09-03,Rounded historical demand signal; not obtainable traffic or market size
stained glass workshop near me,,stained glass workshop near me,Craft and making: Stained glass,480,HIGH,97,0.4436,0.1787,0.8144,2025-august:590|2025-september:390|2025-october:480|2025-november:720|2025-december:590|2026-january:590|2026-february:590|2026-march:590|2026-april:480|2026-may:480|2026-june:320|2026-july:390,United Kingdom,2826,English,1000,Google Search,2026-09-03,Rounded historical demand signal; not obtainable traffic or market size
supper club near me,,supper club near me,Social and relationship: Supper clubs,480,LOW,12,1.1522,0.0000,0.0000,2025-august:480|2025-september:480|2025-october:480|2025-november:390|2025-december:390|2026-january:480|2026-february:480|2026-march:590|2026-april:480|2026-may:480|2026-june:480|2026-july:390,United Kingdom,2826,English,1000,Google Search,2026-09-03,Rounded historical demand signal; not obtainable traffic or market size
triathlon clubs near me,triathlon club near me,triathlon clubs near me|triathlon club near me,Outdoor and endurance: Triathlon clubs,480,LOW,7,0.5280,0.5068,1.1952,2025-august:590|2025-september:590|2025-october:480|2025-november:390|2025-december:320|2026-january:480|2026-february:320|2026-march:320|2026-april:320|2026-may:480|2026-june:590|2026-july:590,United Kingdom,2826,English,1000,Google Search,2026-09-03,Rounded historical demand signal; not obtainable traffic or market size
adult street dance classes near me,,adult street dance classes near me,Performance and dance: Street dance,390,LOW,13,2.5911,0.3441,2.1021,2025-august:390|2025-september:390|2025-october:480|2025-november:390|2025-december:390|2026-january:480|2026-february:390|2026-march:390|2026-april:390|2026-may:390|2026-june:390|2026-july:390,United Kingdom,2826,English,1000,Google Search,2026-09-03,Rounded historical demand signal; not obtainable traffic or market size
astronomy club near me,,astronomy club near me,"Ideas, books and learning: Astronomy clubs",390,LOW,2,7.3313,0.0000,0.0000,2025-august:390|2025-september:390|2025-october:480|2025-november:390|2025-december:480|2026-january:590|2026-february:320|2026-march:390|2026-april:390|2026-may:260|2026-june:210|2026-july:260,United Kingdom,2826,English,1000,Google Search,2026-09-03,Rounded historical demand signal; not obtainable traffic or market size
calligraphy classes near me,,calligraphy classes near me,Craft and making: Calligraphy,390,HIGH,92,0.4687,0.2608,0.9934,2025-august:480|2025-september:480|2025-october:390|2025-november:480|2025-december:480|2026-january:590|2026-february:390|2026-march:390|2026-april:260|2026-may:320|2026-june:260|2026-july:210,United Kingdom,2826,English,1000,Google Search,2026-09-03,Rounded historical demand signal; not obtainable traffic or market size
canoe clubs near me,,canoe clubs near me,Outdoor and endurance: Canoeing,390,LOW,4,0.3906,0.0000,0.0000,2025-august:590|2025-september:590|2025-october:320|2025-november:320|2025-december:170|2026-january:320|2026-february:260|2026-march:390|2026-april:390|2026-may:480|2026-june:480|2026-july:590,United Kingdom,2826,English,1000,Google Search,2026-09-03,Rounded historical demand signal; not obtainable traffic or market size
cocktail making class near me,,cocktail making class near me,Food and drink: Cocktail masterclasses,390,HIGH,100,1.2436,0.3713,1.2887,2025-august:480|2025-september:480|2025-october:390|2025-november:390|2025-december:390|2026-january:480|2026-february:390|2026-march:390|2026-april:320|2026-may:320|2026-june:390|2026-july:320,United Kingdom,2826,English,1000,Google Search,2026-09-03,Rounded historical demand signal; not obtainable traffic or market size
detox retreats uk,,detox retreats uk,"Wellness, spa and retreats: Detox retreats",390,MEDIUM,48,0.2972,0.0000,0.0000,2025-august:480|2025-september:480|2025-october:480|2025-november:480|2025-december:480|2026-january:390|2026-february:390|2026-march:390|2026-april:320|2026-may:320|2026-june:260|2026-july:260,United Kingdom,2826,English,1000,Google Search,2026-09-03,Rounded historical demand signal; not obtainable traffic or market size
dog walking groups near me,,dog walking groups near me,Nature and animals: Dog-walking groups,390,LOW,2,1.6514,0.5321,5.4955,2025-august:390|2025-september:480|2025-october:480|2025-november:390|2025-december:320|2026-january:720|2026-february:480|2026-march:390|2026-april:390|2026-may:390|2026-june:390|2026-july:320,United Kingdom,2826,English,1000,Google Search,2026-09-03,Rounded historical demand signal; not obtainable traffic or market size
group meditation near me,,group meditation near me,Fitness and mind-body: Meditation classes,390,LOW,16,2.0796,0.5394,1.7792,2025-august:480|2025-september:480|2025-october:480|2025-november:390|2025-december:320|2026-january:480|2026-february:390|2026-march:480|2026-april:320|2026-may:390|2026-june:320|2026-july:320,United Kingdom,2826,English,1000,Google Search,2026-09-03,Rounded historical demand signal; not obtainable traffic or market size
hiking club near me,,hiking club near me,Outdoor and endurance: Hiking groups,390,LOW,23,1.9807,0.4722,1.4235,2025-august:390|2025-september:390|2025-october:320|2025-november:320|2025-december:320|2026-january:480|2026-february:390|2026-march:390|2026-april:390|2026-may:390|2026-june:320|2026-july:320,United Kingdom,2826,English,1000,Google Search,2026-09-03,Rounded historical demand signal; not obtainable traffic or market size
live music events near me,,live music events near me,Live culture: Live music,390,LOW,12,2.3654,0.2283,1.6863,2025-august:590|2025-september:390|2025-october:390|2025-november:390|2025-december:320|2026-january:320|2026-february:320|2026-march:320|2026-april:320|2026-may:590|2026-june:480|2026-july:590,United Kingdom,2826,English,1000,Google Search,2026-09-03,Rounded historical demand signal; not obtainable traffic or market size
murder mystery dinner near me,,murder mystery dinner near me,Tabletop and games: Murder-mystery dinners,390,HIGH,100,0.5793,0.2769,0.8296,2025-august:590|2025-september:720|2025-october:590|2025-november:480|2025-december:320|2026-january:480|2026-february:320|2026-march:210|2026-april:170|2026-may:170|2026-june:170|2026-july:210,United Kingdom,2826,English,1000,Google Search,2026-09-03,Rounded historical demand signal; not obtainable traffic or market size
murder mystery events near me,,murder mystery events near me,Tabletop and games: Murder-mystery dinners,390,HIGH,100,0.4124,0.1919,0.9192,2025-august:480|2025-september:590|2025-october:720|2025-november:480|2025-december:390|2026-january:590|2026-february:320|2026-march:260|2026-april:210|2026-may:170|2026-june:210|2026-july:210,United Kingdom,2826,English,1000,Google Search,2026-09-03,Rounded historical demand signal; not obtainable traffic or market size
sewing workshop near me,,sewing workshop near me,Craft and making: Sewing classes,390,MEDIUM,51,0.8797,0.2272,0.7858,2025-august:480|2025-september:480|2025-october:390|2025-november:390|2025-december:260|2026-january:390|2026-february:390|2026-march:320|2026-april:260|2026-may:320|2026-june:260|2026-july:390,United Kingdom,2826,English,1000,Google Search,2026-09-03,Rounded historical demand signal; not obtainable traffic or market size
silent retreat near me,,silent retreat near me,"Wellness, spa and retreats: Silent retreats",390,MEDIUM,47,0.8832,0.2411,0.8364,2025-august:480|2025-september:390|2025-october:320|2025-november:390|2025-december:390|2026-january:480|2026-february:390|2026-march:390|2026-april:320|2026-may:320|2026-june:390|2026-july:480,United Kingdom,2826,English,1000,Google Search,2026-09-03,Rounded historical demand signal; not obtainable traffic or market size
stand up comedy course,,stand up comedy course,Performance and dance: Comedy classes,390,MEDIUM,54,1.9368,0.4472,1.6596,2025-august:390|2025-september:480|2025-october:480|2025-november:390|2025-december:320|2026-january:480|2026-february:390|2026-march:390|2026-april:390|2026-may:390|2026-june:320|2026-july:260,United Kingdom,2826,English,1000,Google Search,2026-09-03,Rounded historical demand signal; not obtainable traffic or market size
touch rugby near me,,touch rugby near me,Racket and team sport: Touch rugby,390,LOW,6,0.6873,0.1979,0.8113,2025-august:390|2025-september:480|2025-october:390|2025-november:320|2025-december:260|2026-january:320|2026-february:390|2026-march:480|2026-april:390|2026-may:480|2026-june:390|2026-july:390,United Kingdom,2826,English,1000,Google Search,2026-09-03,Rounded historical demand signal; not obtainable traffic or market size
wildlife volunteering near me,,wildlife volunteering near me,Nature and animals: Conservation volunteering,390,LOW,8,12.1988,0.6632,14.8280,2025-august:390|2025-september:390|2025-october:320|2025-november:260|2025-december:210|2026-january:590|2026-february:320|2026-march:390|2026-april:390|2026-may:390|2026-june:590|2026-july:480,United Kingdom,2826,English,1000,Google Search,2026-09-03,Rounded historical demand signal; not obtainable traffic or market size
bachata near me,,bachata near me,Performance and dance: Bachata classes,320,LOW,20,0.2003,0.2330,0.7136,2025-august:320|2025-september:320|2025-october:320|2025-november:260|2025-december:260|2026-january:320|2026-february:320|2026-march:320|2026-april:210|2026-may:260|2026-june:260|2026-july:260,United Kingdom,2826,English,1000,Google Search,2026-09-03,Rounded historical demand signal; not obtainable traffic or market size
basket weaving courses near me,,basket weaving courses near me,Craft and making: Basket weaving,320,MEDIUM,38,0.7340,0.1411,0.7168,2025-august:390|2025-september:260|2025-october:210|2025-november:260|2025-december:320|2026-january:320|2026-february:260|2026-march:260|2026-april:260|2026-may:320|2026-june:320|2026-july:320,United Kingdom,2826,English,1000,Google Search,2026-09-03,Rounded historical demand signal; not obtainable traffic or market size
beekeeping experience near me,,beekeeping experience near me,Nature and animals: Beekeeping courses,320,HIGH,100,0.8986,0.3313,0.7861,2025-august:390|2025-september:260|2025-october:260|2025-november:390|2025-december:390|2026-january:210|2026-february:260|2026-march:320|2026-april:390|2026-may:390|2026-june:260|2026-july:390,United Kingdom,2826,English,1000,Google Search,2026-09-03,Rounded historical demand signal; not obtainable traffic or market size
beer tasting near me,,beer tasting near me,Food and drink: Beer tasting,320,HIGH,100,0.7245,0.3538,1.1245,2025-august:390|2025-september:480|2025-october:320|2025-november:480|2025-december:480|2026-january:260|2026-february:260|2026-march:390|2026-april:260|2026-may:320|2026-june:390|2026-july:260,United Kingdom,2826,English,1000,Google Search,2026-09-03,Rounded historical demand signal; not obtainable traffic or market size
conservation volunteering near me,,conservation volunteering near me,Nature and animals: Conservation volunteering,320,LOW,14,5.9710,0.4679,14.8280,2025-august:320|2025-september:320|2025-october:390|2025-november:260|2025-december:170|2026-january:390|2026-february:320|2026-march:320|2026-april:320|2026-may:390|2026-june:390|2026-july:320,United Kingdom,2826,English,1000,Google Search,2026-09-03,Rounded historical demand signal; not obtainable traffic or market size
crochet groups near me,,crochet groups near me,Craft and making: Crochet groups,320,LOW,3,0.0000,0.0000,0.0000,2025-august:320|2025-september:320|2025-october:390|2025-november:390|2025-december:260|2026-january:480|2026-february:390|2026-march:320|2026-april:260|2026-may:260|2026-june:260|2026-july:260,United Kingdom,2826,English,1000,Google Search,2026-09-03,Rounded historical demand signal; not obtainable traffic or market size
debate club near me,,debate club near me,"Ideas, books and learning: Debate clubs",320,LOW,8,5.3309,0.5254,2.2583,2025-august:390|2025-september:480|2025-october:390|2025-november:390|2025-december:260|2026-january:320|2026-february:260|2026-march:260|2026-april:260|2026-may:210|2026-june:260|2026-july:260,United Kingdom,2826,English,1000,Google Search,2026-09-03,Rounded historical demand signal; not obtainable traffic or market size
dj course near me,,dj course near me,Performance and dance: DJ workshops,320,MEDIUM,65,2.6112,0.7197,2.6268,2025-august:390|2025-september:390|2025-october:320|2025-november:390|2025-december:260|2026-january:320|2026-february:260|2026-march:260|2026-april:260|2026-may:210|2026-june:260|2026-july:260,United Kingdom,2826,English,1000,Google Search,2026-09-03,Rounded historical demand signal; not obtainable traffic or market size
dodgeball clubs near me,,dodgeball clubs near me,Racket and team sport: Dodgeball,320,LOW,2,0.8572,0.6143,1.5613,2025-august:210|2025-september:390|2025-october:390|2025-november:390|2025-december:320|2026-january:720|2026-february:390|2026-march:320|2026-april:260|2026-may:210|2026-june:210|2026-july:210,United Kingdom,2826,English,1000,Google Search,2026-09-03,Rounded historical demand signal; not obtainable traffic or market size
drag show near me,,drag show near me,Live culture: Drag shows,320,LOW,15,0.9355,0.2669,1.4865,2025-august:320|2025-september:320|2025-october:390|2025-november:320|2025-december:260|2026-january:390|2026-february:320|2026-march:260|2026-april:260|2026-may:320|2026-june:260|2026-july:260,United Kingdom,2826,English,1000,Google Search,2026-09-03,Rounded historical demand signal; not obtainable traffic or market size
embroidery classes near me,,embroidery classes near me,Craft and making: Embroidery workshops,320,HIGH,91,0.5829,0.2552,0.6941,2025-august:390|2025-september:480|2025-october:390|2025-november:320|2025-december:320|2026-january:390|2026-february:320|2026-march:480|2026-april:260|2026-may:210|2026-june:260|2026-july:260,United Kingdom,2826,English,1000,Google Search,2026-09-03,Rounded historical demand signal; not obtainable traffic or market size
film club near me,,film club near me,Live culture: Film clubs,320,LOW,4,14.9328,0.9889,13.7061,2025-august:390|2025-september:390|2025-october:480|2025-november:320|2025-december:260|2026-january:390|2026-february:320|2026-march:320|2026-april:320|2026-may:260|2026-june:320|2026-july:320,United Kingdom,2826,English,1000,Google Search,2026-09-03,Rounded historical demand signal; not obtainable traffic or market size
mushroom foraging near me,,mushroom foraging near me,Nature and animals: Mushroom foraging,320,HIGH,92,0.4662,0.2035,0.6898,2025-august:320|2025-september:1000|2025-october:1000|2025-november:390|2025-december:210|2026-january:170|2026-february:90|2026-march:90|2026-april:110|2026-may:90|2026-june:90|2026-july:70,United Kingdom,2826,English,1000,Google Search,2026-09-03,Rounded historical demand signal; not obtainable traffic or market size
painting workshop near me,,painting workshop near me,Craft and making: Painting classes,320,HIGH,95,0.6753,0.2513,0.9922,2025-august:320|2025-september:320|2025-october:320|2025-november:320|2025-december:260|2026-january:320|2026-february:390|2026-march:320|2026-april:260|2026-may:260|2026-june:320|2026-july:260,United Kingdom,2826,English,1000,Google Search,2026-09-03,Rounded historical demand signal; not obtainable traffic or market size
social events near me,,social events near me,Social and relationship: General social events,320,LOW,12,1.8870,0.2783,1.7783,2025-august:390|2025-september:320|2025-october:320|2025-november:260|2025-december:210|2026-january:390|2026-february:260|2026-march:320|2026-april:260|2026-may:320|2026-june:320|2026-july:320,United Kingdom,2826,English,1000,Google Search,2026-09-03,Rounded historical demand signal; not obtainable traffic or market size
womens retreats uk,,womens retreats uk,"Wellness, spa and retreats: Women's retreats",320,MEDIUM,55,0.7937,0.1965,0.9389,2025-august:320|2025-september:390|2025-october:320|2025-november:260|2025-december:210|2026-january:390|2026-february:320|2026-march:320|2026-april:320|2026-may:480|2026-june:390|2026-july:390,United Kingdom,2826,English,1000,Google Search,2026-09-03,Rounded historical demand signal; not obtainable traffic or market size
coding classes near me,,coding classes near me,Technical and maker hobbies: Coding workshops,260,MEDIUM,65,2.8843,1.0560,3.4455,2025-august:320|2025-september:390|2025-october:260|2025-november:260|2025-december:170|2026-january:260|2026-february:210|2026-march:320|2026-april:210|2026-may:210|2026-june:170|2026-july:170,United Kingdom,2826,English,1000,Google Search,2026-09-03,Rounded historical demand signal; not obtainable traffic or market size
furniture restoration courses near me,,furniture restoration courses near me,Craft and making: Furniture restoration,260,MEDIUM,37,0.7918,0.2842,1.8656,2025-august:390|2025-september:320|2025-october:390|2025-november:260|2025-december:260|2026-january:390|2026-february:320|2026-march:210|2026-april:170|2026-may:140|2026-june:140|2026-july:170,United Kingdom,2826,English,1000,Google Search,2026-09-03,Rounded historical demand signal; not obtainable traffic or market size
jewellery making workshop near me,,jewellery making workshop near me,Craft and making: Jewellery making,260,HIGH,97,0.5419,0.2473,0.9764,2025-august:320|2025-september:260|2025-october:260|2025-november:320|2025-december:260|2026-january:260|2026-february:260|2026-march:260|2026-april:210|2026-may:210|2026-june:170|2026-july:260,United Kingdom,2826,English,1000,Google Search,2026-09-03,Rounded historical demand signal; not obtainable traffic or market size
maker space near me,,maker space near me,Technical and maker hobbies: Makerspaces,260,LOW,8,0.0904,0.0000,0.0000,2025-august:260|2025-september:390|2025-october:260|2025-november:260|2025-december:260|2026-january:320|2026-february:260|2026-march:260|2026-april:260|2026-may:260|2026-june:260|2026-july:210,United Kingdom,2826,English,1000,Google Search,2026-09-03,Rounded historical demand signal; not obtainable traffic or market size
mosaic classes near me,,mosaic classes near me,Craft and making: Mosaic making,260,HIGH,97,0.5126,0.2297,0.7464,2025-august:320|2025-september:320|2025-october:260|2025-november:260|2025-december:210|2026-january:320|2026-february:260|2026-march:480|2026-april:260|2026-may:260|2026-june:260|2026-july:260,United Kingdom,2826,English,1000,Google Search,2026-09-03,Rounded historical demand signal; not obtainable traffic or market size
mosaic workshops near me,,mosaic workshops near me,Craft and making: Mosaic making,260,HIGH,97,0.6825,0.1928,0.6992,2025-august:320|2025-september:320|2025-october:260|2025-november:260|2025-december:170|2026-january:260|2026-february:260|2026-march:390|2026-april:260|2026-may:260|2026-june:260|2026-july:260,United Kingdom,2826,English,1000,Google Search,2026-09-03,Rounded historical demand signal; not obtainable traffic or market size
soap making courses near me,,soap making courses near me,Craft and making: Soap making,260,HIGH,100,0.4982,0.1803,0.7404,2025-august:260|2025-september:320|2025-october:390|2025-november:260|2025-december:260|2026-january:390|2026-february:260|2026-march:260|2026-april:260|2026-may:260|2026-june:210|2026-july:210,United Kingdom,2826,English,1000,Google Search,2026-09-03,Rounded historical demand signal; not obtainable traffic or market size
terrarium workshop near me,,terrarium workshop near me,Craft and making: Terrarium making,260,HIGH,100,0.5397,0.3102,1.0215,2025-august:210|2025-september:210|2025-october:210|2025-november:320|2025-december:320|2026-january:320|2026-february:260|2026-march:320|2026-april:210|2026-may:210|2026-june:210|2026-july:210,United Kingdom,2826,English,1000,Google Search,2026-09-03,Rounded historical demand signal; not obtainable traffic or market size
woodturning classes near me,,woodturning classes near me,Craft and making: Woodturning,260,MEDIUM,42,1.0544,0.1079,1.1029,2025-august:260|2025-september:320|2025-october:320|2025-november:390|2025-december:390|2026-january:320|2026-february:260|2026-march:260|2026-april:260|2026-may:210|2026-june:170|2026-july:140,United Kingdom,2826,English,1000,Google Search,2026-09-03,Rounded historical demand signal; not obtainable traffic or market size
woodturning courses near me,,woodturning courses near me,Craft and making: Woodturning,260,MEDIUM,42,1.0544,0.1079,1.1029,2025-august:260|2025-september:320|2025-october:320|2025-november:390|2025-december:390|2026-january:320|2026-february:260|2026-march:260|2026-april:260|2026-may:210|2026-june:170|2026-july:140,United Kingdom,2826,English,1000,Google Search,2026-09-03,Rounded historical demand signal; not obtainable traffic or market size
art retreats uk,,art retreats uk,"Wellness, spa and retreats: Art retreats",210,MEDIUM,43,0.5432,0.1777,0.6296,2025-august:210|2025-september:210|2025-october:210|2025-november:260|2025-december:170|2026-january:320|2026-february:210|2026-march:210|2026-april:210|2026-may:210|2026-june:170|2026-july:210,United Kingdom,2826,English,1000,Google Search,2026-09-03,Rounded historical demand signal; not obtainable traffic or market size
classic car clubs near me,,classic car clubs near me,Technical and maker hobbies: Car clubs,210,LOW,2,0.6734,0.0000,0.0000,2025-august:320|2025-september:260|2025-october:210|2025-november:170|2025-december:170|2026-january:260|2026-february:260|2026-march:260|2026-april:260|2026-may:260|2026-june:210|2026-july:170,United Kingdom,2826,English,1000,Google Search,2026-09-03,Rounded historical demand signal; not obtainable traffic or market size
classical music near me,,classical music near me,Live culture: Classical concerts,210,LOW,33,3.9070,0.3449,3.4537,2025-august:210|2025-september:210|2025-october:260|2025-november:210|2025-december:260|2026-january:260|2026-february:210|2026-march:210|2026-april:170|2026-may:140|2026-june:140|2026-july:210,United Kingdom,2826,English,1000,Google Search,2026-09-03,Rounded historical demand signal; not obtainable traffic or market size
cold water therapy near me,,cold water therapy near me,Fitness and mind-body: Cold-water therapy,210,LOW,32,1.1808,0.3142,0.8642,2025-august:320|2025-september:260|2025-october:260|2025-november:210|2025-december:210|2026-january:320|2026-february:260|2026-march:170|2026-april:210|2026-may:170|2026-june:210|2026-july:210,United Kingdom,2826,English,1000,Google Search,2026-09-03,Rounded historical demand signal; not obtainable traffic or market size
diy classes near me,,diy classes near me,Technical and maker hobbies: DIY workshops,210,MEDIUM,52,0.5169,0.3239,1.3487,2025-august:210|2025-september:210|2025-october:260|2025-november:210|2025-december:170|2026-january:320|2026-february:260|2026-march:170|2026-april:210|2026-may:140|2026-june:170|2026-july:140,United Kingdom,2826,English,1000,Google Search,2026-09-03,Rounded historical demand signal; not obtainable traffic or market size
drone club near me,,drone club near me,Technical and maker hobbies: Drone clubs,210,LOW,6,1.1715,0.3768,1.5459,2025-august:260|2025-september:260|2025-october:210|2025-november:210|2025-december:260|2026-january:260|2026-february:210|2026-march:210|2026-april:210|2026-may:210|2026-june:210|2026-july:210,United Kingdom,2826,English,1000,Google Search,2026-09-03,Rounded historical demand signal; not obtainable traffic or market size
drumming circle near me,,drumming circle near me,Performance and dance: Drumming circles,210,LOW,5,0.0000,0.2759,2.5487,2025-august:260|2025-september:210|2025-october:210|2025-november:210|2025-december:140|2026-january:210|2026-february:210|2026-march:210|2026-april:170|2026-may:210|2026-june:260|2026-july:210,United Kingdom,2826,English,1000,Google Search,2026-09-03,Rounded historical demand signal; not obtainable traffic or market size
pasta making class near me,,pasta making class near me,Food and drink: Pasta making,210,HIGH,100,0.6606,0.2354,0.8695,2025-august:170|2025-september:260|2025-october:320|2025-november:320|2025-december:260|2026-january:210|2026-february:170|2026-march:170|2026-april:140|2026-may:170|2026-june:170|2026-july:210,United Kingdom,2826,English,1000,Google Search,2026-09-03,Rounded historical demand signal; not obtainable traffic or market size
photography workshops near me,,photography workshops near me,Craft and making: Photography workshops,210,MEDIUM,42,1.3813,0.3945,1.4442,2025-august:320|2025-september:260|2025-october:260|2025-november:170|2025-december:170|2026-january:260|2026-february:170|2026-march:210|2026-april:210|2026-may:170|2026-june:170|2026-july:210,United Kingdom,2826,English,1000,Google Search,2026-09-03,Rounded historical demand signal; not obtainable traffic or market size
public lectures,,public lectures,"Ideas, books and learning: Public lectures",210,LOW,6,1.9072,1.1377,2.4934,2025-august:140|2025-september:170|2025-october:170|2025-november:170|2025-december:170|2026-january:260|2026-february:210|2026-march:210|2026-april:170|2026-may:170|2026-june:260|2026-july:210,United Kingdom,2826,English,1000,Google Search,2026-09-03,Rounded historical demand signal; not obtainable traffic or market size
sushi making class near me,,sushi making class near me,Food and drink: Sushi making,210,HIGH,100,0.7420,0.2991,0.9319,2025-august:210|2025-september:170|2025-october:210|2025-november:260|2025-december:260|2026-january:210|2026-february:260|2026-march:210|2026-april:140|2026-may:210|2026-june:140|2026-july:170,United Kingdom,2826,English,1000,Google Search,2026-09-03,Rounded historical demand signal; not obtainable traffic or market size
swing dancing near me,,swing dancing near me,Performance and dance: Swing dancing,210,LOW,11,0.2427,0.0000,0.0000,2025-august:320|2025-september:260|2025-october:260|2025-november:260|2025-december:210|2026-january:260|2026-february:210|2026-march:210|2026-april:170|2026-may:170|2026-june:210|2026-july:170,United Kingdom,2826,English,1000,Google Search,2026-09-03,Rounded historical demand signal; not obtainable traffic or market size
talks near me,,talks near me,"Ideas, books and learning: Live talks",210,LOW,1,5.0992,0.0000,0.0000,2025-august:210|2025-september:210|2025-october:210|2025-november:140|2025-december:210|2026-january:210|2026-february:210|2026-march:260|2026-april:210|2026-may:260|2026-june:210|2026-july:210,United Kingdom,2826,English,1000,Google Search,2026-09-03,Rounded historical demand signal; not obtainable traffic or market size
vegan cookery course,,vegan cookery course,Food and drink: Vegan cooking,210,HIGH,99,1.1967,0.3777,1.4641,2025-august:210|2025-september:320|2025-october:210|2025-november:260|2025-december:260|2026-january:210|2026-february:210|2026-march:170|2026-april:140|2026-may:140|2026-june:140|2026-july:170,United Kingdom,2826,English,1000,Google Search,2026-09-03,Rounded historical demand signal; not obtainable traffic or market size
walking club near me,,walking club near me,Outdoor and endurance: Walking groups,210,LOW,9,1.2259,0.6664,1.7507,2025-august:210|2025-september:210|2025-october:210|2025-november:170|2025-december:170|2026-january:320|2026-february:260|2026-march:210|2026-april:210|2026-may:210|2026-june:170|2026-july:170,United Kingdom,2826,English,1000,Google Search,2026-09-03,Rounded historical demand signal; not obtainable traffic or market size
3d printing course near me,,3d printing course near me,Technical and maker hobbies: 3D-printing workshops,170,LOW,28,1.1519,0.4644,1.2514,2025-august:140|2025-september:210|2025-october:210|2025-november:210|2025-december:170|2026-january:210|2026-february:210|2026-march:210|2026-april:140|2026-may:140|2026-june:140|2026-july:110,United Kingdom,2826,English,1000,Google Search,2026-09-03,Rounded historical demand signal; not obtainable traffic or market size
backgammon club near me,,backgammon club near me,Tabletop and games: Backgammon clubs,170,LOW,1,0.0000,0.0000,0.0000,2025-august:140|2025-september:140|2025-october:140|2025-november:110|2025-december:260|2026-january:260|2026-february:170|2026-march:140|2026-april:170|2026-may:110|2026-june:140|2026-july:90,United Kingdom,2826,English,1000,Google Search,2026-09-03,Rounded historical demand signal; not obtainable traffic or market size
cheese making courses near me,,cheese making courses near me,Food and drink: Cheese making,170,HIGH,100,0.9310,0.3082,1.3215,2025-august:140|2025-september:170|2025-october:210|2025-november:260|2025-december:260|2026-january:170|2026-february:110|2026-march:90|2026-april:110|2026-may:110|2026-june:140|2026-july:110,United Kingdom,2826,English,1000,Google Search,2026-09-03,Rounded historical demand signal; not obtainable traffic or market size
clothes swap near me,,clothes swap near me,Community and alternative: Clothes swaps,170,LOW,1,0.0000,0.0000,0.0000,2025-august:170|2025-september:210|2025-october:210|2025-november:170|2025-december:90|2026-january:210|2026-february:140|2026-march:170|2026-april:140|2026-may:140|2026-june:140|2026-july:140,United Kingdom,2826,English,1000,Google Search,2026-09-03,Rounded historical demand signal; not obtainable traffic or market size
dinner with strangers,,dinner with strangers,Social and relationship: Dinner with strangers,170,LOW,8,2.7000,1.1792,3.8270,2025-august:260|2025-september:210|2025-october:210|2025-november:170|2025-december:140|2026-january:170|2026-february:140|2026-march:140|2026-april:110|2026-may:110|2026-june:90|2026-july:110,United Kingdom,2826,English,1000,Google Search,2026-09-03,Rounded historical demand signal; not obtainable traffic or market size
dodgeball near me,,dodgeball near me,Racket and team sport: Dodgeball,170,LOW,11,0.2638,0.0000,0.0000,2025-august:170|2025-september:210|2025-october:170|2025-november:140|2025-december:140|2026-january:260|2026-february:210|2026-march:170|2026-april:170|2026-may:110|2026-june:140|2026-july:140,United Kingdom,2826,English,1000,Google Search,2026-09-03,Rounded historical demand signal; not obtainable traffic or market size
electronics courses near me,,electronics courses near me,Technical and maker hobbies: Electronics workshops,170,MEDIUM,61,2.4023,0.5085,2.5684,2025-august:170|2025-september:140|2025-october:140|2025-november:170|2025-december:140|2026-january:170|2026-february:170|2026-march:210|2026-april:110|2026-may:260|2026-june:110|2026-july:90,United Kingdom,2826,English,1000,Google Search,2026-09-03,Rounded historical demand signal; not obtainable traffic or market size
group dog walks near me,,group dog walks near me,Nature and animals: Dog-walking groups,170,LOW,4,0.0000,0.0000,0.0000,2025-august:170|2025-september:170|2025-october:170|2025-november:140|2025-december:110|2026-january:210|2026-february:210|2026-march:170|2026-april:140|2026-may:140|2026-june:140|2026-july:110,United Kingdom,2826,English,1000,Google Search,2026-09-03,Rounded historical demand signal; not obtainable traffic or market size
leather workshop near me,,leather workshop near me,Craft and making: Leatherworking,170,HIGH,73,0.5569,0.2082,1.2036,2025-august:170|2025-september:170|2025-october:170|2025-november:210|2025-december:170|2026-january:140|2026-february:140|2026-march:170|2026-april:140|2026-may:140|2026-june:140|2026-july:140,United Kingdom,2826,English,1000,Google Search,2026-09-03,Rounded historical demand signal; not obtainable traffic or market size
mushroom foraging course,,mushroom foraging course,Nature and animals: Mushroom foraging,170,HIGH,100,0.5835,0.1446,0.5757,2025-august:170|2025-september:390|2025-october:480|2025-november:260|2025-december:170|2026-january:110|2026-february:50|2026-march:50|2026-april:50|2026-may:50|2026-june:50|2026-july:70,United Kingdom,2826,English,1000,Google Search,2026-09-03,Rounded historical demand signal; not obtainable traffic or market size
poetry class near me,,poetry class near me,"Ideas, books and learning: Poetry workshops",170,LOW,33,1.2937,0.4328,1.3878,2025-august:260|2025-september:210|2025-october:210|2025-november:170|2025-december:140|2026-january:260|2026-february:170|2026-march:140|2026-april:140|2026-may:140|2026-june:140|2026-july:140,United Kingdom,2826,English,1000,Google Search,2026-09-03,Rounded historical demand signal; not obtainable traffic or market size
poetry workshops near me,,poetry workshops near me,"Ideas, books and learning: Poetry workshops",170,LOW,33,1.2937,0.4328,1.3878,2025-august:260|2025-september:210|2025-october:210|2025-november:170|2025-december:140|2026-january:260|2026-february:170|2026-march:140|2026-april:140|2026-may:140|2026-june:140|2026-july:140,United Kingdom,2826,English,1000,Google Search,2026-09-03,Rounded historical demand signal; not obtainable traffic or market size
poker nights near me,,poker nights near me,Tabletop and games: Poker nights,170,LOW,6,0.0000,2.3695,5.9598,2025-august:210|2025-september:260|2025-october:210|2025-november:210|2025-december:140|2026-january:210|2026-february:210|2026-march:170|2026-april:170|2026-may:140|2026-june:110|2026-july:110,United Kingdom,2826,English,1000,Google Search,2026-09-03,Rounded historical demand signal; not obtainable traffic or market size
quilting groups near me,,quilting groups near me,Craft and making: Quilting groups,170,LOW,4,3.8479,3.9079,5.7994,2025-august:210|2025-september:170|2025-october:210|2025-november:140|2025-december:110|2026-january:170|2026-february:170|2026-march:170|2026-april:140|2026-may:110|2026-june:140|2026-july:140,United Kingdom,2826,English,1000,Google Search,2026-09-03,Rounded historical demand signal; not obtainable traffic or market size
resin workshop near me,,resin workshop near me,Craft and making: Resin art,170,HIGH,98,2.7210,0.8522,3.4740,2025-august:140|2025-september:140|2025-october:170|2025-november:170|2025-december:170|2026-january:260|2026-february:260|2026-march:210|2026-april:170|2026-may:170|2026-june:140|2026-july:110,United Kingdom,2826,English,1000,Google Search,2026-09-03,Rounded historical demand signal; not obtainable traffic or market size
theatre tickets near me,,theatre tickets near me,Live culture: Theatre,170,HIGH,94,1.3280,0.2298,1.3951,2025-august:140|2025-september:140|2025-october:170|2025-november:260|2025-december:390|2026-january:170|2026-february:170|2026-march:210|2026-april:110|2026-may:90|2026-june:110|2026-july:140,United Kingdom,2826,English,1000,Google Search,2026-09-03,Rounded historical demand signal; not obtainable traffic or market size
vegan cooking classes near me,,vegan cooking classes near me,Food and drink: Vegan cooking,170,HIGH,100,1.0023,0.2365,1.2327,2025-august:260|2025-september:210|2025-october:210|2025-november:260|2025-december:260|2026-january:170|2026-february:110|2026-march:170|2026-april:110|2026-may:140|2026-june:110|2026-july:90,United Kingdom,2826,English,1000,Google Search,2026-09-03,Rounded historical demand signal; not obtainable traffic or market size
wine tasting events near me,,wine tasting events near me,Food and drink: Wine tasting,170,HIGH,100,0.6651,0.5909,0.9889,2025-august:140|2025-september:170|2025-october:170|2025-november:170|2025-december:170|2026-january:170|2026-february:170|2026-march:170|2026-april:140|2026-may:110|2026-june:140|2026-july:110,United Kingdom,2826,English,1000,Google Search,2026-09-03,Rounded historical demand signal; not obtainable traffic or market size
airsoft events near me,,airsoft events near me,Competitive experiences: Airsoft,140,LOW,7,0.5686,0.2365,0.5556,2025-august:170|2025-september:110|2025-october:140|2025-november:110|2025-december:110|2026-january:110|2026-february:110|2026-march:140|2026-april:140|2026-may:140|2026-june:140|2026-july:110,United Kingdom,2826,English,1000,Google Search,2026-09-03,Rounded historical demand signal; not obtainable traffic or market size
gardening workshops near me,,gardening workshops near me,Nature and animals: Gardening workshops,140,HIGH,86,1.7402,0.5097,1.9221,2025-august:210|2025-september:140|2025-october:110|2025-november:90|2025-december:140|2026-january:170|2026-february:170|2026-march:210|2026-april:170|2026-may:170|2026-june:140|2026-july:110,United Kingdom,2826,English,1000,Google Search,2026-09-03,Rounded historical demand signal; not obtainable traffic or market size
lino printing course near me,,lino printing course near me,Craft and making: Lino printing,140,HIGH,94,0.3660,0.1738,0.7456,2025-august:140|2025-september:90|2025-october:110|2025-november:140|2025-december:140|2026-january:210|2026-february:140|2026-march:170|2026-april:140|2026-may:140|2026-june:90|2026-july:90,United Kingdom,2826,English,1000,Google Search,2026-09-03,Rounded historical demand signal; not obtainable traffic or market size
lino printing workshop near me,,lino printing workshop near me,Craft and making: Lino printing,140,HIGH,79,1.6195,0.1638,0.8796,2025-august:140|2025-september:140|2025-october:140|2025-november:110|2025-december:140|2026-january:210|2026-february:140|2026-march:170|2026-april:110|2026-may:90|2026-june:110|2026-july:70,United Kingdom,2826,English,1000,Google Search,2026-09-03,Rounded historical demand signal; not obtainable traffic or market size
mahjong near me,,mahjong near me,Tabletop and games: Mahjong,140,LOW,3,0.0000,0.0000,0.0000,2025-august:110|2025-september:110|2025-october:140|2025-november:110|2025-december:140|2026-january:170|2026-february:170|2026-march:210|2026-april:170|2026-may:210|2026-june:140|2026-july:140,United Kingdom,2826,English,1000,Google Search,2026-09-03,Rounded historical demand signal; not obtainable traffic or market size
mens retreats uk,,mens retreats uk,"Wellness, spa and retreats: Men's retreats",140,LOW,20,1.0583,0.0736,1.1200,2025-august:210|2025-september:170|2025-october:170|2025-november:110|2025-december:110|2026-january:140|2026-february:110|2026-march:140|2026-april:110|2026-may:110|2026-june:110|2026-july:170,United Kingdom,2826,English,1000,Google Search,2026-09-03,Rounded historical demand signal; not obtainable traffic or market size
poker club near me,,poker club near me,Tabletop and games: Poker nights,140,LOW,13,1.0550,0.8188,3.6820,2025-august:140|2025-september:260|2025-october:170|2025-november:140|2025-december:170|2026-january:170|2026-february:210|2026-march:140|2026-april:140|2026-may:90|2026-june:110|2026-july:110,United Kingdom,2826,English,1000,Google Search,2026-09-03,Rounded historical demand signal; not obtainable traffic or market size
printmaking workshops near me,,printmaking workshops near me,Craft and making: Printmaking,140,MEDIUM,64,0.8412,0.4228,1.3165,2025-august:170|2025-september:140|2025-october:140|2025-november:140|2025-december:140|2026-january:210|2026-february:140|2026-march:140|2026-april:110|2026-may:110|2026-june:110|2026-july:90,United Kingdom,2826,English,1000,Google Search,2026-09-03,Rounded historical demand signal; not obtainable traffic or market size
resin art classes near me,,resin art classes near me,Craft and making: Resin art,140,HIGH,100,1.3221,0.3225,1.7055,2025-august:170|2025-september:210|2025-october:140|2025-november:170|2025-december:110|2026-january:170|2026-february:170|2026-march:170|2026-april:140|2026-may:110|2026-june:70|2026-july:70,United Kingdom,2826,English,1000,Google Search,2026-09-03,Rounded historical demand signal; not obtainable traffic or market size
screen printing course near me,,screen printing course near me,Craft and making: Screen printing,140,HIGH,89,0.9272,0.2980,1.2631,2025-august:140|2025-september:140|2025-october:140|2025-november:140|2025-december:140|2026-january:170|2026-february:140|2026-march:140|2026-april:110|2026-may:140|2026-june:140|2026-july:110,United Kingdom,2826,English,1000,Google Search,2026-09-03,Rounded historical demand signal; not obtainable traffic or market size
sculpture classes near me,,sculpture classes near me,Craft and making: Sculpture,140,HIGH,69,1.5551,0.3468,1.9948,2025-august:170|2025-september:210|2025-october:140|2025-november:210|2025-december:140|2026-january:140|2026-february:140|2026-march:170|2026-april:110|2026-may:110|2026-june:110|2026-july:110,United Kingdom,2826,English,1000,Google Search,2026-09-03,Rounded historical demand signal; not obtainable traffic or market size
tea tasting experience,,tea tasting experience,Food and drink: Tea tasting,140,HIGH,100,0.6437,0.3214,0.8341,2025-august:70|2025-september:70|2025-october:110|2025-november:170|2025-december:210|2026-january:170|2026-february:170|2026-march:170|2026-april:140|2026-may:140|2026-june:110|2026-july:140,United Kingdom,2826,English,1000,Google Search,2026-09-03,Rounded historical demand signal; not obtainable traffic or market size
video game bar near me,,video game bar near me,Tabletop and games: Video-game bars,140,LOW,28,0.2248,0.0000,0.0000,2025-august:170|2025-september:110|2025-october:170|2025-november:140|2025-december:110|2026-january:170|2026-february:140|2026-march:110|2026-april:140|2026-may:140|2026-june:140|2026-july:140,United Kingdom,2826,English,1000,Google Search,2026-09-03,Rounded historical demand signal; not obtainable traffic or market size
walking tours near me,,walking tours near me,"Ideas, books and learning: Guided walking tours",140,MEDIUM,62,0.6135,0.2940,0.8693,2025-august:210|2025-september:170|2025-october:140|2025-november:110|2025-december:110|2026-january:110|2026-february:140|2026-march:170|2026-april:170|2026-may:170|2026-june:170|2026-july:170,United Kingdom,2826,English,1000,Google Search,2026-09-03,Rounded historical demand signal; not obtainable traffic or market size
wild swimming groups near me,,wild swimming groups near me,Outdoor and endurance: Open-water swimming,140,LOW,3,2.2989,1.4828,2.3354,2025-august:210|2025-september:170|2025-october:140|2025-november:110|2025-december:90|2026-january:140|2026-february:110|2026-march:140|2026-april:140|2026-may:140|2026-june:170|2026-july:170,United Kingdom,2826,English,1000,Google Search,2026-09-03,Rounded historical demand signal; not obtainable traffic or market size
bird watching groups near me,,bird watching groups near me,Nature and animals: Birdwatching groups,110,LOW,3,6.7150,0.0000,0.0000,2025-august:70|2025-september:110|2025-october:110|2025-november:90|2025-december:70|2026-january:140|2026-february:110|2026-march:140|2026-april:140|2026-may:170|2026-june:110|2026-july:110,United Kingdom,2826,English,1000,Google Search,2026-09-03,Rounded historical demand signal; not obtainable traffic or market size
calligraphy workshop near me,,calligraphy workshop near me,Craft and making: Calligraphy,110,MEDIUM,50,1.8121,0.2120,1.4828,2025-august:90|2025-september:210|2025-october:110|2025-november:170|2025-december:140|2026-january:260|2026-february:110|2026-march:110|2026-april:90|2026-may:90|2026-june:90|2026-july:90,United Kingdom,2826,English,1000,Google Search,2026-09-03,Rounded historical demand signal; not obtainable traffic or market size
cheese making experience,,cheese making experience,Food and drink: Cheese making,110,HIGH,100,1.3329,0.3488,1.1555,2025-august:90|2025-september:70|2025-october:110|2025-november:210|2025-december:260|2026-january:90|2026-february:70|2026-march:90|2026-april:90|2026-may:70|2026-june:70|2026-july:70,United Kingdom,2826,English,1000,Google Search,2026-09-03,Rounded historical demand signal; not obtainable traffic or market size
cocktail masterclass near me,,cocktail masterclass near me,Food and drink: Cocktail masterclasses,110,HIGH,100,0.8984,0.4467,1.3568,2025-august:140|2025-september:140|2025-october:140|2025-november:110|2025-december:170|2026-january:170|2026-february:140|2026-march:110|2026-april:70|2026-may:70|2026-june:50|2026-july:50,United Kingdom,2826,English,1000,Google Search,2026-09-03,Rounded historical demand signal; not obtainable traffic or market size
farm events near me,,farm events near me,Nature and animals: Farm experiences,110,LOW,3,5.8964,0.0000,0.0000,2025-august:170|2025-september:110|2025-october:110|2025-november:90|2025-december:30|2026-january:30|2026-february:70|2026-march:90|2026-april:140|2026-may:170|2026-june:140|2026-july:140,United Kingdom,2826,English,1000,Google Search,2026-09-03,Rounded historical demand signal; not obtainable traffic or market size
history talks near me,,history talks near me,"Ideas, books and learning: History talks",110,LOW,2,16.3254,0.0000,0.0000,2025-august:110|2025-september:140|2025-october:140|2025-november:140|2025-december:110|2026-january:140|2026-february:110|2026-march:110|2026-april:110|2026-may:90|2026-june:90|2026-july:90,United Kingdom,2826,English,1000,Google Search,2026-09-03,Rounded historical demand signal; not obtainable traffic or market size
jam sessions near me,,jam sessions near me,Performance and dance: Music jam sessions,110,LOW,2,6.1610,0.0000,0.0000,2025-august:110|2025-september:110|2025-october:110|2025-november:110|2025-december:110|2026-january:140|2026-february:110|2026-march:110|2026-april:90|2026-may:110|2026-june:70|2026-july:90,United Kingdom,2826,English,1000,Google Search,2026-09-03,Rounded historical demand signal; not obtainable traffic or market size
litter picking groups near me,,litter picking groups near me,Community and alternative: Litter-picking groups,110,LOW,5,8.3398,5.8802,14.8280,2025-august:70|2025-september:70|2025-october:70|2025-november:50|2025-december:70|2026-january:210|2026-february:210|2026-march:210|2026-april:110|2026-may:90|2026-june:90|2026-july:90,United Kingdom,2826,English,1000,Google Search,2026-09-03,Rounded historical demand signal; not obtainable traffic or market size
social netball near me,,social netball near me,Racket and team sport: Netball,110,LOW,13,1.6077,0.5410,2.4321,2025-august:110|2025-september:140|2025-october:140|2025-november:90|2025-december:70|2026-january:110|2026-february:90|2026-march:110|2026-april:90|2026-may:90|2026-june:90|2026-july:110,United Kingdom,2826,English,1000,Google Search,2026-09-03,Rounded historical demand signal; not obtainable traffic or market size
softball near me,,softball near me,Racket and team sport: Softball,110,LOW,8,1.2174,0.0000,0.0000,2025-august:170|2025-september:110|2025-october:90|2025-november:90|2025-december:70|2026-january:90|2026-february:90|2026-march:140|2026-april:170|2026-may:170|2026-june:170|2026-july:140,United Kingdom,2826,English,1000,Google Search,2026-09-03,Rounded historical demand signal; not obtainable traffic or market size
watercolour workshop near me,,watercolour workshop near me,Craft and making: Watercolour classes,110,HIGH,82,0.5209,0.2054,1.2574,2025-august:90|2025-september:90|2025-october:110|2025-november:110|2025-december:110|2026-january:140|2026-february:110|2026-march:110|2026-april:90|2026-may:140|2026-june:90|2026-july:110,United Kingdom,2826,English,1000,Google Search,2026-09-03,Rounded historical demand signal; not obtainable traffic or market size
womens retreat near me,,womens retreat near me,"Wellness, spa and retreats: Women's retreats",110,MEDIUM,57,1.3153,0.3116,1.0987,2025-august:170|2025-september:140|2025-october:90|2025-november:110|2025-december:70|2026-january:110|2026-february:90|2026-march:110|2026-april:110|2026-may:110|2026-june:90|2026-july:110,United Kingdom,2826,English,1000,Google Search,2026-09-03,Rounded historical demand signal; not obtainable traffic or market size
backgammon near me,,backgammon near me,Tabletop and games: Backgammon clubs,90,HIGH,96,0.0669,0.0000,0.0000,2025-august:110|2025-september:90|2025-october:90|2025-november:70|2025-december:140|2026-january:90|2026-february:70|2026-march:90|2026-april:90|2026-may:70|2026-june:70|2026-july:70,United Kingdom,2826,English,1000,Google Search,2026-09-03,Rounded historical demand signal; not obtainable traffic or market size
barre fitness near me,,barre fitness near me,Fitness and mind-body: Barre classes,90,LOW,33,1.5397,0.5154,1.2806,2025-august:90|2025-september:170|2025-october:90|2025-november:70|2025-december:90|2026-january:170|2026-february:90|2026-march:110|2026-april:70|2026-may:90|2026-june:90|2026-july:50,United Kingdom,2826,English,1000,Google Search,2026-09-03,Rounded historical demand signal; not obtainable traffic or market size
board game night near me,,board game night near me,Tabletop and games: Board-game nights,90,LOW,3,0.0000,0.0000,0.0000,2025-august:90|2025-september:50|2025-october:70|2025-november:90|2025-december:90|2026-january:140|2026-february:90|2026-march:90|2026-april:70|2026-may:70|2026-june:70|2026-july:90,United Kingdom,2826,English,1000,Google Search,2026-09-03,Rounded historical demand signal; not obtainable traffic or market size
bookbinding courses near me,,bookbinding courses near me,Craft and making: Bookbinding,90,MEDIUM,59,0.9545,0.1845,1.0277,2025-august:140|2025-september:110|2025-october:90|2025-november:140|2025-december:90|2026-january:110|2026-february:90|2026-march:70|2026-april:70|2026-may:110|2026-june:90|2026-july:90,United Kingdom,2826,English,1000,Google Search,2026-09-03,Rounded historical demand signal; not obtainable traffic or market size
candle making class near me,,candle making class near me,Craft and making: Candle making,90,HIGH,100,0.7801,0.2219,1.4364,2025-august:70|2025-september:110|2025-october:140|2025-november:140|2025-december:110|2026-january:110|2026-february:110|2026-march:90|2026-april:90|2026-may:70|2026-june:50|2026-july:40,United Kingdom,2826,English,1000,Google Search,2026-09-03,Rounded historical demand signal; not obtainable traffic or market size
chocolate making workshop near me,,chocolate making workshop near me,Food and drink: Chocolate making,90,HIGH,94,0.4166,0.2404,0.7205,2025-august:110|2025-september:110|2025-october:110|2025-november:140|2025-december:70|2026-january:90|2026-february:90|2026-march:90|2026-april:70|2026-may:70|2026-june:70|2026-july:50,United Kingdom,2826,English,1000,Google Search,2026-09-03,Rounded historical demand signal; not obtainable traffic or market size
corporate retreats uk,,corporate retreats uk,"Wellness, spa and retreats: Corporate retreats",90,MEDIUM,63,16.0730,2.2531,8.4794,2025-august:90|2025-september:170|2025-october:50|2025-november:70|2025-december:50|2026-january:90|2026-february:90|2026-march:110|2026-april:70|2026-may:90|2026-june:70|2026-july:50,United Kingdom,2826,English,1000,Google Search,2026-09-03,Rounded historical demand signal; not obtainable traffic or market size
debating society near me,,debating society near me,"Ideas, books and learning: Debate clubs",90,LOW,8,0.0000,1.1001,14.8280,2025-august:90|2025-september:110|2025-october:110|2025-november:90|2025-december:70|2026-january:110|2026-february:70|2026-march:90|2026-april:50|2026-may:70|2026-june:50|2026-july:260,United Kingdom,2826,English,1000,Google Search,2026-09-03,Rounded historical demand signal; not obtainable traffic or market size
diy workshops near me,,diy workshops near me,Technical and maker hobbies: DIY workshops,90,MEDIUM,63,0.7311,0.3874,3.3434,2025-august:90|2025-september:90|2025-october:90|2025-november:90|2025-december:70|2026-january:110|2026-february:90|2026-march:90|2026-april:90|2026-may:70|2026-june:70|2026-july:90,United Kingdom,2826,English,1000,Google Search,2026-09-03,Rounded historical demand signal; not obtainable traffic or market size
drumming workshop near me,,drumming workshop near me,Performance and dance: Drumming circles,90,LOW,20,0.6925,0.3383,1.2665,2025-august:90|2025-september:70|2025-october:110|2025-november:90|2025-december:90|2026-january:170|2026-february:110|2026-march:110|2026-april:110|2026-may:70|2026-june:90|2026-july:70,United Kingdom,2826,English,1000,Google Search,2026-09-03,Rounded historical demand signal; not obtainable traffic or market size
food tours near me,,food tours near me,Food and drink: Food tours,90,HIGH,97,2.0241,0.3661,1.7291,2025-august:110|2025-september:210|2025-october:90|2025-november:90|2025-december:90|2026-january:70|2026-february:40|2026-march:70|2026-april:50|2026-may:70|2026-june:90|2026-july:70,United Kingdom,2826,English,1000,Google Search,2026-09-03,Rounded historical demand signal; not obtainable traffic or market size
mahjong club near me,,mahjong club near me,Tabletop and games: Mahjong,90,LOW,0,0.0000,0.0000,0.0000,2025-august:90|2025-september:90|2025-october:90|2025-november:90|2025-december:90|2026-january:140|2026-february:110|2026-march:90|2026-april:90|2026-may:90|2026-june:70|2026-july:110,United Kingdom,2826,English,1000,Google Search,2026-09-03,Rounded historical demand signal; not obtainable traffic or market size
poetry night near me,,poetry night near me,Live culture: Poetry nights,90,LOW,2,0.5944,0.0000,0.0000,2025-august:90|2025-september:90|2025-october:110|2025-november:90|2025-december:50|2026-january:140|2026-february:90|2026-march:90|2026-april:70|2026-may:70|2026-june:70|2026-july:70,United Kingdom,2826,English,1000,Google Search,2026-09-03,Rounded historical demand signal; not obtainable traffic or market size
stargazing events near me,,stargazing events near me,"Ideas, books and learning: Stargazing events",90,LOW,23,0.5979,0.1848,0.8500,2025-august:110|2025-september:110|2025-october:90|2025-november:110|2025-december:90|2026-january:110|2026-february:110|2026-march:110|2026-april:70|2026-may:50|2026-june:70|2026-july:70,United Kingdom,2826,English,1000,Google Search,2026-09-03,Rounded historical demand signal; not obtainable traffic or market size
wildlife photography courses near me,,wildlife photography courses near me,Nature and animals: Wildlife-photography workshops,90,HIGH,93,0.7471,0.4036,0.9074,2025-august:110|2025-september:110|2025-october:90|2025-november:110|2025-december:110|2026-january:110|2026-february:70|2026-march:70|2026-april:50|2026-may:70|2026-june:90|2026-july:70,United Kingdom,2826,English,1000,Google Search,2026-09-03,Rounded historical demand signal; not obtainable traffic or market size
adult swimming club near me,,adult swimming club near me,Outdoor and endurance: Swimming clubs,70,LOW,7,0.0000,0.0000,0.0000,2025-august:90|2025-september:70|2025-october:70|2025-november:70|2025-december:50|2026-january:70|2026-february:70|2026-march:50|2026-april:50|2026-may:50|2026-june:50|2026-july:70,United Kingdom,2826,English,1000,Google Search,2026-09-03,Rounded historical demand signal; not obtainable traffic or market size
bookbinding workshop near me,,bookbinding workshop near me,Craft and making: Bookbinding,70,MEDIUM,51,2.0971,0.2788,1.4828,2025-august:40|2025-september:40|2025-october:50|2025-november:50|2025-december:50|2026-january:70|2026-february:90|2026-march:90|2026-april:70|2026-may:70|2026-june:70|2026-july:70,United Kingdom,2826,English,1000,Google Search,2026-09-03,Rounded historical demand signal; not obtainable traffic or market size
cabaret shows near me,,cabaret shows near me,Live culture: Cabaret,70,MEDIUM,34,1.3310,0.3884,1.6108,2025-august:110|2025-september:90|2025-october:110|2025-november:90|2025-december:90|2026-january:90|2026-february:70|2026-march:70|2026-april:50|2026-may:50|2026-june:50|2026-july:50,United Kingdom,2826,English,1000,Google Search,2026-09-03,Rounded historical demand signal; not obtainable traffic or market size
cinema club near me,,cinema club near me,Live culture: Film clubs,70,LOW,2,0.3138,0.0000,0.0000,2025-august:50|2025-september:70|2025-october:90|2025-november:90|2025-december:50|2026-january:90|2026-february:50|2026-march:70|2026-april:70|2026-may:70|2026-june:50|2026-july:50,United Kingdom,2826,English,1000,Google Search,2026-09-03,Rounded historical demand signal; not obtainable traffic or market size
dance workout near me,,dance workout near me,Fitness and mind-body: Dance fitness,70,LOW,22,1.2104,0.4806,0.9632,2025-august:70|2025-september:90|2025-october:70|2025-november:50|2025-december:40|2026-january:110|2026-february:70|2026-march:70|2026-april:70|2026-may:50|2026-june:40|2026-july:40,United Kingdom,2826,English,1000,Google Search,2026-09-03,Rounded historical demand signal; not obtainable traffic or market size
detox retreat near me,,detox retreat near me,"Wellness, spa and retreats: Detox retreats",70,LOW,9,0.0000,0.0000,0.0000,2025-august:90|2025-september:50|2025-october:70|2025-november:90|2025-december:50|2026-january:70|2026-february:70|2026-march:70|2026-april:70|2026-may:90|2026-june:50|2026-july:50,United Kingdom,2826,English,1000,Google Search,2026-09-03,Rounded historical demand signal; not obtainable traffic or market size
drag events near me,,drag events near me,Live culture: Drag shows,70,LOW,9,1.4372,0.0000,0.0000,2025-august:70|2025-september:70|2025-october:70|2025-november:70|2025-december:50|2026-january:90|2026-february:70|2026-march:90|2026-april:50|2026-may:70|2026-june:70|2026-july:50,United Kingdom,2826,English,1000,Google Search,2026-09-03,Rounded historical demand signal; not obtainable traffic or market size
embroidery workshops near me,,embroidery workshops near me,Craft and making: Embroidery workshops,70,HIGH,85,0.7009,0.3298,0.7639,2025-august:70|2025-september:50|2025-october:70|2025-november:90|2025-december:50|2026-january:90|2026-february:70|2026-march:70|2026-april:70|2026-may:70|2026-june:70|2026-july:70,United Kingdom,2826,English,1000,Google Search,2026-09-03,Rounded historical demand signal; not obtainable traffic or market size
football groups near me,,football groups near me,Racket and team sport: Social football,70,LOW,15,0.5181,0.1940,0.9641,2025-august:70|2025-september:90|2025-october:90|2025-november:70|2025-december:50|2026-january:70|2026-february:70|2026-march:90|2026-april:70|2026-may:50|2026-june:90|2026-july:90,United Kingdom,2826,English,1000,Google Search,2026-09-03,Rounded historical demand signal; not obtainable traffic or market size
foraging walks near me,,foraging walks near me,Nature and animals: Foraging courses,70,HIGH,87,0.7730,0.2704,1.1640,2025-august:70|2025-september:140|2025-october:110|2025-november:40|2025-december:40|2026-january:30|2026-february:40|2026-march:70|2026-april:70|2026-may:50|2026-june:40|2026-july:40,United Kingdom,2826,English,1000,Google Search,2026-09-03,Rounded historical demand signal; not obtainable traffic or market size
guided walks near me,,guided walks near me,"Ideas, books and learning: Guided walking tours",70,LOW,29,1.3023,0.3639,1.4367,2025-august:90|2025-september:70|2025-october:90|2025-november:50|2025-december:50|2026-january:90|2026-february:110|2026-march:110|2026-april:70|2026-may:70|2026-june:50|2026-july:70,United Kingdom,2826,English,1000,Google Search,2026-09-03,Rounded historical demand signal; not obtainable traffic or market size
philosophy groups near me,,philosophy groups near me,"Ideas, books and learning: Philosophy groups",70,LOW,4,0.0000,0.0000,0.0000,2025-august:50|2025-september:70|2025-october:70|2025-november:50|2025-december:70|2026-january:90|2026-february:70|2026-march:50|2026-april:50|2026-may:50|2026-june:70|2026-july:50,United Kingdom,2826,English,1000,Google Search,2026-09-03,Rounded historical demand signal; not obtainable traffic or market size
poetry events near me,,poetry events near me,Live culture: Poetry nights,70,LOW,4,4.5571,0.0000,0.0000,2025-august:70|2025-september:70|2025-october:90|2025-november:70|2025-december:40|2026-january:70|2026-february:50|2026-march:70|2026-april:40|2026-may:50|2026-june:70|2026-july:70,United Kingdom,2826,English,1000,Google Search,2026-09-03,Rounded historical demand signal; not obtainable traffic or market size
rounders clubs near me,,rounders clubs near me,Racket and team sport: Rounders,70,LOW,0,0.0000,0.0000,0.0000,2025-august:70|2025-september:40|2025-october:40|2025-november:30|2025-december:10|2026-january:30|2026-february:20|2026-march:50|2026-april:110|2026-may:110|2026-june:140|2026-july:90,United Kingdom,2826,English,1000,Google Search,2026-09-03,Rounded historical demand signal; not obtainable traffic or market size
sauna sessions near me,,sauna sessions near me,Fitness and mind-body: Sauna sessions,70,MEDIUM,41,0.9736,0.5961,1.0737,2025-august:50|2025-september:50|2025-october:50|2025-november:70|2025-december:70|2026-january:90|2026-february:70|2026-march:70|2026-april:50|2026-may:50|2026-june:40|2026-july:40,United Kingdom,2826,English,1000,Google Search,2026-09-03,Rounded historical demand signal; not obtainable traffic or market size
screen printing workshop near me,,screen printing workshop near me,Craft and making: Screen printing,70,HIGH,85,0.6974,0.2428,1.1526,2025-august:70|2025-september:50|2025-october:90|2025-november:90|2025-december:50|2026-january:70|2026-february:50|2026-march:50|2026-april:50|2026-may:50|2026-june:70|2026-july:50,United Kingdom,2826,English,1000,Google Search,2026-09-03,Rounded historical demand signal; not obtainable traffic or market size
silent disco events near me,,silent disco events near me,Community and alternative: Silent discos,70,LOW,11,2.9611,0.5262,2.3966,2025-august:70|2025-september:90|2025-october:90|2025-november:70|2025-december:40|2026-january:90|2026-february:70|2026-march:70|2026-april:70|2026-may:70|2026-june:50|2026-july:70,United Kingdom,2826,English,1000,Google Search,2026-09-03,Rounded historical demand signal; not obtainable traffic or market size
soap making workshop near me,,soap making workshop near me,Craft and making: Soap making,70,HIGH,100,0.5901,0.1883,1.0233,2025-august:70|2025-september:90|2025-october:90|2025-november:70|2025-december:70|2026-january:90|2026-february:70|2026-march:140|2026-april:50|2026-may:50|2026-june:50|2026-july:70,United Kingdom,2826,English,1000,Google Search,2026-09-03,Rounded historical demand signal; not obtainable traffic or market size
social football near me,,social football near me,Racket and team sport: Social football,70,LOW,13,0.7817,0.3667,1.0242,2025-august:110|2025-september:110|2025-october:110|2025-november:70|2025-december:50|2026-january:50|2026-february:40|2026-march:70|2026-april:70|2026-may:70|2026-june:50|2026-july:70,United Kingdom,2826,English,1000,Google Search,2026-09-03,Rounded historical demand signal; not obtainable traffic or market size
softball clubs near me,,softball clubs near me,Racket and team sport: Softball,70,LOW,2,1.8480,0.0000,0.0000,2025-august:70|2025-september:70|2025-october:50|2025-november:40|2025-december:20|2026-january:50|2026-february:20|2026-march:40|2026-april:90|2026-may:110|2026-june:110|2026-july:70,United Kingdom,2826,English,1000,Google Search,2026-09-03,Rounded historical demand signal; not obtainable traffic or market size
surf clubs near me,,surf clubs near me,Outdoor and endurance: Surfing,70,LOW,13,0.6500,0.2771,0.8661,2025-august:170|2025-september:90|2025-october:50|2025-november:50|2025-december:50|2026-january:70|2026-february:50|2026-march:50|2026-april:70|2026-may:90|2026-june:70|2026-july:110,United Kingdom,2826,English,1000,Google Search,2026-09-03,Rounded historical demand signal; not obtainable traffic or market size
tea tasting near me,,tea tasting near me,Food and drink: Tea tasting,70,HIGH,92,0.2378,0.4649,1.0736,2025-august:90|2025-september:90|2025-october:70|2025-november:70|2025-december:90|2026-january:70|2026-february:70|2026-march:90|2026-april:70|2026-may:40|2026-june:40|2026-july:90,United Kingdom,2826,English,1000,Google Search,2026-09-03,Rounded historical demand signal; not obtainable traffic or market size
tufting workshop near me,,tufting workshop near me,Craft and making: Tufting,70,HIGH,100,0.3130,0.2764,0.7702,2025-august:90|2025-september:90|2025-october:90|2025-november:70|2025-december:70|2026-january:140|2026-february:110|2026-march:70|2026-april:70|2026-may:40|2026-june:30|2026-july:50,United Kingdom,2826,English,1000,Google Search,2026-09-03,Rounded historical demand signal; not obtainable traffic or market size
art retreat near me,,art retreat near me,"Wellness, spa and retreats: Art retreats",50,MEDIUM,34,3.8683,0.1781,1.3296,2025-august:50|2025-september:50|2025-october:70|2025-november:30|2025-december:20|2026-january:50|2026-february:50|2026-march:50|2026-april:20|2026-may:50|2026-june:50|2026-july:50,United Kingdom,2826,English,1000,Google Search,2026-09-03,Rounded historical demand signal; not obtainable traffic or market size
astronomy groups near me,,astronomy groups near me,"Ideas, books and learning: Astronomy clubs",50,LOW,4,0.0000,0.0000,0.0000,2025-august:70|2025-september:70|2025-october:70|2025-november:70|2025-december:70|2026-january:90|2026-february:50|2026-march:50|2026-april:50|2026-may:30|2026-june:40|2026-july:30,United Kingdom,2826,English,1000,Google Search,2026-09-03,Rounded historical demand signal; not obtainable traffic or market size
circus skills classes near me,,circus skills classes near me,Performance and dance: Circus skills,50,LOW,20,0.8597,0.4765,0.5783,2025-august:70|2025-september:50|2025-october:70|2025-november:40|2025-december:30|2026-january:50|2026-february:70|2026-march:40|2026-april:70|2026-may:50|2026-june:50|2026-july:40,United Kingdom,2826,English,1000,Google Search,2026-09-03,Rounded historical demand signal; not obtainable traffic or market size
coffee workshop near me,,coffee workshop near me,Food and drink: Coffee workshops,50,HIGH,90,0.3393,0.2239,0.8569,2025-august:30|2025-september:40|2025-october:40|2025-november:50|2025-december:50|2026-january:50|2026-february:70|2026-march:50|2026-april:50|2026-may:40|2026-june:50|2026-july:40,United Kingdom,2826,English,1000,Google Search,2026-09-03,Rounded historical demand signal; not obtainable traffic or market size
fermentation courses near me,,fermentation courses near me,Food and drink: Fermentation,50,HIGH,70,0.9961,0.2611,0.5860,2025-august:50|2025-september:70|2025-october:50|2025-november:70|2025-december:50|2026-january:70|2026-february:50|2026-march:40|2026-april:30|2026-may:20|2026-june:30|2026-july:30,United Kingdom,2826,English,1000,Google Search,2026-09-03,Rounded historical demand signal; not obtainable traffic or market size
korfball near me,,korfball near me,Racket and team sport: Korfball,50,LOW,0,0.0000,0.0000,0.0000,2025-august:50|2025-september:70|2025-october:70|2025-november:40|2025-december:30|2026-january:50|2026-february:50|2026-march:70|2026-april:40|2026-may:50|2026-june:40|2026-july:50,United Kingdom,2826,English,1000,Google Search,2026-09-03,Rounded historical demand signal; not obtainable traffic or market size
public lectures near me,,public lectures near me,"Ideas, books and learning: Public lectures",50,LOW,3,0.0000,0.0000,0.0000,2025-august:70|2025-september:50|2025-october:50|2025-november:50|2025-december:50|2026-january:70|2026-february:50|2026-march:50|2026-april:40|2026-may:50|2026-june:70|2026-july:50,United Kingdom,2826,English,1000,Google Search,2026-09-03,Rounded historical demand signal; not obtainable traffic or market size
robotics classes near me,,robotics classes near me,Technical and maker hobbies: Robotics workshops,50,MEDIUM,37,1.7290,0.7031,2.0197,2025-august:50|2025-september:90|2025-october:70|2025-november:50|2025-december:70|2026-january:40|2026-february:40|2026-march:50|2026-april:50|2026-may:20|2026-june:30|2026-july:40,United Kingdom,2826,English,1000,Google Search,2026-09-03,Rounded historical demand signal; not obtainable traffic or market size
rug tufting near me,,rug tufting near me,Craft and making: Tufting,50,HIGH,92,0.3817,0.2903,0.7495,2025-august:70|2025-september:40|2025-october:50|2025-november:50|2025-december:70|2026-january:90|2026-february:50|2026-march:70|2026-april:50|2026-may:50|2026-june:50|2026-july:50,United Kingdom,2826,English,1000,Google Search,2026-09-03,Rounded historical demand signal; not obtainable traffic or market size
shuffleboard bar near me,,shuffleboard bar near me,Competitive experiences: Shuffleboard,50,LOW,24,0.5767,0.0000,0.0000,2025-august:40|2025-september:70|2025-october:70|2025-november:50|2025-december:50|2026-january:50|2026-february:70|2026-march:70|2026-april:20|2026-may:30|2026-june:20|2026-july:30,United Kingdom,2826,English,1000,Google Search,2026-09-03,Rounded historical demand signal; not obtainable traffic or market size
silversmithing workshop near me,,silversmithing workshop near me,Craft and making: Silversmithing,50,HIGH,97,0.9424,0.2508,0.9772,2025-august:70|2025-september:70|2025-october:50|2025-november:50|2025-december:50|2026-january:90|2026-february:90|2026-march:40|2026-april:50|2026-may:40|2026-june:50|2026-july:50,United Kingdom,2826,English,1000,Google Search,2026-09-03,Rounded historical demand signal; not obtainable traffic or market size
writing retreat near me,,writing retreat near me,"Wellness, spa and retreats: Writing retreats",50,MEDIUM,35,1.1819,0.2267,0.8692,2025-august:50|2025-september:40|2025-october:40|2025-november:50|2025-december:40|2026-january:70|2026-february:90|2026-march:50|2026-april:70|2026-may:70|2026-june:50|2026-july:70,United Kingdom,2826,English,1000,Google Search,2026-09-03,Rounded historical demand signal; not obtainable traffic or market size
adult drawing classes near me,,adult drawing classes near me,Craft and making: Drawing classes,40,LOW,16,0.0000,0.3264,0.8031,2025-august:40|2025-september:40|2025-october:50|2025-november:50|2025-december:30|2026-january:50|2026-february:40|2026-march:40|2026-april:20|2026-may:30|2026-june:20|2026-july:30,United Kingdom,2826,English,1000,Google Search,2026-09-03,Rounded historical demand signal; not obtainable traffic or market size
board game events near me,,board game events near me,Tabletop and games: Board-game nights,40,LOW,2,0.0000,0.0000,0.0000,2025-august:30|2025-september:40|2025-october:40|2025-november:40|2025-december:30|2026-january:40|2026-february:50|2026-march:40|2026-april:30|2026-may:40|2026-june:40|2026-july:30,United Kingdom,2826,English,1000,Google Search,2026-09-03,Rounded historical demand signal; not obtainable traffic or market size
burlesque workshop,,burlesque workshop,Performance and dance: Burlesque classes,40,LOW,4,0.0000,0.0000,0.0000,2025-august:20|2025-september:30|2025-october:50|2025-november:30|2025-december:30|2026-january:40|2026-february:50|2026-march:40|2026-april:50|2026-may:30|2026-june:30|2026-july:30,United Kingdom,2826,English,1000,Google Search,2026-09-03,Rounded historical demand signal; not obtainable traffic or market size
comedy classes near me,,comedy classes near me,Performance and dance: Comedy classes,40,LOW,22,0.0000,0.3161,1.0754,2025-august:40|2025-september:50|2025-october:30|2025-november:40|2025-december:30|2026-january:40|2026-february:50|2026-march:40|2026-april:40|2026-may:30|2026-june:20|2026-july:20,United Kingdom,2826,English,1000,Google Search,2026-09-03,Rounded historical demand signal; not obtainable traffic or market size
friendship events,,friendship events,Social and relationship: Friendship events,40,LOW,1,0.0000,0.0000,0.0000,2025-august:40|2025-september:50|2025-october:40|2025-november:40|2025-december:30|2026-january:40|2026-february:90|2026-march:40|2026-april:30|2026-may:40|2026-june:20|2026-july:20,United Kingdom,2826,English,1000,Google Search,2026-09-03,Rounded historical demand signal; not obtainable traffic or market size
language exchange near me,,language exchange near me,Social and relationship: Language exchange,40,LOW,25,0.7994,6.9209,26.7488,2025-august:70|2025-september:70|2025-october:50|2025-november:30|2025-december:30|2026-january:50|2026-february:40|2026-march:20|2026-april:30|2026-may:30|2026-june:30|2026-july:40,United Kingdom,2826,English,1000,Google Search,2026-09-03,Rounded historical demand signal; not obtainable traffic or market size
model making clubs near me,,model making clubs near me,Technical and maker hobbies: Model-making clubs,40,LOW,0,0.0000,0.0000,0.0000,2025-august:40|2025-september:40|2025-october:70|2025-november:40|2025-december:40|2026-january:50|2026-february:40|2026-march:30|2026-april:30|2026-may:30|2026-june:20|2026-july:20,United Kingdom,2826,English,1000,Google Search,2026-09-03,Rounded historical demand signal; not obtainable traffic or market size
perfume making workshop near me,,perfume making workshop near me,Craft and making: Perfume making,40,HIGH,100,0.8306,0.3643,1.2515,2025-august:30|2025-september:20|2025-october:30|2025-november:40|2025-december:50|2026-january:70|2026-february:40|2026-march:50|2026-april:30|2026-may:30|2026-june:40|2026-july:50,United Kingdom,2826,English,1000,Google Search,2026-09-03,Rounded historical demand signal; not obtainable traffic or market size
philosophy club near me,,philosophy club near me,"Ideas, books and learning: Philosophy groups",40,LOW,3,0.0000,0.0000,0.0000,2025-august:30|2025-september:40|2025-october:70|2025-november:40|2025-december:30|2026-january:50|2026-february:50|2026-march:40|2026-april:50|2026-may:40|2026-june:30|2026-july:30,United Kingdom,2826,English,1000,Google Search,2026-09-03,Rounded historical demand signal; not obtainable traffic or market size
printmaking classes near me,,printmaking classes near me,Craft and making: Printmaking,40,MEDIUM,42,1.4241,0.2755,1.3590,2025-august:50|2025-september:70|2025-october:40|2025-november:30|2025-december:30|2026-january:30|2026-february:30|2026-march:40|2026-april:20|2026-may:20|2026-june:20|2026-july:20,United Kingdom,2826,English,1000,Google Search,2026-09-03,Rounded historical demand signal; not obtainable traffic or market size
science talks near me,,science talks near me,"Ideas, books and learning: Science talks",40,LOW,4,0.7104,0.0000,0.0000,2025-august:20|2025-september:50|2025-october:40|2025-november:50|2025-december:40|2026-january:30|2026-february:30|2026-march:30|2026-april:30|2026-may:30|2026-june:20|2026-july:40,United Kingdom,2826,English,1000,Google Search,2026-09-03,Rounded historical demand signal; not obtainable traffic or market size
sculpture workshop near me,,sculpture workshop near me,Craft and making: Sculpture,40,HIGH,80,0.6550,0.4872,2.6433,2025-august:30|2025-september:40|2025-october:40|2025-november:30|2025-december:30|2026-january:20|2026-february:50|2026-march:40|2026-april:30|2026-may:30|2026-june:40|2026-july:40,United Kingdom,2826,English,1000,Google Search,2026-09-03,Rounded historical demand signal; not obtainable traffic or market size
sober events near me,,sober events near me,Social and relationship: Sober socials,40,LOW,5,0.0000,0.0000,0.0000,2025-august:70|2025-september:50|2025-october:40|2025-november:30|2025-december:50|2026-january:50|2026-february:30|2026-march:40|2026-april:40|2026-may:30|2026-june:30|2026-july:40,United Kingdom,2826,English,1000,Google Search,2026-09-03,Rounded historical demand signal; not obtainable traffic or market size
wildlife photography workshops uk,,wildlife photography workshops uk,Nature and animals: Wildlife-photography workshops,40,HIGH,76,5.8879,0.8050,30.0015,2025-august:50|2025-september:20|2025-october:30|2025-november:40|2025-december:30|2026-january:40|2026-february:30|2026-march:40|2026-april:40|2026-may:50|2026-june:50|2026-july:30,United Kingdom,2826,English,1000,Google Search,2026-09-03,Rounded historical demand signal; not obtainable traffic or market size
basket weaving workshop near me,,basket weaving workshop near me,Craft and making: Basket weaving,30,MEDIUM,46,0.2003,0.0000,0.0000,2025-august:40|2025-september:40|2025-october:30|2025-november:30|2025-december:30|2026-january:30|2026-february:40|2026-march:40|2026-april:30|2026-may:50|2026-june:30|2026-july:30,United Kingdom,2826,English,1000,Google Search,2026-09-03,Rounded historical demand signal; not obtainable traffic or market size
bouldering clubs near me,,bouldering clubs near me,Outdoor and endurance: Bouldering,30,LOW,9,0.0000,0.0000,0.0000,2025-august:40|2025-september:50|2025-october:50|2025-november:20|2025-december:20|2026-january:50|2026-february:30|2026-march:30|2026-april:30|2026-may:20|2026-june:30|2026-july:20,United Kingdom,2826,English,1000,Google Search,2026-09-03,Rounded historical demand signal; not obtainable traffic or market size
circus workshop near me,,circus workshop near me,Performance and dance: Circus skills,30,MEDIUM,39,1.1059,0.4759,0.9985,2025-august:30|2025-september:20|2025-october:10|2025-november:20|2025-december:20|2026-january:30|2026-february:30|2026-march:50|2026-april:40|2026-may:40|2026-june:30|2026-july:40,United Kingdom,2826,English,1000,Google Search,2026-09-03,Rounded historical demand signal; not obtainable traffic or market size
fitness retreat near me,,fitness retreat near me,"Wellness, spa and retreats: Fitness retreats",30,HIGH,68,1.0768,0.5267,1.0935,2025-august:30|2025-september:50|2025-october:40|2025-november:20|2025-december:30|2026-january:30|2026-february:30|2026-march:30|2026-april:10|2026-may:20|2026-june:20|2026-july:10,United Kingdom,2826,English,1000,Google Search,2026-09-03,Rounded historical demand signal; not obtainable traffic or market size
quilting club near me,,quilting club near me,Craft and making: Quilting groups,30,LOW,2,0.0000,0.0000,0.0000,2025-august:50|2025-september:30|2025-october:40|2025-november:30|2025-december:20|2026-january:40|2026-february:30|2026-march:40|2026-april:30|2026-may:20|2026-june:20|2026-july:20,United Kingdom,2826,English,1000,Google Search,2026-09-03,Rounded historical demand signal; not obtainable traffic or market size
science events near me,,science events near me,"Ideas, books and learning: Science talks",30,LOW,4,0.0000,0.0000,0.0000,2025-august:30|2025-september:30|2025-october:50|2025-november:20|2025-december:20|2026-january:30|2026-february:40|2026-march:20|2026-april:30|2026-may:20|2026-june:20|2026-july:30,United Kingdom,2826,English,1000,Google Search,2026-09-03,Rounded historical demand signal; not obtainable traffic or market size
social cricket near me,,social cricket near me,Racket and team sport: Cricket,30,LOW,6,0.1440,0.0000,0.0000,2025-august:50|2025-september:30|2025-october:10|2025-november:20|2025-december:10|2026-january:10|2026-february:10|2026-march:30|2026-april:40|2026-may:40|2026-june:30|2026-july:30,United Kingdom,2826,English,1000,Google Search,2026-09-03,Rounded historical demand signal; not obtainable traffic or market size
spoken word events near me,,spoken word events near me,Live culture: Spoken word,30,LOW,3,0.0000,0.0000,0.0000,2025-august:20|2025-september:20|2025-october:20|2025-november:40|2025-december:20|2026-january:30|2026-february:30|2026-march:20|2026-april:20|2026-may:20|2026-june:20|2026-july:30,United Kingdom,2826,English,1000,Google Search,2026-09-03,Rounded historical demand signal; not obtainable traffic or market size
3d printing workshops near me,,3d printing workshops near me,Technical and maker hobbies: 3D-printing workshops,20,LOW,16,0.0000,0.0000,0.0000,2025-august:20|2025-september:20|2025-october:20|2025-november:20|2025-december:30|2026-january:30|2026-february:20|2026-march:20|2026-april:20|2026-may:10|2026-june:20|2026-july:20,United Kingdom,2826,English,1000,Google Search,2026-09-03,Rounded historical demand signal; not obtainable traffic or market size
adult lego club near me,,adult lego club near me,Technical and maker hobbies: LEGO clubs,20,LOW,3,0.0000,0.0000,0.0000,2025-august:10|2025-september:10|2025-october:10|2025-november:10|2025-december:50|2026-january:20|2026-february:30|2026-march:20|2026-april:10|2026-may:10|2026-june:10|2026-july:10,United Kingdom,2826,English,1000,Google Search,2026-09-03,Rounded historical demand signal; not obtainable traffic or market size
dj workshops near me,,dj workshops near me,Performance and dance: DJ workshops,20,MEDIUM,47,2.2672,0.5774,2.1694,2025-august:20|2025-september:30|2025-october:20|2025-november:20|2025-december:20|2026-january:30|2026-february:10|2026-march:30|2026-april:10|2026-may:30|2026-june:20|2026-july:40,United Kingdom,2826,English,1000,Google Search,2026-09-03,Rounded historical demand signal; not obtainable traffic or market size
fermentation workshop near me,,fermentation workshop near me,Food and drink: Fermentation,20,MEDIUM,57,0.0000,0.0000,0.0000,2025-august:10|2025-september:10|2025-october:10|2025-november:20|2025-december:30|2026-january:20|2026-february:20|2026-march:30|2026-april:20|2026-may:10|2026-june:10|2026-july:10,United Kingdom,2826,English,1000,Google Search,2026-09-03,Rounded historical demand signal; not obtainable traffic or market size
gaming tournaments near me,,gaming tournaments near me,Tabletop and games: Gaming tournaments,20,LOW,4,0.0000,0.0000,0.0000,2025-august:30|2025-september:30|2025-october:20|2025-november:20|2025-december:10|2026-january:30|2026-february:20|2026-march:20|2026-april:10|2026-may:30|2026-june:20|2026-july:20,United Kingdom,2826,English,1000,Google Search,2026-09-03,Rounded historical demand signal; not obtainable traffic or market size
guided nature walks near me,,guided nature walks near me,Nature and animals: Nature walks,20,LOW,20,0.6980,0.0000,0.0000,2025-august:20|2025-september:20|2025-october:20|2025-november:10|2025-december:10|2026-january:20|2026-february:10|2026-march:10|2026-april:10|2026-may:20|2026-june:20|2026-july:10,United Kingdom,2826,English,1000,Google Search,2026-09-03,Rounded historical demand signal; not obtainable traffic or market size
immersive theatre near me,,immersive theatre near me,Live culture: Immersive theatre,20,LOW,13,0.0139,0.0000,0.0000,2025-august:30|2025-september:30|2025-october:30|2025-november:20|2025-december:30|2026-january:20|2026-february:30|2026-march:20|2026-april:20|2026-may:10|2026-june:20|2026-july:10,United Kingdom,2826,English,1000,Google Search,2026-09-03,Rounded historical demand signal; not obtainable traffic or market size
karaoke events near me,,karaoke events near me,Performance and dance: Karaoke,20,LOW,4,3.4893,0.0000,0.0000,2025-august:20|2025-september:20|2025-october:30|2025-november:10|2025-december:20|2026-january:50|2026-february:20|2026-march:20|2026-april:20|2026-may:30|2026-june:20|2026-july:20,United Kingdom,2826,English,1000,Google Search,2026-09-03,Rounded historical demand signal; not obtainable traffic or market size
korfball clubs near me,,korfball clubs near me,Racket and team sport: Korfball,20,LOW,0,0.0000,0.0000,0.0000,2025-august:10|2025-september:10|2025-october:20|2025-november:30|2025-december:10|2026-january:20|2026-february:10|2026-march:20|2026-april:20|2026-may:10|2026-june:10|2026-july:10,United Kingdom,2826,English,1000,Google Search,2026-09-03,Rounded historical demand signal; not obtainable traffic or market size
mens retreat near me,,mens retreat near me,"Wellness, spa and retreats: Men's retreats",20,LOW,30,0.9404,0.3578,1.1617,2025-august:20|2025-september:10|2025-october:10|2025-november:20|2025-december:10|2026-january:20|2026-february:10|2026-march:10|2026-april:10|2026-may:10|2026-june:10|2026-july:50,United Kingdom,2826,English,1000,Google Search,2026-09-03,Rounded historical demand signal; not obtainable traffic or market size
museum events near me,,museum events near me,"Ideas, books and learning: Museum events",20,LOW,9,0.3012,0.0000,0.0000,2025-august:10|2025-september:10|2025-october:20|2025-november:30|2025-december:10|2026-january:20|2026-february:10|2026-march:20|2026-april:20|2026-may:30|2026-june:10|2026-july:20,United Kingdom,2826,English,1000,Google Search,2026-09-03,Rounded historical demand signal; not obtainable traffic or market size
music jam near me,,music jam near me,Performance and dance: Music jam sessions,20,LOW,4,0.0000,0.0000,0.0000,2025-august:30|2025-september:20|2025-october:20|2025-november:10|2025-december:20|2026-january:30|2026-february:10|2026-march:10|2026-april:30|2026-may:20|2026-june:10|2026-july:20,United Kingdom,2826,English,1000,Google Search,2026-09-03,Rounded historical demand signal; not obtainable traffic or market size
phone free events,,phone free events,Community and alternative: Phone-free events,20,LOW,0,0.0000,0.0000,0.0000,2025-august:10|2025-september:10|2025-october:10|2025-november:20|2025-december:10|2026-january:20|2026-february:20|2026-march:30|2026-april:30|2026-may:30|2026-june:20|2026-july:10,United Kingdom,2826,English,1000,Google Search,2026-09-03,Rounded historical demand signal; not obtainable traffic or market size
social volleyball near me,,social volleyball near me,Racket and team sport: Volleyball,20,LOW,10,0.2655,0.0000,0.0000,2025-august:30|2025-september:20|2025-october:20|2025-november:10|2025-december:10|2026-january:20|2026-february:20|2026-march:10|2026-april:20|2026-may:20|2026-june:30|2026-july:20,United Kingdom,2826,English,1000,Google Search,2026-09-03,Rounded historical demand signal; not obtainable traffic or market size
spoken word night,,spoken word night,Live culture: Spoken word,20,LOW,1,0.0000,0.0000,0.0000,2025-august:20|2025-september:20|2025-october:10|2025-november:20|2025-december:10|2026-january:30|2026-february:10|2026-march:20|2026-april:20|2026-may:20|2026-june:10|2026-july:20,United Kingdom,2826,English,1000,Google Search,2026-09-03,Rounded historical demand signal; not obtainable traffic or market size
sushi workshop near me,,sushi workshop near me,Food and drink: Sushi making,20,HIGH,100,0.4387,0.3315,0.6014,2025-august:10|2025-september:20|2025-october:20|2025-november:20|2025-december:20|2026-january:20|2026-february:10|2026-march:30|2026-april:20|2026-may:10|2026-june:10|2026-july:10,United Kingdom,2826,English,1000,Google Search,2026-09-03,Rounded historical demand signal; not obtainable traffic or market size
terrarium making near me,,terrarium making near me,Craft and making: Terrarium making,20,HIGH,100,0.3645,0.0000,0.0000,2025-august:20|2025-september:10|2025-october:20|2025-november:20|2025-december:20|2026-january:20|2026-february:10|2026-march:10|2026-april:20|2026-may:20|2026-june:10|2026-july:10,United Kingdom,2826,English,1000,Google Search,2026-09-03,Rounded historical demand signal; not obtainable traffic or market size
upcycling workshops near me,,upcycling workshops near me,Craft and making: Upcycling,20,HIGH,80,0.0000,0.0000,0.0000,2025-august:40|2025-september:30|2025-october:20|2025-november:20|2025-december:10|2026-january:20|2026-february:20|2026-march:40|2026-april:20|2026-may:20|2026-june:20|2026-july:10,United Kingdom,2826,English,1000,Google Search,2026-09-03,Rounded historical demand signal; not obtainable traffic or market size
wellbeing workshops near me,,wellbeing workshops near me,"Wellness, spa and retreats: Wellbeing workshops",20,MEDIUM,33,2.1400,0.5984,1.9645,2025-august:20|2025-september:70|2025-october:30|2025-november:10|2025-december:10|2026-january:30|2026-february:30|2026-march:20|2026-april:20|2026-may:20|2026-june:20|2026-july:10,United Kingdom,2826,English,1000,Google Search,2026-09-03,Rounded historical demand signal; not obtainable traffic or market size
wellness workshops near me,,wellness workshops near me,"Wellness, spa and retreats: Wellbeing workshops",20,LOW,29,2.2349,0.6919,1.3060,2025-august:10|2025-september:50|2025-october:20|2025-november:10|2025-december:10|2026-january:30|2026-february:20|2026-march:10|2026-april:20|2026-may:20|2026-june:20|2026-july:20,United Kingdom,2826,English,1000,Google Search,2026-09-03,Rounded historical demand signal; not obtainable traffic or market size
adult art workshops near me,,adult art workshops near me,Craft and making: General art workshops,10,LOW,29,0.5496,0.0000,0.0000,2025-august:10|2025-september:20|2025-october:10|2025-november:20|2025-december:10|2026-january:10|2026-february:10|2026-march:10|2026-april:10|2026-may:10|2026-june:10|2026-july:10,United Kingdom,2826,English,1000,Google Search,2026-09-03,Rounded historical demand signal; not obtainable traffic or market size
adult contemporary dance near me,,adult contemporary dance near me,Performance and dance: Contemporary dance,10,LOW,20,0.2760,0.0000,0.0000,2025-august:20|2025-september:10|2025-october:10|2025-november:10|2025-december:10|2026-january:10|2026-february:10|2026-march:10|2026-april:10|2026-may:10|2026-june:10|2026-july:10,United Kingdom,2826,English,1000,Google Search,2026-09-03,Rounded historical demand signal; not obtainable traffic or market size
art gallery events near me,,art gallery events near me,"Ideas, books and learning: Gallery events",10,LOW,25,1.1035,0.3043,1.2041,2025-august:20|2025-september:10|2025-october:10|2025-november:10|2025-december:10|2026-january:20|2026-february:20|2026-march:10|2026-april:10|2026-may:10|2026-june:10|2026-july:10,United Kingdom,2826,English,1000,Google Search,2026-09-03,Rounded historical demand signal; not obtainable traffic or market size
birdwatching club near me,,birdwatching club near me,Nature and animals: Birdwatching groups,10,LOW,0,0.0000,0.0000,0.0000,2025-august:10|2025-september:10|2025-october:10|2025-november:10|2025-december:10|2026-january:10|2026-february:10|2026-march:10|2026-april:10|2026-may:10|2026-june:10|2026-july:10,United Kingdom,2826,English,1000,Google Search,2026-09-03,Rounded historical demand signal; not obtainable traffic or market size
clothes swap events near me,,clothes swap events near me,Community and alternative: Clothes swaps,10,LOW,0,0.0000,0.0000,0.0000,2025-august:10|2025-september:10|2025-october:20|2025-november:10|2025-december:10|2026-january:20|2026-february:20|2026-march:20|2026-april:10|2026-may:20|2026-june:20|2026-july:10,United Kingdom,2826,English,1000,Google Search,2026-09-03,Rounded historical demand signal; not obtainable traffic or market size
coding workshops near me,,coding workshops near me,Technical and maker hobbies: Coding workshops,10,LOW,18,0.0000,0.0000,0.0000,2025-august:10|2025-september:10|2025-october:10|2025-november:10|2025-december:10|2026-january:10|2026-february:10|2026-march:0|2026-april:10|2026-may:10|2026-june:10|2026-july:10,United Kingdom,2826,English,1000,Google Search,2026-09-03,Rounded historical demand signal; not obtainable traffic or market size
community garden events,,community garden events,Community and alternative: Community gardening,10,LOW,0,0.0000,0.0000,0.0000,2025-august:10|2025-september:10|2025-october:10|2025-november:10|2025-december:10|2026-january:10|2026-february:10|2026-march:10|2026-april:10|2026-may:10|2026-june:10|2026-july:10,United Kingdom,2826,English,1000,Google Search,2026-09-03,Rounded historical demand signal; not obtainable traffic or market size
dinner with strangers near me,,dinner with strangers near me,Social and relationship: Dinner with strangers,10,LOW,6,0.0000,0.0000,0.0000,2025-august:30|2025-september:10|2025-october:10|2025-november:20|2025-december:10|2026-january:10|2026-february:10|2026-march:10|2026-april:10|2026-may:10|2026-june:10|2026-july:10,United Kingdom,2826,English,1000,Google Search,2026-09-03,Rounded historical demand signal; not obtainable traffic or market size
disc golf clubs near me,,disc golf clubs near me,Outdoor and endurance: Disc golf,10,LOW,4,0.0000,0.0000,0.0000,2025-august:10|2025-september:10|2025-october:10|2025-november:10|2025-december:10|2026-january:10|2026-february:0|2026-march:10|2026-april:10|2026-may:10|2026-june:10|2026-july:10,United Kingdom,2826,English,1000,Google Search,2026-09-03,Rounded historical demand signal; not obtainable traffic or market size
drone groups near me,,drone groups near me,Technical and maker hobbies: Drone clubs,10,LOW,0,0.0000,0.0000,0.0000,2025-august:10|2025-september:10|2025-october:10|2025-november:10|2025-december:10|2026-january:10|2026-february:10|2026-march:10|2026-april:10|2026-may:10|2026-june:10|2026-july:10,United Kingdom,2826,English,1000,Google Search,2026-09-03,Rounded historical demand signal; not obtainable traffic or market size
esports events near me,,esports events near me,Tabletop and games: Esports events,10,LOW,5,0.0000,0.0000,0.0000,2025-august:10|2025-september:10|2025-october:10|2025-november:10|2025-december:20|2026-january:10|2026-february:10|2026-march:10|2026-april:10|2026-may:10|2026-june:10|2026-july:10,United Kingdom,2826,English,1000,Google Search,2026-09-03,Rounded historical demand signal; not obtainable traffic or market size
esports tournaments near me,,esports tournaments near me,Tabletop and games: Esports events,10,LOW,5,0.0000,0.0000,0.0000,2025-august:10|2025-september:30|2025-october:10|2025-november:20|2025-december:10|2026-january:10|2026-february:10|2026-march:10|2026-april:10|2026-may:10|2026-june:10|2026-july:10,United Kingdom,2826,English,1000,Google Search,2026-09-03,Rounded historical demand signal; not obtainable traffic or market size
expat events,,expat events,Social and relationship: Expat events,10,LOW,0,0.0000,0.0000,0.0000,2025-august:10|2025-september:10|2025-october:10|2025-november:0|2025-december:10|2026-january:0|2026-february:10|2026-march:0|2026-april:0|2026-may:10|2026-june:0|2026-july:10,United Kingdom,2826,English,1000,Google Search,2026-09-03,Rounded historical demand signal; not obtainable traffic or market size
forest bathing events,,forest bathing events,Nature and animals: Forest bathing,10,LOW,11,9.9900,0.0000,0.0000,2025-august:10|2025-september:10|2025-october:10|2025-november:10|2025-december:10|2026-january:10|2026-february:10|2026-march:10|2026-april:10|2026-may:10|2026-june:10|2026-july:10,United Kingdom,2826,English,1000,Google Search,2026-09-03,Rounded historical demand signal; not obtainable traffic or market size
improv workshop near me,,improv workshop near me,Performance and dance: Improv classes,10,LOW,23,0.0000,0.0000,0.0000,2025-august:10|2025-september:10|2025-october:40|2025-november:10|2025-december:10|2026-january:20|2026-february:10|2026-march:10|2026-april:10|2026-may:10|2026-june:10|2026-july:10,United Kingdom,2826,English,1000,Google Search,2026-09-03,Rounded historical demand signal; not obtainable traffic or market size
language exchange events,,language exchange events,Social and relationship: Language exchange,10,LOW,20,3.8704,1.9306,8.9303,2025-august:10|2025-september:20|2025-october:20|2025-november:10|2025-december:10|2026-january:20|2026-february:10|2026-march:10|2026-april:10|2026-may:10|2026-june:10|2026-july:20,United Kingdom,2826,English,1000,Google Search,2026-09-03,Rounded historical demand signal; not obtainable traffic or market size
litter picking events near me,,litter picking events near me,Community and alternative: Litter-picking groups,10,LOW,4,18.9612,0.0000,0.0000,2025-august:10|2025-september:10|2025-october:10|2025-november:10|2025-december:10|2026-january:10|2026-february:20|2026-march:20|2026-april:20|2026-may:20|2026-june:20|2026-july:10,United Kingdom,2826,English,1000,Google Search,2026-09-03,Rounded historical demand signal; not obtainable traffic or market size
local history talks,,local history talks,"Ideas, books and learning: History talks",10,LOW,1,0.0000,0.0000,0.0000,2025-august:10|2025-september:10|2025-october:20|2025-november:10|2025-december:10|2026-january:10|2026-february:10|2026-march:10|2026-april:10|2026-may:10|2026-june:10|2026-july:10,United Kingdom,2826,English,1000,Google Search,2026-09-03,Rounded historical demand signal; not obtainable traffic or market size
offline events near me,,offline events near me,Community and alternative: Phone-free events,10,LOW,0,0.0000,0.0000,0.0000,2025-august:10|2025-september:0|2025-october:10|2025-november:0|2025-december:0|2026-january:0|2026-february:10|2026-march:10|2026-april:0|2026-may:10|2026-june:10|2026-july:10,United Kingdom,2826,English,1000,Google Search,2026-09-03,Rounded historical demand signal; not obtainable traffic or market size
pasta workshop near me,,pasta workshop near me,Food and drink: Pasta making,10,HIGH,92,1.0378,0.0000,0.0000,2025-august:10|2025-september:10|2025-october:10|2025-november:10|2025-december:10|2026-january:20|2026-february:10|2026-march:10|2026-april:10|2026-may:10|2026-june:10|2026-july:10,United Kingdom,2826,English,1000,Google Search,2026-09-03,Rounded historical demand signal; not obtainable traffic or market size
robotics workshops near me,,robotics workshops near me,Technical and maker hobbies: Robotics workshops,10,LOW,7,0.0000,0.0000,0.0000,2025-august:10|2025-september:10|2025-october:10|2025-november:10|2025-december:10|2026-january:10|2026-february:10|2026-march:10|2026-april:10|2026-may:10|2026-june:10|2026-july:10,United Kingdom,2826,English,1000,Google Search,2026-09-03,Rounded historical demand signal; not obtainable traffic or market size
sober social events,,sober social events,Social and relationship: Sober socials,10,LOW,0,0.0000,0.0000,0.0000,2025-august:10|2025-september:10|2025-october:10|2025-november:10|2025-december:10|2026-january:10|2026-february:10|2026-march:10|2026-april:10|2026-may:10|2026-june:0|2026-july:10,United Kingdom,2826,English,1000,Google Search,2026-09-03,Rounded historical demand signal; not obtainable traffic or market size
social hockey near me,,social hockey near me,Racket and team sport: Hockey,10,LOW,3,0.0000,0.0000,0.0000,2025-august:10|2025-september:10|2025-october:10|2025-november:10|2025-december:10|2026-january:10|2026-february:20|2026-march:10|2026-april:10|2026-may:10|2026-june:10|2026-july:10,United Kingdom,2826,English,1000,Google Search,2026-09-03,Rounded historical demand signal; not obtainable traffic or market size
social rugby near me,,social rugby near me,Racket and team sport: Touch rugby,10,LOW,5,1.3946,0.0000,0.0000,2025-august:20|2025-september:20|2025-october:10|2025-november:20|2025-december:10|2026-january:10|2026-february:20|2026-march:10|2026-april:10|2026-may:10|2026-june:10|2026-july:10,United Kingdom,2826,English,1000,Google Search,2026-09-03,Rounded historical demand signal; not obtainable traffic or market size
storytelling events near me,,storytelling events near me,Live culture: Storytelling nights,10,LOW,0,0.0000,0.0000,0.0000,2025-august:10|2025-september:10|2025-october:10|2025-november:20|2025-december:10|2026-january:10|2026-february:10|2026-march:10|2026-april:10|2026-may:10|2026-june:10|2026-july:10,United Kingdom,2826,English,1000,Google Search,2026-09-03,Rounded historical demand signal; not obtainable traffic or market size
storytelling night,,storytelling night,Live culture: Storytelling nights,10,LOW,0,0.0000,0.0000,0.0000,2025-august:10|2025-september:10|2025-october:10|2025-november:10|2025-december:10|2026-january:10|2026-february:10|2026-march:20|2026-april:50|2026-may:30|2026-june:10|2026-july:10,United Kingdom,2826,English,1000,Google Search,2026-09-03,Rounded historical demand signal; not obtainable traffic or market size
tabletop rpg near me,,tabletop rpg near me,Tabletop and games: Tabletop role-playing,10,LOW,6,0.2575,0.0000,0.0000,2025-august:10|2025-september:10|2025-october:10|2025-november:10|2025-december:10|2026-january:10|2026-february:10|2026-march:10|2026-april:10|2026-may:10|2026-june:10|2026-july:20,United Kingdom,2826,English,1000,Google Search,2026-09-03,Rounded historical demand signal; not obtainable traffic or market size
upcycling classes near me,,upcycling classes near me,Craft and making: Upcycling,10,HIGH,98,0.0000,0.0000,0.0000,2025-august:20|2025-september:20|2025-october:10|2025-november:20|2025-december:10|2026-january:20|2026-february:10|2026-march:20|2026-april:10|2026-may:20|2026-june:10|2026-july:10,United Kingdom,2826,English,1000,Google Search,2026-09-03,Rounded historical demand signal; not obtainable traffic or market size
video game tournaments near me,,video game tournaments near me,Tabletop and games: Gaming tournaments,10,LOW,0,0.0000,0.0000,0.0000,2025-august:10|2025-september:10|2025-october:10|2025-november:10|2025-december:10|2026-january:10|2026-february:10|2026-march:10|2026-april:10|2026-may:10|2026-june:10|2026-july:10,United Kingdom,2826,English,1000,Google Search,2026-09-03,Rounded historical demand signal; not obtainable traffic or market size
allotment groups near me,,allotment groups near me,Nature and animals: Allotment groups,0,UNSPECIFIED,0,0.0000,0.0000,0.0000,,United Kingdom,2826,English,1000,Google Search,2026-09-03,Rounded historical demand signal; not obtainable traffic or market size
electronics workshops near me,,electronics workshops near me,Technical and maker hobbies: Electronics workshops,0,UNSPECIFIED,0,0.0000,0.0000,0.0000,,United Kingdom,2826,English,1000,Google Search,2026-09-03,Rounded historical demand signal; not obtainable traffic or market size
expat events near me,,expat events near me,Social and relationship: Expat events,0,UNSPECIFIED,0,0.0000,0.0000,0.0000,2025-august:0|2025-september:0|2025-october:0|2025-november:0|2025-december:0|2026-january:0|2026-february:0|2026-march:0|2026-april:0|2026-may:0|2026-june:0|2026-july:0,United Kingdom,2826,English,1000,Google Search,2026-09-03,Rounded historical demand signal; not obtainable traffic or market size
food walking tour near me,,food walking tour near me,Food and drink: Food tours,0,UNSPECIFIED,0,0.0000,0.0000,0.0000,,United Kingdom,2826,English,1000,Google Search,2026-09-03,Rounded historical demand signal; not obtainable traffic or market size
friendship events near me,,friendship events near me,Social and relationship: Friendship events,0,UNSPECIFIED,0,0.0000,0.0000,0.0000,,United Kingdom,2826,English,1000,Google Search,2026-09-03,Rounded historical demand signal; not obtainable traffic or market size
furniture restoration workshop near me,,furniture restoration workshop near me,Craft and making: Furniture restoration,0,UNSPECIFIED,0,0.0000,0.0000,0.0000,,United Kingdom,2826,English,1000,Google Search,2026-09-03,Rounded historical demand signal; not obtainable traffic or market size
gallery talks near me,,gallery talks near me,"Ideas, books and learning: Gallery events",0,UNSPECIFIED,0,0.0000,0.0000,0.0000,,United Kingdom,2826,English,1000,Google Search,2026-09-03,Rounded historical demand signal; not obtainable traffic or market size
leather craft course near me,,leather craft course near me,Craft and making: Leatherworking,0,UNSPECIFIED,0,0.0000,0.0000,0.0000,,United Kingdom,2826,English,1000,Google Search,2026-09-03,Rounded historical demand signal; not obtainable traffic or market size
live talks near me,,live talks near me,"Ideas, books and learning: Live talks",0,UNSPECIFIED,0,0.0000,0.0000,0.0000,,United Kingdom,2826,English,1000,Google Search,2026-09-03,Rounded historical demand signal; not obtainable traffic or market size
museum late events,,museum late events,"Ideas, books and learning: Museum events",0,UNSPECIFIED,0,0.0000,0.0000,0.0000,,United Kingdom,2826,English,1000,Google Search,2026-09-03,Rounded historical demand signal; not obtainable traffic or market size
social rounders near me,,social rounders near me,Racket and team sport: Rounders,0,UNSPECIFIED,0,0.0000,0.0000,0.0000,,United Kingdom,2826,English,1000,Google Search,2026-09-03,Rounded historical demand signal; not obtainable traffic or market size
tabletop roleplaying groups near me,,tabletop roleplaying groups near me,Tabletop and games: Tabletop role-playing,0,UNSPECIFIED,0,0.0000,0.0000,0.0000,,United Kingdom,2826,English,1000,Google Search,2026-09-03,Rounded historical demand signal; not obtainable traffic or market size
team retreat uk,,team retreat uk,"Wellness, spa and retreats: Corporate retreats",0,UNSPECIFIED,0,0.0000,0.0000,0.0000,,United Kingdom,2826,English,1000,Google Search,2026-09-03,Rounded historical demand signal; not obtainable traffic or market size
