submitted_keyword,returned_keyword,grouped_submitted_keywords,close_variants,niche,niche_phrase,lane,city,average_monthly_searches,competition,competition_index,average_cpc_gbp,low_top_of_page_gbp,high_top_of_page_gbp,geography_method,observed_at
emergency plumber London,emergency plumber london,emergency plumber London,emergency plumber London,emergency_plumber,emergency plumber,urgent_trade,London,1600,HIGH,76,40.3343,12.1673,60.1944,explicit_city_query_under_uk_target,2026-09-03
emergency plumber Birmingham,emergency plumber birmingham,emergency plumber Birmingham,emergency plumber Birmingham,emergency_plumber,emergency plumber,urgent_trade,Birmingham,480,HIGH,75,8.8996,3.4294,14.3096,explicit_city_query_under_uk_target,2026-09-03
emergency plumber Manchester,emergency plumber manchester,emergency plumber Manchester,emergency plumber Manchester,emergency_plumber,emergency plumber,urgent_trade,Manchester,720,HIGH,76,10.3986,2.9817,21.3240,explicit_city_query_under_uk_target,2026-09-03
emergency plumber Glasgow,emergency plumber glasgow,emergency plumber Glasgow,emergency plumber Glasgow,emergency_plumber,emergency plumber,urgent_trade,Glasgow,590,HIGH,88,11.2101,3.5106,18.2869,explicit_city_query_under_uk_target,2026-09-03
emergency plumber Leeds,emergency plumber leeds,emergency plumber Leeds,emergency plumber Leeds,emergency_plumber,emergency plumber,urgent_trade,Leeds,590,HIGH,82,10.6262,5.6464,24.9214,explicit_city_query_under_uk_target,2026-09-03
emergency plumber Liverpool,emergency plumber liverpool,emergency plumber Liverpool,emergency plumber Liverpool,emergency_plumber,emergency plumber,urgent_trade,Liverpool,480,MEDIUM,64,10.8656,3.5447,12.2172,explicit_city_query_under_uk_target,2026-09-03
emergency plumber Bristol,emergency plumber bristol,emergency plumber Bristol,emergency plumber Bristol,emergency_plumber,emergency plumber,urgent_trade,Bristol,480,MEDIUM,61,18.1311,9.6798,37.1710,explicit_city_query_under_uk_target,2026-09-03
emergency plumber Sheffield,emergency plumber sheffield,emergency plumber Sheffield,emergency plumber Sheffield,emergency_plumber,emergency plumber,urgent_trade,Sheffield,480,HIGH,85,6.3702,3.9979,10.9517,explicit_city_query_under_uk_target,2026-09-03
emergency plumber Edinburgh,emergency plumber edinburgh,emergency plumber Edinburgh,emergency plumber Edinburgh,emergency_plumber,emergency plumber,urgent_trade,Edinburgh,1000,HIGH,86,10.4146,5.1115,17.8285,explicit_city_query_under_uk_target,2026-09-03
emergency plumber Cardiff,emergency plumber cardiff,emergency plumber Cardiff,emergency plumber Cardiff,emergency_plumber,emergency plumber,urgent_trade,Cardiff,320,HIGH,88,7.4618,2.9769,15.3807,explicit_city_query_under_uk_target,2026-09-03
emergency plumber Nottingham,emergency plumber nottingham,emergency plumber Nottingham,emergency plumber Nottingham,emergency_plumber,emergency plumber,urgent_trade,Nottingham,390,HIGH,88,9.5964,4.8073,18.5895,explicit_city_query_under_uk_target,2026-09-03
emergency plumber Newcastle,emergency plumber newcastle,emergency plumber Newcastle,emergency plumber Newcastle,emergency_plumber,emergency plumber,urgent_trade,Newcastle,260,HIGH,89,11.4751,5.7222,20.7083,explicit_city_query_under_uk_target,2026-09-03
emergency plumber Leicester,emergency plumber leicester,emergency plumber Leicester,emergency plumber Leicester,emergency_plumber,emergency plumber,urgent_trade,Leicester,320,HIGH,78,6.7505,3.3129,12.2214,explicit_city_query_under_uk_target,2026-09-03
emergency plumber Southampton,emergency plumber southampton,emergency plumber Southampton,emergency plumber Southampton,emergency_plumber,emergency plumber,urgent_trade,Southampton,260,HIGH,90,14.5876,7.0950,27.9868,explicit_city_query_under_uk_target,2026-09-03
emergency plumber Brighton,emergency plumber brighton,emergency plumber Brighton,emergency plumber Brighton,emergency_plumber,emergency plumber,urgent_trade,Brighton,390,HIGH,90,12.6990,4.7464,29.5002,explicit_city_query_under_uk_target,2026-09-03
emergency plumber Coventry,emergency plumber coventry,emergency plumber Coventry,emergency plumber Coventry,emergency_plumber,emergency plumber,urgent_trade,Coventry,210,HIGH,80,6.8548,2.8338,15.1390,explicit_city_query_under_uk_target,2026-09-03
emergency plumber Belfast,emergency plumber belfast,emergency plumber Belfast,emergency plumber Belfast,emergency_plumber,emergency plumber,urgent_trade,Belfast,260,HIGH,77,4.4724,0.8953,4.7545,explicit_city_query_under_uk_target,2026-09-03
emergency plumber Reading,emergency plumber reading,emergency plumber Reading,emergency plumber Reading,emergency_plumber,emergency plumber,urgent_trade,Reading,320,MEDIUM,53,24.3616,9.9646,34.6589,explicit_city_query_under_uk_target,2026-09-03
emergency plumber Oxford,emergency plumber oxford,emergency plumber Oxford,emergency plumber Oxford,emergency_plumber,emergency plumber,urgent_trade,Oxford,210,HIGH,86,5.6014,11.2406,32.8098,explicit_city_query_under_uk_target,2026-09-03
emergency plumber Cambridge,emergency plumber cambridge,emergency plumber Cambridge,emergency plumber Cambridge,emergency_plumber,emergency plumber,urgent_trade,Cambridge,320,HIGH,77,5.7123,6.1694,23.8704,explicit_city_query_under_uk_target,2026-09-03
emergency plumber Aberdeen,emergency plumber aberdeen,emergency plumber Aberdeen,emergency plumber Aberdeen,emergency_plumber,emergency plumber,urgent_trade,Aberdeen,210,MEDIUM,65,9.4439,2.8761,8.1153,explicit_city_query_under_uk_target,2026-09-03
emergency plumber Plymouth,emergency plumber plymouth,emergency plumber Plymouth,emergency plumber Plymouth,emergency_plumber,emergency plumber,urgent_trade,Plymouth,140,HIGH,76,10.8837,2.9964,16.6685,explicit_city_query_under_uk_target,2026-09-03
emergency plumber Exeter,emergency plumber exeter,emergency plumber Exeter,emergency plumber Exeter,emergency_plumber,emergency plumber,urgent_trade,Exeter,110,HIGH,91,7.4984,3.1099,21.8646,explicit_city_query_under_uk_target,2026-09-03
emergency plumber Norwich,emergency plumber norwich,emergency plumber Norwich,emergency plumber Norwich,emergency_plumber,emergency plumber,urgent_trade,Norwich,260,HIGH,75,11.2632,4.3615,17.2259,explicit_city_query_under_uk_target,2026-09-03
emergency plumber Swansea,emergency plumber swansea,emergency plumber Swansea,emergency plumber Swansea,emergency_plumber,emergency plumber,urgent_trade,Swansea,110,MEDIUM,66,5.2707,2.3621,9.1103,explicit_city_query_under_uk_target,2026-09-03
emergency plumber York,emergency plumber york,emergency plumber York,emergency plumber York,emergency_plumber,emergency plumber,urgent_trade,York,260,HIGH,73,10.1338,4.4258,10.0969,explicit_city_query_under_uk_target,2026-09-03
drain unblocking London,drain unblocking london,drain unblocking London,drain unblocking London,drain_unblocking,drain unblocking,urgent_trade,London,390,MEDIUM,53,21.0486,9.0980,36.0385,explicit_city_query_under_uk_target,2026-09-03
drain unblocking Birmingham,drain unblocking birmingham,drain unblocking Birmingham,drain unblocking Birmingham,drain_unblocking,drain unblocking,urgent_trade,Birmingham,210,HIGH,67,8.8349,4.1440,15.8503,explicit_city_query_under_uk_target,2026-09-03
drain unblocking Manchester,drain unblocking manchester,drain unblocking Manchester,drain unblocking Manchester,drain_unblocking,drain unblocking,urgent_trade,Manchester,390,HIGH,75,8.7439,3.5710,15.4799,explicit_city_query_under_uk_target,2026-09-03
drain unblocking Glasgow,drain unblocking glasgow,drain unblocking Glasgow,drain unblocking Glasgow,drain_unblocking,drain unblocking,urgent_trade,Glasgow,90,MEDIUM,64,7.7284,4.1103,11.7893,explicit_city_query_under_uk_target,2026-09-03
drain unblocking Leeds,drain unblocking leeds,drain unblocking Leeds,drain unblocking Leeds,drain_unblocking,drain unblocking,urgent_trade,Leeds,320,HIGH,76,9.3264,6.0187,17.3986,explicit_city_query_under_uk_target,2026-09-03
drain unblocking Liverpool,drain unblocking liverpool,drain unblocking Liverpool,drain unblocking Liverpool,drain_unblocking,drain unblocking,urgent_trade,Liverpool,210,MEDIUM,48,3.9251,3.8863,12.2070,explicit_city_query_under_uk_target,2026-09-03
drain unblocking Bristol,drain unblocking bristol,drain unblocking Bristol,drain unblocking Bristol,drain_unblocking,drain unblocking,urgent_trade,Bristol,590,MEDIUM,66,16.0945,8.2336,22.7364,explicit_city_query_under_uk_target,2026-09-03
drain unblocking Sheffield,drain unblocking sheffield,drain unblocking Sheffield,drain unblocking Sheffield,drain_unblocking,drain unblocking,urgent_trade,Sheffield,70,HIGH,88,14.9529,4.9595,27.9731,explicit_city_query_under_uk_target,2026-09-03
drain unblocking Edinburgh,drain unblocking edinburgh,drain unblocking Edinburgh,drain unblocking Edinburgh,drain_unblocking,drain unblocking,urgent_trade,Edinburgh,110,HIGH,89,9.8124,3.9842,11.6196,explicit_city_query_under_uk_target,2026-09-03
drain unblocking Cardiff,drain unblocking cardiff,drain unblocking Cardiff,drain unblocking Cardiff,drain_unblocking,drain unblocking,urgent_trade,Cardiff,110,HIGH,89,4.6808,2.8231,11.7797,explicit_city_query_under_uk_target,2026-09-03
drain unblocking Nottingham,drain unblocking nottingham,drain unblocking Nottingham,drain unblocking Nottingham,drain_unblocking,drain unblocking,urgent_trade,Nottingham,170,HIGH,78,7.9285,4.3932,19.5259,explicit_city_query_under_uk_target,2026-09-03
drain unblocking Newcastle,drain unblocking newcastle,drain unblocking Newcastle,drain unblocking Newcastle,drain_unblocking,drain unblocking,urgent_trade,Newcastle,50,HIGH,78,12.2993,3.2632,12.7773,explicit_city_query_under_uk_target,2026-09-03
drain unblocking Leicester,drain unblocking leicester,drain unblocking Leicester,drain unblocking Leicester,drain_unblocking,drain unblocking,urgent_trade,Leicester,110,HIGH,76,11.3245,3.8664,13.3287,explicit_city_query_under_uk_target,2026-09-03
drain unblocking Southampton,drain unblocking southampton,drain unblocking Southampton,drain unblocking Southampton,drain_unblocking,drain unblocking,urgent_trade,Southampton,590,HIGH,76,9.7459,14.8966,34.8286,explicit_city_query_under_uk_target,2026-09-03
drain unblocking Brighton,drain unblocking brighton,drain unblocking Brighton,drain unblocking Brighton,drain_unblocking,drain unblocking,urgent_trade,Brighton,90,HIGH,94,5.0694,12.7883,34.6821,explicit_city_query_under_uk_target,2026-09-03
drain unblocking Coventry,drain unblocking coventry,drain unblocking Coventry,drain unblocking Coventry,drain_unblocking,drain unblocking,urgent_trade,Coventry,480,HIGH,86,11.3882,3.7671,21.8176,explicit_city_query_under_uk_target,2026-09-03
drain unblocking Belfast,drain unblocking belfast,drain unblocking Belfast,drain unblocking Belfast,drain_unblocking,drain unblocking,urgent_trade,Belfast,110,HIGH,73,2.6195,0.7565,2.7085,explicit_city_query_under_uk_target,2026-09-03
drain unblocking Reading,drain unblocking reading,drain unblocking Reading,drain unblocking Reading,drain_unblocking,drain unblocking,urgent_trade,Reading,70,HIGH,77,17.3315,9.1403,34.8637,explicit_city_query_under_uk_target,2026-09-03
drain unblocking Oxford,drain unblocking oxford,drain unblocking Oxford,drain unblocking Oxford,drain_unblocking,drain unblocking,urgent_trade,Oxford,40,HIGH,86,15.6478,8.4817,32.9157,explicit_city_query_under_uk_target,2026-09-03
drain unblocking Cambridge,drain unblocking cambridge,drain unblocking Cambridge,drain unblocking Cambridge,drain_unblocking,drain unblocking,urgent_trade,Cambridge,50,HIGH,80,5.4360,5.4891,17.3572,explicit_city_query_under_uk_target,2026-09-03
drain unblocking Aberdeen,drain unblocking aberdeen,drain unblocking Aberdeen,drain unblocking Aberdeen,drain_unblocking,drain unblocking,urgent_trade,Aberdeen,70,HIGH,70,11.4954,2.0580,8.5683,explicit_city_query_under_uk_target,2026-09-03
drain unblocking Plymouth,drain unblocking plymouth,drain unblocking Plymouth,drain unblocking Plymouth,drain_unblocking,drain unblocking,urgent_trade,Plymouth,140,HIGH,82,11.9172,6.0103,20.4366,explicit_city_query_under_uk_target,2026-09-03
drain unblocking Exeter,drain unblocking exeter,drain unblocking Exeter,drain unblocking Exeter,drain_unblocking,drain unblocking,urgent_trade,Exeter,210,MEDIUM,65,10.9544,4.9240,19.7580,explicit_city_query_under_uk_target,2026-09-03
drain unblocking Norwich,drain unblocking norwich,drain unblocking Norwich,drain unblocking Norwich,drain_unblocking,drain unblocking,urgent_trade,Norwich,50,HIGH,74,6.9686,3.6273,19.9168,explicit_city_query_under_uk_target,2026-09-03
drain unblocking Swansea,drain unblocking swansea,drain unblocking Swansea,drain unblocking Swansea,drain_unblocking,drain unblocking,urgent_trade,Swansea,50,HIGH,76,4.3462,2.1438,10.2650,explicit_city_query_under_uk_target,2026-09-03
drain unblocking York,drain unblocking york,drain unblocking York,drain unblocking York,drain_unblocking,drain unblocking,urgent_trade,York,50,MEDIUM,54,4.0421,6.7531,12.9822,explicit_city_query_under_uk_target,2026-09-03
emergency locksmith London,emergency locksmith london,emergency locksmith London,emergency locksmith London,emergency_locksmith,emergency locksmith,urgent_trade,London,1900,MEDIUM,47,61.9351,5.4255,49.5855,explicit_city_query_under_uk_target,2026-09-03
emergency locksmith Birmingham,emergency locksmith birmingham,emergency locksmith Birmingham,emergency locksmith Birmingham,emergency_locksmith,emergency locksmith,urgent_trade,Birmingham,210,MEDIUM,43,25.9612,4.0452,19.9689,explicit_city_query_under_uk_target,2026-09-03
emergency locksmith Manchester,emergency locksmith manchester,emergency locksmith Manchester,emergency locksmith Manchester,emergency_locksmith,emergency locksmith,urgent_trade,Manchester,320,HIGH,69,17.3720,2.9759,15.7451,explicit_city_query_under_uk_target,2026-09-03
emergency locksmith Glasgow,emergency locksmith glasgow,emergency locksmith Glasgow,emergency locksmith Glasgow,emergency_locksmith,emergency locksmith,urgent_trade,Glasgow,260,HIGH,75,21.7821,2.8529,17.9358,explicit_city_query_under_uk_target,2026-09-03
emergency locksmith Leeds,emergency locksmith leeds,emergency locksmith Leeds,emergency locksmith Leeds,emergency_locksmith,emergency locksmith,urgent_trade,Leeds,390,MEDIUM,60,21.2762,3.7387,15.8801,explicit_city_query_under_uk_target,2026-09-03
emergency locksmith Liverpool,emergency locksmith liverpool,emergency locksmith Liverpool,emergency locksmith Liverpool,emergency_locksmith,emergency locksmith,urgent_trade,Liverpool,170,HIGH,75,14.4835,2.9694,15.4405,explicit_city_query_under_uk_target,2026-09-03
emergency locksmith Bristol,emergency locksmith bristol,emergency locksmith Bristol,emergency locksmith Bristol,emergency_locksmith,emergency locksmith,urgent_trade,Bristol,320,HIGH,70,26.6597,5.4175,21.7032,explicit_city_query_under_uk_target,2026-09-03
emergency locksmith Sheffield,emergency locksmith sheffield,emergency locksmith Sheffield,emergency locksmith Sheffield,emergency_locksmith,emergency locksmith,urgent_trade,Sheffield,140,HIGH,73,18.0371,3.5735,16.4171,explicit_city_query_under_uk_target,2026-09-03
emergency locksmith Edinburgh,emergency locksmith edinburgh,emergency locksmith Edinburgh,emergency locksmith Edinburgh,emergency_locksmith,emergency locksmith,urgent_trade,Edinburgh,390,HIGH,68,30.0215,2.9827,26.8218,explicit_city_query_under_uk_target,2026-09-03
emergency locksmith Cardiff,emergency locksmith cardiff,emergency locksmith Cardiff,emergency locksmith Cardiff,emergency_locksmith,emergency locksmith,urgent_trade,Cardiff,260,MEDIUM,47,11.7776,3.2580,15.8621,explicit_city_query_under_uk_target,2026-09-03
emergency locksmith Nottingham,emergency locksmith nottingham,emergency locksmith Nottingham,emergency locksmith Nottingham,emergency_locksmith,emergency locksmith,urgent_trade,Nottingham,140,HIGH,74,18.8067,3.9026,15.9656,explicit_city_query_under_uk_target,2026-09-03
emergency locksmith Newcastle,emergency locksmith newcastle,emergency locksmith Newcastle,emergency locksmith Newcastle,emergency_locksmith,emergency locksmith,urgent_trade,Newcastle,140,HIGH,68,12.1357,4.4360,15.3962,explicit_city_query_under_uk_target,2026-09-03
emergency locksmith Leicester,emergency locksmith leicester,emergency locksmith Leicester,emergency locksmith Leicester,emergency_locksmith,emergency locksmith,urgent_trade,Leicester,90,HIGH,79,23.1522,5.4584,17.1779,explicit_city_query_under_uk_target,2026-09-03
emergency locksmith Southampton,emergency locksmith southampton,emergency locksmith Southampton,emergency locksmith Southampton,emergency_locksmith,emergency locksmith,urgent_trade,Southampton,140,HIGH,67,27.5567,4.9825,29.4168,explicit_city_query_under_uk_target,2026-09-03
emergency locksmith Brighton,emergency locksmith brighton,emergency locksmith Brighton,emergency locksmith Brighton,emergency_locksmith,emergency locksmith,urgent_trade,Brighton,260,MEDIUM,57,26.9907,3.7700,28.4360,explicit_city_query_under_uk_target,2026-09-03
emergency locksmith Coventry,emergency locksmith coventry,emergency locksmith Coventry,emergency locksmith Coventry,emergency_locksmith,emergency locksmith,urgent_trade,Coventry,140,LOW,28,23.5534,6.1793,25.5494,explicit_city_query_under_uk_target,2026-09-03
emergency locksmith Belfast,emergency locksmith belfast,emergency locksmith Belfast,emergency locksmith Belfast,emergency_locksmith,emergency locksmith,urgent_trade,Belfast,390,LOW,28,1.4411,0.3165,2.4321,explicit_city_query_under_uk_target,2026-09-03
emergency locksmith Reading,emergency locksmith reading,emergency locksmith Reading,emergency locksmith Reading,emergency_locksmith,emergency locksmith,urgent_trade,Reading,210,MEDIUM,64,28.1256,4.0179,27.7308,explicit_city_query_under_uk_target,2026-09-03
emergency locksmith Oxford,emergency locksmith oxford,emergency locksmith Oxford,emergency locksmith Oxford,emergency_locksmith,emergency locksmith,urgent_trade,Oxford,110,HIGH,87,21.9265,5.4229,19.8051,explicit_city_query_under_uk_target,2026-09-03
emergency locksmith Cambridge,emergency locksmith cambridge,emergency locksmith Cambridge,emergency locksmith Cambridge,emergency_locksmith,emergency locksmith,urgent_trade,Cambridge,90,MEDIUM,65,19.3616,3.9700,18.7785,explicit_city_query_under_uk_target,2026-09-03
emergency locksmith Aberdeen,emergency locksmith aberdeen,emergency locksmith Aberdeen,emergency locksmith Aberdeen,emergency_locksmith,emergency locksmith,urgent_trade,Aberdeen,70,MEDIUM,44,4.8744,1.8272,4.6847,explicit_city_query_under_uk_target,2026-09-03
emergency locksmith Plymouth,emergency locksmith plymouth,emergency locksmith Plymouth,emergency locksmith Plymouth,emergency_locksmith,emergency locksmith,urgent_trade,Plymouth,50,MEDIUM,65,24.3403,2.6572,27.5523,explicit_city_query_under_uk_target,2026-09-03
emergency locksmith Exeter,emergency locksmith exeter,emergency locksmith Exeter,emergency locksmith Exeter,emergency_locksmith,emergency locksmith,urgent_trade,Exeter,70,MEDIUM,51,21.2566,4.5306,21.3895,explicit_city_query_under_uk_target,2026-09-03
emergency locksmith Norwich,emergency locksmith norwich,emergency locksmith Norwich,emergency locksmith Norwich,emergency_locksmith,emergency locksmith,urgent_trade,Norwich,90,MEDIUM,56,20.5430,3.9847,35.3309,explicit_city_query_under_uk_target,2026-09-03
emergency locksmith Swansea,emergency locksmith swansea,emergency locksmith Swansea,emergency locksmith Swansea,emergency_locksmith,emergency locksmith,urgent_trade,Swansea,50,HIGH,71,8.3193,1.5457,6.5831,explicit_city_query_under_uk_target,2026-09-03
emergency locksmith York,emergency locksmith york,emergency locksmith York,emergency locksmith York,emergency_locksmith,emergency locksmith,urgent_trade,York,110,MEDIUM,35,11.5593,3.4463,12.0146,explicit_city_query_under_uk_target,2026-09-03
roof repair London,roof repair london,roof repair London,roof repair London,roof_repair,roof repair,planned_trade,London,880,MEDIUM,58,13.5288,5.4933,24.9026,explicit_city_query_under_uk_target,2026-09-03
roof repair Birmingham,roof repair birmingham,roof repair Birmingham,roof repair Birmingham,roof_repair,roof repair,planned_trade,Birmingham,480,HIGH,100,2.1777,2.6408,8.1633,explicit_city_query_under_uk_target,2026-09-03
roof repair Manchester,roof repair manchester,roof repair Manchester,roof repair Manchester,roof_repair,roof repair,planned_trade,Manchester,880,MEDIUM,65,2.6965,2.7153,10.1024,explicit_city_query_under_uk_target,2026-09-03
roof repair Glasgow,roof repair glasgow,roof repair Glasgow,roof repair Glasgow,roof_repair,roof repair,planned_trade,Glasgow,480,MEDIUM,54,2.4301,4.5197,14.8460,explicit_city_query_under_uk_target,2026-09-03
roof repair Leeds,roof repair leeds,roof repair Leeds,roof repair Leeds,roof_repair,roof repair,planned_trade,Leeds,320,HIGH,69,3.1417,4.1379,15.2995,explicit_city_query_under_uk_target,2026-09-03
roof repair Liverpool,roof repair liverpool,roof repair Liverpool,roof repair Liverpool,roof_repair,roof repair,planned_trade,Liverpool,260,HIGH,99,5.6223,4.0384,9.9692,explicit_city_query_under_uk_target,2026-09-03
roof repair Bristol,roof repair bristol,roof repair Bristol,roof repair Bristol,roof_repair,roof repair,planned_trade,Bristol,590,MEDIUM,66,8.6181,6.4620,15.3348,explicit_city_query_under_uk_target,2026-09-03
roof repair Sheffield,roof repair sheffield,roof repair Sheffield,roof repair Sheffield,roof_repair,roof repair,planned_trade,Sheffield,390,HIGH,76,4.6473,2.0061,12.8733,explicit_city_query_under_uk_target,2026-09-03
roof repair Edinburgh,roof repair edinburgh,roof repair Edinburgh,roof repair Edinburgh,roof_repair,roof repair,planned_trade,Edinburgh,480,HIGH,86,6.5204,4.6027,23.7280,explicit_city_query_under_uk_target,2026-09-03
roof repair Cardiff,roof repair cardiff,roof repair Cardiff,roof repair Cardiff,roof_repair,roof repair,planned_trade,Cardiff,390,HIGH,75,4.2236,2.9784,13.8262,explicit_city_query_under_uk_target,2026-09-03
roof repair Nottingham,roof repair nottingham,roof repair Nottingham,roof repair Nottingham,roof_repair,roof repair,planned_trade,Nottingham,260,HIGH,84,5.5875,2.9735,8.9768,explicit_city_query_under_uk_target,2026-09-03
roof repair Newcastle,roof repair newcastle,roof repair Newcastle,roof repair Newcastle,roof_repair,roof repair,planned_trade,Newcastle,110,HIGH,80,7.8797,5.0605,11.3075,explicit_city_query_under_uk_target,2026-09-03
roof repair Leicester,roof repair leicester,roof repair Leicester,roof repair Leicester,roof_repair,roof repair,planned_trade,Leicester,480,HIGH,80,4.2003,2.7466,11.0696,explicit_city_query_under_uk_target,2026-09-03
roof repair Southampton,roof repair southampton,roof repair Southampton,roof repair Southampton,roof_repair,roof repair,planned_trade,Southampton,210,HIGH,81,7.0622,7.7421,21.8542,explicit_city_query_under_uk_target,2026-09-03
roof repair Brighton,roof repair brighton,roof repair Brighton,roof repair Brighton,roof_repair,roof repair,planned_trade,Brighton,260,MEDIUM,42,7.0964,4.3982,25.7329,explicit_city_query_under_uk_target,2026-09-03
roof repair Coventry,roof repair coventry,roof repair Coventry,roof repair Coventry,roof_repair,roof repair,planned_trade,Coventry,320,HIGH,100,3.9948,4.5056,9.3353,explicit_city_query_under_uk_target,2026-09-03
roof repair Belfast,roof repair belfast,roof repair Belfast,roof repair Belfast,roof_repair,roof repair,planned_trade,Belfast,480,HIGH,93,2.1645,1.6537,6.1643,explicit_city_query_under_uk_target,2026-09-03
roof repair Reading,roof repair reading,roof repair Reading,roof repair Reading,roof_repair,roof repair,planned_trade,Reading,110,HIGH,84,13.9791,10.0694,28.6458,explicit_city_query_under_uk_target,2026-09-03
roof repair Oxford,roof repair oxford,roof repair Oxford,roof repair Oxford,roof_repair,roof repair,planned_trade,Oxford,170,HIGH,99,5.2062,5.3728,18.6390,explicit_city_query_under_uk_target,2026-09-03
roof repair Cambridge,roof repair cambridge,roof repair Cambridge,roof repair Cambridge,roof_repair,roof repair,planned_trade,Cambridge,210,HIGH,85,5.4684,3.2660,11.9204,explicit_city_query_under_uk_target,2026-09-03
roof repair Aberdeen,roof repair aberdeen,roof repair Aberdeen,roof repair Aberdeen,roof_repair,roof repair,planned_trade,Aberdeen,260,HIGH,75,8.1358,6.3224,19.8581,explicit_city_query_under_uk_target,2026-09-03
roof repair Plymouth,roof repair plymouth,roof repair Plymouth,roof repair Plymouth,roof_repair,roof repair,planned_trade,Plymouth,210,HIGH,79,4.2373,4.9622,15.2280,explicit_city_query_under_uk_target,2026-09-03
roof repair Exeter,roof repair exeter,roof repair Exeter,roof repair Exeter,roof_repair,roof repair,planned_trade,Exeter,110,MEDIUM,65,10.4449,5.0514,22.8098,explicit_city_query_under_uk_target,2026-09-03
roof repair Norwich,roof repair norwich,roof repair Norwich,roof repair Norwich,roof_repair,roof repair,planned_trade,Norwich,210,HIGH,69,7.2863,3.0410,19.7423,explicit_city_query_under_uk_target,2026-09-03
roof repair Swansea,roof repair swansea,roof repair Swansea,roof repair Swansea,roof_repair,roof repair,planned_trade,Swansea,90,MEDIUM,64,2.0082,1.6963,5.1322,explicit_city_query_under_uk_target,2026-09-03
roof repair York,roof repair york,roof repair York,roof repair York,roof_repair,roof repair,planned_trade,York,140,MEDIUM,50,4.0812,3.2179,10.2929,explicit_city_query_under_uk_target,2026-09-03
tree surgeon London,tree surgeon london,tree surgeon London,tree surgeon London,tree_surgeon,tree surgeon,planned_trade,London,1300,MEDIUM,60,3.9030,2.2039,6.9925,explicit_city_query_under_uk_target,2026-09-03
tree surgeon Birmingham,tree surgeon birmingham,tree surgeon Birmingham,tree surgeon Birmingham,tree_surgeon,tree surgeon,planned_trade,Birmingham,480,HIGH,87,2.9014,1.5323,4.2870,explicit_city_query_under_uk_target,2026-09-03
tree surgeon Manchester,tree surgeon manchester,tree surgeon Manchester,tree surgeon Manchester,tree_surgeon,tree surgeon,planned_trade,Manchester,590,MEDIUM,66,3.7134,2.7739,8.8973,explicit_city_query_under_uk_target,2026-09-03
tree surgeon Glasgow,tree surgeon glasgow,tree surgeon Glasgow,tree surgeon Glasgow,tree_surgeon,tree surgeon,planned_trade,Glasgow,590,HIGH,73,2.6773,1.1407,4.2509,explicit_city_query_under_uk_target,2026-09-03
tree surgeon Leeds,tree surgeon leeds,tree surgeon Leeds,tree surgeon Leeds,tree_surgeon,tree surgeon,planned_trade,Leeds,390,HIGH,69,3.0039,1.8284,5.4069,explicit_city_query_under_uk_target,2026-09-03
tree surgeon Liverpool,tree surgeon liverpool,tree surgeon Liverpool,tree surgeon Liverpool,tree_surgeon,tree surgeon,planned_trade,Liverpool,480,MEDIUM,59,2.5627,1.4417,4.3902,explicit_city_query_under_uk_target,2026-09-03
tree surgeon Bristol,tree surgeon bristol,tree surgeon Bristol,tree surgeon Bristol,tree_surgeon,tree surgeon,planned_trade,Bristol,720,MEDIUM,48,3.4197,2.2385,7.2538,explicit_city_query_under_uk_target,2026-09-03
tree surgeon Sheffield,tree surgeon sheffield,tree surgeon Sheffield,tree surgeon Sheffield,tree_surgeon,tree surgeon,planned_trade,Sheffield,480,HIGH,69,3.7829,1.3317,4.9869,explicit_city_query_under_uk_target,2026-09-03
tree surgeon Edinburgh,tree surgeon edinburgh,tree surgeon Edinburgh,tree surgeon Edinburgh,tree_surgeon,tree surgeon,planned_trade,Edinburgh,480,MEDIUM,66,2.6883,1.2087,6.1941,explicit_city_query_under_uk_target,2026-09-03
tree surgeon Cardiff,tree surgeon cardiff,tree surgeon Cardiff,tree surgeon Cardiff,tree_surgeon,tree surgeon,planned_trade,Cardiff,480,HIGH,82,2.0684,1.1254,4.4259,explicit_city_query_under_uk_target,2026-09-03
tree surgeon Nottingham,tree surgeon nottingham,tree surgeon Nottingham,tree surgeon Nottingham,tree_surgeon,tree surgeon,planned_trade,Nottingham,390,HIGH,74,4.0508,1.6449,7.5447,explicit_city_query_under_uk_target,2026-09-03
tree surgeon Newcastle,tree surgeon newcastle,tree surgeon Newcastle,tree surgeon Newcastle,tree_surgeon,tree surgeon,planned_trade,Newcastle,390,MEDIUM,56,2.1950,1.0687,2.7435,explicit_city_query_under_uk_target,2026-09-03
tree surgeon Leicester,tree surgeon leicester,tree surgeon Leicester,tree surgeon Leicester,tree_surgeon,tree surgeon,planned_trade,Leicester,390,HIGH,71,3.0097,1.5122,5.4102,explicit_city_query_under_uk_target,2026-09-03
tree surgeon Southampton,tree surgeon southampton,tree surgeon Southampton,tree surgeon Southampton,tree_surgeon,tree surgeon,planned_trade,Southampton,320,HIGH,68,4.4648,1.9970,8.1933,explicit_city_query_under_uk_target,2026-09-03
tree surgeon Brighton,tree surgeon brighton,tree surgeon Brighton,tree surgeon Brighton,tree_surgeon,tree surgeon,planned_trade,Brighton,210,MEDIUM,59,3.7498,1.9517,8.8351,explicit_city_query_under_uk_target,2026-09-03
tree surgeon Coventry,tree surgeon coventry,tree surgeon Coventry,tree surgeon Coventry,tree_surgeon,tree surgeon,planned_trade,Coventry,390,HIGH,78,2.9386,1.2844,3.9769,explicit_city_query_under_uk_target,2026-09-03
tree surgeon Belfast,tree surgeon belfast,tree surgeon Belfast,tree surgeon Belfast,tree_surgeon,tree surgeon,planned_trade,Belfast,320,HIGH,67,1.1457,0.7791,1.6807,explicit_city_query_under_uk_target,2026-09-03
tree surgeon Reading,tree surgeon reading,tree surgeon Reading,tree surgeon Reading,tree_surgeon,tree surgeon,planned_trade,Reading,320,MEDIUM,57,3.3575,2.2470,8.5913,explicit_city_query_under_uk_target,2026-09-03
tree surgeon Oxford,tree surgeon oxford,tree surgeon Oxford,tree surgeon Oxford,tree_surgeon,tree surgeon,planned_trade,Oxford,210,HIGH,88,3.0875,2.3635,9.7648,explicit_city_query_under_uk_target,2026-09-03
tree surgeon Cambridge,tree surgeon cambridge,tree surgeon Cambridge,tree surgeon Cambridge,tree_surgeon,tree surgeon,planned_trade,Cambridge,210,HIGH,90,2.4230,1.5120,5.9130,explicit_city_query_under_uk_target,2026-09-03
tree surgeon Aberdeen,tree surgeon aberdeen,tree surgeon Aberdeen,tree surgeon Aberdeen,tree_surgeon,tree surgeon,planned_trade,Aberdeen,260,MEDIUM,57,2.1274,0.9873,6.2232,explicit_city_query_under_uk_target,2026-09-03
tree surgeon Plymouth,tree surgeon plymouth,tree surgeon Plymouth,tree surgeon Plymouth,tree_surgeon,tree surgeon,planned_trade,Plymouth,210,MEDIUM,65,1.6353,1.2542,3.7127,explicit_city_query_under_uk_target,2026-09-03
tree surgeon Exeter,tree surgeon exeter,tree surgeon Exeter,tree surgeon Exeter,tree_surgeon,tree surgeon,planned_trade,Exeter,320,LOW,26,2.0615,1.7479,3.4898,explicit_city_query_under_uk_target,2026-09-03
tree surgeon Norwich,tree surgeon norwich,tree surgeon Norwich,tree surgeon Norwich,tree_surgeon,tree surgeon,planned_trade,Norwich,390,HIGH,77,2.4870,1.1929,5.6487,explicit_city_query_under_uk_target,2026-09-03
tree surgeon Swansea,tree surgeon swansea,tree surgeon Swansea,tree surgeon Swansea,tree_surgeon,tree surgeon,planned_trade,Swansea,170,HIGH,95,2.5623,0.8382,2.5445,explicit_city_query_under_uk_target,2026-09-03
tree surgeon York,tree surgeon york,tree surgeon York,tree surgeon York,tree_surgeon,tree surgeon,planned_trade,York,210,HIGH,70,1.6253,1.3890,3.5505,explicit_city_query_under_uk_target,2026-09-03
pest control London,pest control london,pest control London,pest control London,pest_control,pest control,urgent_trade,London,5400,HIGH,92,5.5045,3.5062,12.9156,explicit_city_query_under_uk_target,2026-09-03
pest control Birmingham,pest control birmingham,pest control Birmingham,pest control Birmingham,pest_control,pest control,urgent_trade,Birmingham,1600,HIGH,96,4.7715,2.3045,7.0304,explicit_city_query_under_uk_target,2026-09-03
pest control Manchester,pest control manchester,pest control Manchester,pest control Manchester,pest_control,pest control,urgent_trade,Manchester,1600,MEDIUM,62,3.7380,1.5308,5.5181,explicit_city_query_under_uk_target,2026-09-03
pest control Glasgow,pest control glasgow,pest control Glasgow,pest control Glasgow,pest_control,pest control,urgent_trade,Glasgow,1600,HIGH,75,3.2910,0.9871,4.5763,explicit_city_query_under_uk_target,2026-09-03
pest control Leeds,pest control leeds,pest control Leeds,pest control Leeds,pest_control,pest control,urgent_trade,Leeds,1000,HIGH,76,3.8093,1.7806,4.9384,explicit_city_query_under_uk_target,2026-09-03
pest control Liverpool,pest control liverpool,pest control Liverpool,pest control Liverpool,pest_control,pest control,urgent_trade,Liverpool,1300,HIGH,86,3.9663,1.6244,6.0731,explicit_city_query_under_uk_target,2026-09-03
pest control Bristol,pest control bristol,pest control Bristol,pest control Bristol,pest_control,pest control,urgent_trade,Bristol,880,HIGH,78,2.3834,1.8466,4.2626,explicit_city_query_under_uk_target,2026-09-03
pest control Sheffield,pest control sheffield,pest control Sheffield,pest control Sheffield,pest_control,pest control,urgent_trade,Sheffield,880,HIGH,78,2.6371,1.0597,3.5865,explicit_city_query_under_uk_target,2026-09-03
pest control Edinburgh,pest control edinburgh,pest control Edinburgh,pest control Edinburgh,pest_control,pest control,urgent_trade,Edinburgh,1300,HIGH,88,3.3662,1.1808,4.9712,explicit_city_query_under_uk_target,2026-09-03
pest control Cardiff,pest control cardiff,pest control Cardiff,pest control Cardiff,pest_control,pest control,urgent_trade,Cardiff,880,HIGH,73,2.6191,1.2798,4.4545,explicit_city_query_under_uk_target,2026-09-03
pest control Nottingham,pest control nottingham,pest control Nottingham,pest control Nottingham,pest_control,pest control,urgent_trade,Nottingham,1000,HIGH,72,3.5347,1.3033,4.6142,explicit_city_query_under_uk_target,2026-09-03
pest control Newcastle,pest control newcastle,pest control Newcastle,pest control Newcastle,pest_control,pest control,urgent_trade,Newcastle,720,HIGH,67,2.7065,1.3858,3.9695,explicit_city_query_under_uk_target,2026-09-03
pest control Leicester,pest control leicester,pest control Leicester,pest control Leicester,pest_control,pest control,urgent_trade,Leicester,1300,MEDIUM,43,3.0909,1.6672,4.7143,explicit_city_query_under_uk_target,2026-09-03
pest control Southampton,pest control southampton,pest control Southampton,pest control Southampton,pest_control,pest control,urgent_trade,Southampton,480,HIGH,88,3.3535,2.1728,5.8452,explicit_city_query_under_uk_target,2026-09-03
pest control Brighton,pest control brighton,pest control Brighton,pest control Brighton,pest_control,pest control,urgent_trade,Brighton,390,HIGH,82,3.9813,2.3907,6.1277,explicit_city_query_under_uk_target,2026-09-03
pest control Coventry,pest control coventry,pest control Coventry,pest control Coventry,pest_control,pest control,urgent_trade,Coventry,590,HIGH,90,3.3694,1.9743,4.9725,explicit_city_query_under_uk_target,2026-09-03
pest control Belfast,pest control belfast,pest control Belfast,pest control Belfast,pest_control,pest control,urgent_trade,Belfast,1900,MEDIUM,49,2.7560,0.6008,3.5449,explicit_city_query_under_uk_target,2026-09-03
pest control Reading,pest control reading,pest control Reading,pest control Reading,pest_control,pest control,urgent_trade,Reading,880,HIGH,90,3.2378,2.3298,5.4639,explicit_city_query_under_uk_target,2026-09-03
pest control Oxford,pest control oxford,pest control Oxford,pest control Oxford,pest_control,pest control,urgent_trade,Oxford,390,HIGH,84,2.7038,1.9728,5.1280,explicit_city_query_under_uk_target,2026-09-03
pest control Cambridge,pest control cambridge,pest control Cambridge,pest control Cambridge,pest_control,pest control,urgent_trade,Cambridge,390,HIGH,93,3.4047,2.4106,5.6848,explicit_city_query_under_uk_target,2026-09-03
pest control Aberdeen,pest control aberdeen,pest control Aberdeen,pest control Aberdeen,pest_control,pest control,urgent_trade,Aberdeen,590,MEDIUM,49,1.9633,0.6694,2.5176,explicit_city_query_under_uk_target,2026-09-03
pest control Plymouth,pest control plymouth,pest control Plymouth,pest control Plymouth,pest_control,pest control,urgent_trade,Plymouth,480,HIGH,80,2.8676,1.3413,3.0112,explicit_city_query_under_uk_target,2026-09-03
pest control Exeter,pest control exeter,pest control Exeter,pest control Exeter,pest_control,pest control,urgent_trade,Exeter,320,HIGH,71,2.9034,1.9552,4.7704,explicit_city_query_under_uk_target,2026-09-03
pest control Norwich,pest control norwich,pest control Norwich,pest control Norwich,pest_control,pest control,urgent_trade,Norwich,320,HIGH,84,2.4653,0.8380,3.9444,explicit_city_query_under_uk_target,2026-09-03
pest control Swansea,pest control swansea,pest control Swansea,pest control Swansea,pest_control,pest control,urgent_trade,Swansea,480,HIGH,78,2.5117,0.8401,3.4041,explicit_city_query_under_uk_target,2026-09-03
pest control York,pest control york,pest control York,pest control York,pest_control,pest control,urgent_trade,York,480,HIGH,74,2.4393,1.2251,3.9653,explicit_city_query_under_uk_target,2026-09-03
house clearance London,house clearance london,house clearance London,house clearance London,house_clearance,house clearance,planned_trade,London,1300,MEDIUM,47,6.2838,1.2356,6.2740,explicit_city_query_under_uk_target,2026-09-03
house clearance Birmingham,house clearance birmingham,house clearance Birmingham,house clearance Birmingham,house_clearance,house clearance,planned_trade,Birmingham,720,MEDIUM,60,7.0901,1.1732,5.6499,explicit_city_query_under_uk_target,2026-09-03
house clearance Manchester,house clearance manchester,house clearance Manchester,house clearance Manchester,house_clearance,house clearance,planned_trade,Manchester,480,MEDIUM,63,6.6339,2.1342,4.9194,explicit_city_query_under_uk_target,2026-09-03
house clearance Glasgow,house clearance glasgow,house clearance Glasgow,house clearance Glasgow,house_clearance,house clearance,planned_trade,Glasgow,590,HIGH,75,4.3764,1.0398,4.8624,explicit_city_query_under_uk_target,2026-09-03
house clearance Leeds,house clearance leeds,house clearance Leeds,house clearance Leeds,house_clearance,house clearance,planned_trade,Leeds,390,HIGH,73,3.0455,1.0638,3.2573,explicit_city_query_under_uk_target,2026-09-03
house clearance Liverpool,house clearance liverpool,house clearance Liverpool,house clearance Liverpool,house_clearance,house clearance,planned_trade,Liverpool,390,HIGH,68,5.1825,1.3004,4.2567,explicit_city_query_under_uk_target,2026-09-03
house clearance Bristol,house clearance bristol,house clearance Bristol,house clearance Bristol,house_clearance,house clearance,planned_trade,Bristol,480,MEDIUM,57,2.8623,0.8210,3.1547,explicit_city_query_under_uk_target,2026-09-03
house clearance Sheffield,house clearance sheffield,house clearance Sheffield,house clearance Sheffield,house_clearance,house clearance,planned_trade,Sheffield,720,MEDIUM,48,2.7178,0.8247,2.7136,explicit_city_query_under_uk_target,2026-09-03
house clearance Edinburgh,house clearance edinburgh,house clearance Edinburgh,house clearance Edinburgh,house_clearance,house clearance,planned_trade,Edinburgh,720,HIGH,69,4.2950,1.1326,3.9700,explicit_city_query_under_uk_target,2026-09-03
house clearance Cardiff,house clearance cardiff,house clearance Cardiff,house clearance Cardiff,house_clearance,house clearance,planned_trade,Cardiff,260,MEDIUM,65,1.8244,0.8885,2.0925,explicit_city_query_under_uk_target,2026-09-03
house clearance Nottingham,house clearance nottingham,house clearance Nottingham,house clearance Nottingham,house_clearance,house clearance,planned_trade,Nottingham,590,MEDIUM,60,3.7329,1.2241,3.5206,explicit_city_query_under_uk_target,2026-09-03
house clearance Newcastle,house clearance newcastle,house clearance Newcastle,house clearance Newcastle,house_clearance,house clearance,planned_trade,Newcastle,590,MEDIUM,58,5.1031,0.9852,4.4982,explicit_city_query_under_uk_target,2026-09-03
house clearance Leicester,house clearance leicester,house clearance Leicester,house clearance Leicester,house_clearance,house clearance,planned_trade,Leicester,390,MEDIUM,58,3.0280,1.0590,2.9976,explicit_city_query_under_uk_target,2026-09-03
house clearance Southampton,house clearance southampton,house clearance Southampton,house clearance Southampton,house_clearance,house clearance,planned_trade,Southampton,210,MEDIUM,56,3.9208,1.0717,4.9832,explicit_city_query_under_uk_target,2026-09-03
house clearance Brighton,house clearance brighton,house clearance Brighton,house clearance Brighton,house_clearance,house clearance,planned_trade,Brighton,210,MEDIUM,55,7.9121,1.3832,5.0497,explicit_city_query_under_uk_target,2026-09-03
house clearance Coventry,house clearance coventry,house clearance Coventry,house clearance Coventry,house_clearance,house clearance,planned_trade,Coventry,260,MEDIUM,52,3.8996,0.8371,3.8902,explicit_city_query_under_uk_target,2026-09-03
house clearance Belfast,house clearance belfast,house clearance Belfast,house clearance Belfast,house_clearance,house clearance,planned_trade,Belfast,170,MEDIUM,51,0.9598,0.4431,1.2627,explicit_city_query_under_uk_target,2026-09-03
house clearance Reading,house clearance reading,house clearance Reading,house clearance Reading,house_clearance,house clearance,planned_trade,Reading,320,MEDIUM,62,3.7404,1.1730,3.6190,explicit_city_query_under_uk_target,2026-09-03
house clearance Oxford,house clearance oxford,house clearance Oxford,house clearance Oxford,house_clearance,house clearance,planned_trade,Oxford,210,HIGH,72,6.9772,1.6478,7.1450,explicit_city_query_under_uk_target,2026-09-03
house clearance Cambridge,house clearance cambridge,house clearance Cambridge,house clearance Cambridge,house_clearance,house clearance,planned_trade,Cambridge,170,MEDIUM,47,7.2878,1.5086,6.7959,explicit_city_query_under_uk_target,2026-09-03
house clearance Aberdeen,house clearance aberdeen,house clearance Aberdeen,house clearance Aberdeen,house_clearance,house clearance,planned_trade,Aberdeen,170,MEDIUM,49,1.3101,0.4598,1.4991,explicit_city_query_under_uk_target,2026-09-03
house clearance Plymouth,house clearance plymouth,house clearance Plymouth,house clearance Plymouth,house_clearance,house clearance,planned_trade,Plymouth,260,MEDIUM,46,2.2884,0.6089,1.9218,explicit_city_query_under_uk_target,2026-09-03
house clearance Exeter,house clearance exeter,house clearance Exeter,house clearance Exeter,house_clearance,house clearance,planned_trade,Exeter,320,MEDIUM,54,3.3445,0.7901,2.4511,explicit_city_query_under_uk_target,2026-09-03
house clearance Norwich,house clearance norwich,house clearance Norwich,house clearance Norwich,house_clearance,house clearance,planned_trade,Norwich,260,MEDIUM,66,2.8631,0.9644,2.8392,explicit_city_query_under_uk_target,2026-09-03
house clearance Swansea,house clearance swansea,house clearance Swansea,house clearance Swansea,house_clearance,house clearance,planned_trade,Swansea,260,MEDIUM,45,1.4209,0.5231,1.2379,explicit_city_query_under_uk_target,2026-09-03
house clearance York,house clearance york,house clearance York,house clearance York,house_clearance,house clearance,planned_trade,York,320,LOW,29,2.6504,0.8128,2.9825,explicit_city_query_under_uk_target,2026-09-03
removal company London,removal company london,removal company London,removal company London,removal_company,removal company,planned_trade,London,1900,HIGH,80,9.3217,6.2066,15.2073,explicit_city_query_under_uk_target,2026-09-03
removal company Birmingham,removal company birmingham,removal company Birmingham,removal company Birmingham,removal_company,removal company,planned_trade,Birmingham,1600,MEDIUM,56,5.4561,3.6535,7.5562,explicit_city_query_under_uk_target,2026-09-03
removal company Manchester,removal company manchester,removal company Manchester,removal company Manchester,removal_company,removal company,planned_trade,Manchester,1000,HIGH,73,6.5977,6.1068,8.9379,explicit_city_query_under_uk_target,2026-09-03
removal company Glasgow,removal company glasgow,removal company Glasgow,removal company Glasgow,removal_company,removal company,planned_trade,Glasgow,1600,HIGH,75,6.1455,3.3148,7.5562,explicit_city_query_under_uk_target,2026-09-03
removal company Leeds,removal company leeds,removal company Leeds,removal company Leeds,removal_company,removal company,planned_trade,Leeds,1600,MEDIUM,63,7.4250,5.8579,8.9541,explicit_city_query_under_uk_target,2026-09-03
removal company Liverpool,removal company liverpool,removal company Liverpool,removal company Liverpool,removal_company,removal company,planned_trade,Liverpool,880,MEDIUM,61,6.5317,4.0430,7.5496,explicit_city_query_under_uk_target,2026-09-03
removal company Bristol,removal company bristol,removal company Bristol,removal company Bristol,removal_company,removal company,planned_trade,Bristol,1000,MEDIUM,63,9.5001,4.9513,11.1893,explicit_city_query_under_uk_target,2026-09-03
removal company Sheffield,removal company sheffield,removal company Sheffield,removal company Sheffield,removal_company,removal company,planned_trade,Sheffield,1600,HIGH,68,5.2515,3.2950,7.5476,explicit_city_query_under_uk_target,2026-09-03
removal company Edinburgh,removal company edinburgh,removal company Edinburgh,removal company Edinburgh,removal_company,removal company,planned_trade,Edinburgh,2900,MEDIUM,60,9.1377,4.4768,9.8929,explicit_city_query_under_uk_target,2026-09-03
removal company Cardiff,removal company cardiff,removal company Cardiff,removal company Cardiff,removal_company,removal company,planned_trade,Cardiff,720,HIGH,72,6.8570,4.0051,7.5638,explicit_city_query_under_uk_target,2026-09-03
removal company Nottingham,removal company nottingham,removal company Nottingham,removal company Nottingham,removal_company,removal company,planned_trade,Nottingham,2400,MEDIUM,59,5.7810,2.6164,7.5300,explicit_city_query_under_uk_target,2026-09-03
removal company Newcastle,removal company newcastle,removal company Newcastle,removal company Newcastle,removal_company,removal company,planned_trade,Newcastle,1300,MEDIUM,64,7.2934,3.9030,7.9406,explicit_city_query_under_uk_target,2026-09-03
removal company Leicester,removal company leicester,removal company Leicester,removal company Leicester,removal_company,removal company,planned_trade,Leicester,1600,MEDIUM,45,7.3716,4.1546,7.9046,explicit_city_query_under_uk_target,2026-09-03
removal company Southampton,removal company southampton,removal company Southampton,removal company Southampton,removal_company,removal company,planned_trade,Southampton,1000,MEDIUM,54,8.6146,4.8745,8.7124,explicit_city_query_under_uk_target,2026-09-03
removal company Brighton,removal company brighton,removal company Brighton,removal company Brighton,removal_company,removal company,planned_trade,Brighton,1000,MEDIUM,56,5.9324,4.7440,8.9779,explicit_city_query_under_uk_target,2026-09-03
removal company Coventry,removal company coventry,removal company Coventry,removal company Coventry,removal_company,removal company,planned_trade,Coventry,50,LOW,23,12.3164,2.6748,7.5602,explicit_city_query_under_uk_target,2026-09-03
removal company Belfast,removal company belfast,removal company Belfast,removal company Belfast,removal_company,removal company,planned_trade,Belfast,590,HIGH,71,6.6718,2.8037,6.1958,explicit_city_query_under_uk_target,2026-09-03
removal company Reading,removal company reading,removal company Reading,removal company Reading,removal_company,removal company,planned_trade,Reading,590,HIGH,80,5.7663,5.6989,11.2335,explicit_city_query_under_uk_target,2026-09-03
removal company Oxford,removal company oxford,removal company Oxford,removal company Oxford,removal_company,removal company,planned_trade,Oxford,880,HIGH,70,7.5464,3.9935,10.5148,explicit_city_query_under_uk_target,2026-09-03
removal company Cambridge,removal company cambridge,removal company Cambridge,removal company Cambridge,removal_company,removal company,planned_trade,Cambridge,50,MEDIUM,63,5.3767,4.5302,9.4704,explicit_city_query_under_uk_target,2026-09-03
removal company Aberdeen,removal company aberdeen,removal company Aberdeen,removal company Aberdeen,removal_company,removal company,planned_trade,Aberdeen,590,MEDIUM,53,6.4340,2.8294,7.4839,explicit_city_query_under_uk_target,2026-09-03
removal company Plymouth,removal company plymouth,removal company Plymouth,removal company Plymouth,removal_company,removal company,planned_trade,Plymouth,1300,MEDIUM,62,7.5702,4.0710,8.0716,explicit_city_query_under_uk_target,2026-09-03
removal company Exeter,removal company exeter,removal company Exeter,removal company Exeter,removal_company,removal company,planned_trade,Exeter,390,HIGH,82,6.2725,5.0361,8.1802,explicit_city_query_under_uk_target,2026-09-03
removal company Norwich,removal company norwich,removal company Norwich,removal company Norwich,removal_company,removal company,planned_trade,Norwich,720,HIGH,70,4.6358,3.6833,7.5562,explicit_city_query_under_uk_target,2026-09-03
removal company Swansea,removal company swansea,removal company Swansea,removal company Swansea,removal_company,removal company,planned_trade,Swansea,480,MEDIUM,43,7.2566,3.9614,7.5466,explicit_city_query_under_uk_target,2026-09-03
removal company York,removal company york,removal company York,removal company York,removal_company,removal company,planned_trade,York,1300,MEDIUM,53,6.5226,4.0761,8.8602,explicit_city_query_under_uk_target,2026-09-03
skip hire London,skip hire london,skip hire London,skip hire London,skip_hire,skip hire,planned_trade,London,2400,HIGH,79,2.2486,0.7387,2.6012,explicit_city_query_under_uk_target,2026-09-03
skip hire Birmingham,skip hire birmingham,skip hire Birmingham,skip hire Birmingham,skip_hire,skip hire,planned_trade,Birmingham,5400,HIGH,75,2.4222,0.3795,2.3772,explicit_city_query_under_uk_target,2026-09-03
skip hire Manchester,skip hire manchester,skip hire Manchester,skip hire Manchester,skip_hire,skip hire,planned_trade,Manchester,2400,HIGH,75,2.3038,0.5175,2.8279,explicit_city_query_under_uk_target,2026-09-03
skip hire Glasgow,skip hire glasgow,skip hire Glasgow,skip hire Glasgow,skip_hire,skip hire,planned_trade,Glasgow,1900,HIGH,75,1.7166,0.4100,2.5976,explicit_city_query_under_uk_target,2026-09-03
skip hire Leeds,skip hire leeds,skip hire Leeds,skip hire Leeds,skip_hire,skip hire,planned_trade,Leeds,2900,HIGH,78,1.9386,0.4811,2.7019,explicit_city_query_under_uk_target,2026-09-03
skip hire Liverpool,skip hire liverpool,skip hire Liverpool,skip hire Liverpool,skip_hire,skip hire,planned_trade,Liverpool,2400,MEDIUM,65,2.1744,0.3953,2.7208,explicit_city_query_under_uk_target,2026-09-03
skip hire Bristol,skip hire bristol,skip hire Bristol,skip hire Bristol,skip_hire,skip hire,planned_trade,Bristol,2900,HIGH,79,2.0271,0.5547,2.6141,explicit_city_query_under_uk_target,2026-09-03
skip hire Sheffield,skip hire sheffield,skip hire Sheffield,skip hire Sheffield,skip_hire,skip hire,planned_trade,Sheffield,2900,HIGH,76,2.1284,0.4289,2.7307,explicit_city_query_under_uk_target,2026-09-03
skip hire Edinburgh,skip hire edinburgh,skip hire Edinburgh,skip hire Edinburgh,skip_hire,skip hire,planned_trade,Edinburgh,1300,HIGH,67,1.5062,0.3275,2.7084,explicit_city_query_under_uk_target,2026-09-03
skip hire Cardiff,skip hire cardiff,skip hire Cardiff,skip hire Cardiff,skip_hire,skip hire,planned_trade,Cardiff,1900,HIGH,74,1.7525,0.3492,1.9859,explicit_city_query_under_uk_target,2026-09-03
skip hire Nottingham,skip hire nottingham,skip hire Nottingham,skip hire Nottingham,skip_hire,skip hire,planned_trade,Nottingham,3600,HIGH,81,2.2265,0.5099,2.7375,explicit_city_query_under_uk_target,2026-09-03
skip hire Newcastle,skip hire newcastle,skip hire Newcastle,skip hire Newcastle,skip_hire,skip hire,planned_trade,Newcastle,880,HIGH,70,1.6800,0.3192,2.2163,explicit_city_query_under_uk_target,2026-09-03
skip hire Leicester,skip hire leicester,skip hire Leicester,skip hire Leicester,skip_hire,skip hire,planned_trade,Leicester,2900,HIGH,73,2.1932,0.3987,2.7225,explicit_city_query_under_uk_target,2026-09-03
skip hire Southampton,skip hire southampton,skip hire Southampton,skip hire Southampton,skip_hire,skip hire,planned_trade,Southampton,1300,HIGH,72,1.8674,0.3664,2.1438,explicit_city_query_under_uk_target,2026-09-03
skip hire Brighton,skip hire brighton,skip hire Brighton,skip hire Brighton,skip_hire,skip hire,planned_trade,Brighton,1000,HIGH,75,2.0107,0.5625,2.7352,explicit_city_query_under_uk_target,2026-09-03
skip hire Coventry,skip hire coventry,skip hire Coventry,skip hire Coventry,skip_hire,skip hire,planned_trade,Coventry,1600,HIGH,69,2.0680,0.3798,2.4727,explicit_city_query_under_uk_target,2026-09-03
skip hire Belfast,skip hire belfast,skip hire Belfast,skip hire Belfast,skip_hire,skip hire,planned_trade,Belfast,1900,MEDIUM,53,1.9019,0.5115,2.7227,explicit_city_query_under_uk_target,2026-09-03
skip hire Reading,skip hire reading,skip hire Reading,skip hire Reading,skip_hire,skip hire,planned_trade,Reading,1300,HIGH,81,2.4251,0.4993,2.9763,explicit_city_query_under_uk_target,2026-09-03
skip hire Oxford,skip hire oxford,skip hire Oxford,skip hire Oxford,skip_hire,skip hire,planned_trade,Oxford,880,MEDIUM,66,2.0790,0.3989,2.7227,explicit_city_query_under_uk_target,2026-09-03
skip hire Cambridge,skip hire cambridge,skip hire Cambridge,skip hire Cambridge,skip_hire,skip hire,planned_trade,Cambridge,880,HIGH,73,2.2857,0.6256,3.1736,explicit_city_query_under_uk_target,2026-09-03
skip hire Aberdeen,skip hire aberdeen,skip hire Aberdeen,skip hire Aberdeen,skip_hire,skip hire,planned_trade,Aberdeen,880,MEDIUM,56,1.5638,0.4756,2.4869,explicit_city_query_under_uk_target,2026-09-03
skip hire Plymouth,skip hire plymouth,skip hire Plymouth,skip hire Plymouth,skip_hire,skip hire,planned_trade,Plymouth,880,MEDIUM,61,1.9031,0.3488,2.4670,explicit_city_query_under_uk_target,2026-09-03
skip hire Exeter,skip hire exeter,skip hire Exeter,skip hire Exeter,skip_hire,skip hire,planned_trade,Exeter,720,HIGH,75,1.8755,0.6216,2.4951,explicit_city_query_under_uk_target,2026-09-03
skip hire Norwich,skip hire norwich,skip hire Norwich,skip hire Norwich,skip_hire,skip hire,planned_trade,Norwich,1900,HIGH,70,1.5333,0.4195,2.7136,explicit_city_query_under_uk_target,2026-09-03
skip hire Swansea,skip hire swansea,skip hire Swansea,skip hire Swansea,skip_hire,skip hire,planned_trade,Swansea,1000,MEDIUM,65,1.6906,0.3928,2.7256,explicit_city_query_under_uk_target,2026-09-03
skip hire York,skip hire york,skip hire York,skip hire York,skip_hire,skip hire,planned_trade,York,1000,HIGH,81,1.8611,0.5252,1.7762,explicit_city_query_under_uk_target,2026-09-03
solar panel installers London,solar panel installers london,solar panel installers London,solar panel installers London,solar_panel_installers,solar panel installers,high_ticket_home,London,260,MEDIUM,39,6.6713,4.1291,10.1042,explicit_city_query_under_uk_target,2026-09-03
solar panel installers Birmingham,solar panel installers birmingham,solar panel installers Birmingham,solar panel installers Birmingham,solar_panel_installers,solar panel installers,high_ticket_home,Birmingham,70,MEDIUM,34,4.4706,2.9423,12.6608,explicit_city_query_under_uk_target,2026-09-03
solar panel installers Manchester,solar panel installers manchester,solar panel installers Manchester,solar panel installers Manchester,solar_panel_installers,solar panel installers,high_ticket_home,Manchester,140,HIGH,73,5.0891,6.0981,16.7057,explicit_city_query_under_uk_target,2026-09-03
solar panel installers Glasgow,solar panel installers glasgow,solar panel installers Glasgow,solar panel installers Glasgow,solar_panel_installers,solar panel installers,high_ticket_home,Glasgow,320,LOW,27,8.6677,3.5081,10.1456,explicit_city_query_under_uk_target,2026-09-03
solar panel installers Leeds,solar panel installers leeds,solar panel installers Leeds,solar panel installers Leeds,solar_panel_installers,solar panel installers,high_ticket_home,Leeds,50,HIGH,70,2.1348,6.4805,11.9197,explicit_city_query_under_uk_target,2026-09-03
solar panel installers Liverpool,solar panel installers liverpool,solar panel installers Liverpool,solar panel installers Liverpool,solar_panel_installers,solar panel installers,high_ticket_home,Liverpool,30,HIGH,73,13.9463,4.8317,11.2948,explicit_city_query_under_uk_target,2026-09-03
solar panel installers Bristol,solar panel installers bristol,solar panel installers Bristol,solar panel installers Bristol,solar_panel_installers,solar panel installers,high_ticket_home,Bristol,140,MEDIUM,64,10.8828,6.3264,16.8778,explicit_city_query_under_uk_target,2026-09-03
solar panel installers Sheffield,solar panel installers sheffield,solar panel installers Sheffield,solar panel installers Sheffield,solar_panel_installers,solar panel installers,high_ticket_home,Sheffield,90,MEDIUM,51,6.4761,4.8736,14.8001,explicit_city_query_under_uk_target,2026-09-03
solar panel installers Edinburgh,solar panel installers edinburgh,solar panel installers Edinburgh,solar panel installers Edinburgh,solar_panel_installers,solar panel installers,high_ticket_home,Edinburgh,260,MEDIUM,41,16.9626,4.4639,19.7968,explicit_city_query_under_uk_target,2026-09-03
solar panel installers Cardiff,solar panel installers cardiff,solar panel installers Cardiff,solar panel installers Cardiff,solar_panel_installers,solar panel installers,high_ticket_home,Cardiff,50,HIGH,71,4.4968,6.7468,14.4278,explicit_city_query_under_uk_target,2026-09-03
solar panel installers Nottingham,solar panel installers nottingham,solar panel installers Nottingham,solar panel installers Nottingham,solar_panel_installers,solar panel installers,high_ticket_home,Nottingham,210,HIGH,71,8.3599,3.5061,9.2298,explicit_city_query_under_uk_target,2026-09-03
solar panel installers Newcastle,solar panel installers newcastle,solar panel installers Newcastle,solar panel installers Newcastle,solar_panel_installers,solar panel installers,high_ticket_home,Newcastle,70,MEDIUM,35,2.5441,4.4741,9.5395,explicit_city_query_under_uk_target,2026-09-03
solar panel installers Leicester,solar panel installers leicester,solar panel installers Leicester,solar panel installers Leicester,solar_panel_installers,solar panel installers,high_ticket_home,Leicester,70,MEDIUM,44,10.9856,5.3709,15.0973,explicit_city_query_under_uk_target,2026-09-03
solar panel installers Southampton,solar panel installers southampton,solar panel installers Southampton,solar panel installers Southampton,solar_panel_installers,solar panel installers,high_ticket_home,Southampton,50,HIGH,70,5.3337,6.9422,10.7083,explicit_city_query_under_uk_target,2026-09-03
solar panel installers Brighton,solar panel installers brighton,solar panel installers Brighton,solar panel installers Brighton,solar_panel_installers,solar panel installers,high_ticket_home,Brighton,30,LOW,29,0.0000,0.0000,0.0000,explicit_city_query_under_uk_target,2026-09-03
solar panel installers Coventry,solar panel installers coventry,solar panel installers Coventry,solar panel installers Coventry,solar_panel_installers,solar panel installers,high_ticket_home,Coventry,20,LOW,23,7.0219,2.7732,10.8746,explicit_city_query_under_uk_target,2026-09-03
solar panel installers Reading,solar panel installers reading,solar panel installers Reading,solar panel installers Reading,solar_panel_installers,solar panel installers,high_ticket_home,Reading,20,LOW,13,0.0000,0.0000,0.0000,explicit_city_query_under_uk_target,2026-09-03
solar panel installers Oxford,solar panel installers oxford,solar panel installers Oxford,solar panel installers Oxford,solar_panel_installers,solar panel installers,high_ticket_home,Oxford,70,LOW,26,34.3813,14.7817,24.6918,explicit_city_query_under_uk_target,2026-09-03
solar panel installers Cambridge,solar panel installers cambridge,solar panel installers Cambridge,solar panel installers Cambridge,solar_panel_installers,solar panel installers,high_ticket_home,Cambridge,50,MEDIUM,54,13.4684,2.2495,22.5230,explicit_city_query_under_uk_target,2026-09-03
solar panel installers Aberdeen,solar panel installers aberdeen,solar panel installers Aberdeen,solar panel installers Aberdeen,solar_panel_installers,solar panel installers,high_ticket_home,Aberdeen,20,LOW,4,0.0000,0.0000,0.0000,explicit_city_query_under_uk_target,2026-09-03
solar panel installers Plymouth,solar panel installers plymouth,solar panel installers Plymouth,solar panel installers Plymouth,solar_panel_installers,solar panel installers,high_ticket_home,Plymouth,20,MEDIUM,64,4.0917,4.1791,8.3241,explicit_city_query_under_uk_target,2026-09-03
solar panel installers Exeter,solar panel installers exeter,solar panel installers Exeter,solar panel installers Exeter,solar_panel_installers,solar panel installers,high_ticket_home,Exeter,30,LOW,20,20.7646,7.4574,17.6342,explicit_city_query_under_uk_target,2026-09-03
solar panel installers Norwich,solar panel installers norwich,solar panel installers Norwich,solar panel installers Norwich,solar_panel_installers,solar panel installers,high_ticket_home,Norwich,70,MEDIUM,39,7.8517,4.1469,13.0167,explicit_city_query_under_uk_target,2026-09-03
solar panel installers Swansea,solar panel installers swansea,solar panel installers Swansea,solar panel installers Swansea,solar_panel_installers,solar panel installers,high_ticket_home,Swansea,30,HIGH,88,2.4492,4.4970,9.8650,explicit_city_query_under_uk_target,2026-09-03
solar panel installers York,solar panel installers york,solar panel installers York,solar panel installers York,solar_panel_installers,solar panel installers,high_ticket_home,York,70,LOW,11,8.5867,0.5925,9.9785,explicit_city_query_under_uk_target,2026-09-03
ev charger installation London,ev charger installation london,ev charger installation London,ev charger installation London,ev_charger_installation,ev charger installation,high_ticket_home,London,110,MEDIUM,50,2.0240,1.8473,5.0976,explicit_city_query_under_uk_target,2026-09-03
ev charger installation Birmingham,ev charger installation birmingham,ev charger installation Birmingham,ev charger installation Birmingham,ev_charger_installation,ev charger installation,high_ticket_home,Birmingham,110,MEDIUM,43,4.3826,1.5900,5.6670,explicit_city_query_under_uk_target,2026-09-03
ev charger installation Manchester,ev charger installation manchester,ev charger installation Manchester,ev charger installation Manchester,ev_charger_installation,ev charger installation,high_ticket_home,Manchester,140,MEDIUM,45,3.7437,1.7214,4.5471,explicit_city_query_under_uk_target,2026-09-03
ev charger installation Glasgow,ev charger installation glasgow,ev charger installation Glasgow,ev charger installation Glasgow,ev_charger_installation,ev charger installation,high_ticket_home,Glasgow,210,MEDIUM,62,3.8453,1.1415,4.5067,explicit_city_query_under_uk_target,2026-09-03
ev charger installation Leeds,ev charger installation leeds,ev charger installation Leeds,ev charger installation Leeds,ev_charger_installation,ev charger installation,high_ticket_home,Leeds,110,MEDIUM,62,4.0405,1.8626,4.5954,explicit_city_query_under_uk_target,2026-09-03
ev charger installation Bristol,ev charger installation bristol,ev charger installation Bristol,ev charger installation Bristol,ev_charger_installation,ev charger installation,high_ticket_home,Bristol,110,MEDIUM,54,4.1385,2.5435,7.1463,explicit_city_query_under_uk_target,2026-09-03
ev charger installation Sheffield,ev charger installation sheffield,ev charger installation Sheffield,ev charger installation Sheffield,ev_charger_installation,ev charger installation,high_ticket_home,Sheffield,90,MEDIUM,66,4.1230,1.3851,4.1166,explicit_city_query_under_uk_target,2026-09-03
ev charger installation Edinburgh,ev charger installation edinburgh,ev charger installation Edinburgh,ev charger installation Edinburgh,ev_charger_installation,ev charger installation,high_ticket_home,Edinburgh,140,HIGH,70,4.5991,1.8292,7.6757,explicit_city_query_under_uk_target,2026-09-03
ev charger installation Cardiff,ev charger installation cardiff,ev charger installation Cardiff,ev charger installation Cardiff,ev_charger_installation,ev charger installation,high_ticket_home,Cardiff,50,MEDIUM,58,5.0415,1.5374,5.7220,explicit_city_query_under_uk_target,2026-09-03
ev charger installation Nottingham,ev charger installation nottingham,ev charger installation Nottingham,ev charger installation Nottingham,ev_charger_installation,ev charger installation,high_ticket_home,Nottingham,90,MEDIUM,39,3.2405,1.4015,5.7936,explicit_city_query_under_uk_target,2026-09-03
ev charger installation Newcastle,ev charger installation newcastle,ev charger installation Newcastle,ev charger installation Newcastle,ev_charger_installation,ev charger installation,high_ticket_home,Newcastle,40,MEDIUM,39,0.7528,1.1374,3.4679,explicit_city_query_under_uk_target,2026-09-03
ev charger installation Leicester,ev charger installation leicester,ev charger installation Leicester,ev charger installation Leicester,ev_charger_installation,ev charger installation,high_ticket_home,Leicester,70,MEDIUM,61,3.2551,1.8954,4.9437,explicit_city_query_under_uk_target,2026-09-03
ev charger installation Southampton,ev charger installation southampton,ev charger installation Southampton,ev charger installation Southampton,ev_charger_installation,ev charger installation,high_ticket_home,Southampton,30,HIGH,74,2.8359,1.9552,3.9644,explicit_city_query_under_uk_target,2026-09-03
ev charger installation Coventry,ev charger installation coventry,ev charger installation Coventry,ev charger installation Coventry,ev_charger_installation,ev charger installation,high_ticket_home,Coventry,70,MEDIUM,58,5.3334,1.7338,4.3250,explicit_city_query_under_uk_target,2026-09-03
ev charger installation Belfast,ev charger installation belfast,ev charger installation Belfast,ev charger installation Belfast,ev_charger_installation,ev charger installation,high_ticket_home,Belfast,40,HIGH,90,2.2715,0.8191,2.2197,explicit_city_query_under_uk_target,2026-09-03
ev charger installation Reading,ev charger installation reading,ev charger installation Reading,ev charger installation Reading,ev_charger_installation,ev charger installation,high_ticket_home,Reading,10,MEDIUM,58,2.9608,0.9821,3.5353,explicit_city_query_under_uk_target,2026-09-03
ev charger installation Oxford,ev charger installation oxford,ev charger installation Oxford,ev charger installation Oxford,ev_charger_installation,ev charger installation,high_ticket_home,Oxford,20,HIGH,84,2.2192,1.2010,3.5796,explicit_city_query_under_uk_target,2026-09-03
ev charger installation Cambridge,ev charger installation cambridge,ev charger installation Cambridge,ev charger installation Cambridge,ev_charger_installation,ev charger installation,high_ticket_home,Cambridge,30,HIGH,71,2.7079,1.1308,3.5955,explicit_city_query_under_uk_target,2026-09-03
ev charger installation Aberdeen,ev charger installation aberdeen,ev charger installation Aberdeen,ev charger installation Aberdeen,ev_charger_installation,ev charger installation,high_ticket_home,Aberdeen,70,MEDIUM,59,3.9650,1.0285,2.9532,explicit_city_query_under_uk_target,2026-09-03
ev charger installation Plymouth,ev charger installation plymouth,ev charger installation Plymouth,ev charger installation Plymouth,ev_charger_installation,ev charger installation,high_ticket_home,Plymouth,40,HIGH,77,4.1694,1.6703,3.9900,explicit_city_query_under_uk_target,2026-09-03
ev charger installation Exeter,ev charger installation exeter,ev charger installation Exeter,ev charger installation Exeter,ev_charger_installation,ev charger installation,high_ticket_home,Exeter,20,HIGH,75,1.7511,1.4758,8.5685,explicit_city_query_under_uk_target,2026-09-03
ev charger installation Norwich,ev charger installation norwich,ev charger installation Norwich,ev charger installation Norwich,ev_charger_installation,ev charger installation,high_ticket_home,Norwich,50,MEDIUM,52,3.5808,1.9739,6.2974,explicit_city_query_under_uk_target,2026-09-03
air conditioning installation London,air conditioning installation london,air conditioning installation London,air conditioning installation London,air_conditioning_installation,air conditioning installation,high_ticket_home,London,1300,HIGH,81,2.4024,0.8836,3.5610,explicit_city_query_under_uk_target,2026-09-03
air conditioning installation Birmingham,air conditioning installation birmingham,air conditioning installation Birmingham,air conditioning installation Birmingham,air_conditioning_installation,air conditioning installation,high_ticket_home,Birmingham,140,MEDIUM,58,1.1362,0.3182,1.6782,explicit_city_query_under_uk_target,2026-09-03
air conditioning installation Manchester,air conditioning installation manchester,air conditioning installation Manchester,air conditioning installation Manchester,air_conditioning_installation,air conditioning installation,high_ticket_home,Manchester,140,HIGH,78,1.4028,0.4950,2.2610,explicit_city_query_under_uk_target,2026-09-03
air conditioning installation Glasgow,air conditioning installation glasgow,air conditioning installation Glasgow,air conditioning installation Glasgow,air_conditioning_installation,air conditioning installation,high_ticket_home,Glasgow,40,MEDIUM,61,8.4533,1.1900,9.5344,explicit_city_query_under_uk_target,2026-09-03
air conditioning installation Leeds,air conditioning installation leeds,air conditioning installation Leeds,air conditioning installation Leeds,air_conditioning_installation,air conditioning installation,high_ticket_home,Leeds,40,MEDIUM,65,0.8464,0.4954,1.6573,explicit_city_query_under_uk_target,2026-09-03
air conditioning installation Liverpool,air conditioning installation liverpool,air conditioning installation Liverpool,air conditioning installation Liverpool,air_conditioning_installation,air conditioning installation,high_ticket_home,Liverpool,50,HIGH,68,0.8101,0.4076,1.9100,explicit_city_query_under_uk_target,2026-09-03
air conditioning installation Bristol,air conditioning installation bristol,air conditioning installation Bristol,air conditioning installation Bristol,air_conditioning_installation,air conditioning installation,high_ticket_home,Bristol,110,HIGH,69,1.2954,0.5329,2.1511,explicit_city_query_under_uk_target,2026-09-03
air conditioning installation Sheffield,air conditioning installation sheffield,air conditioning installation Sheffield,air conditioning installation Sheffield,air_conditioning_installation,air conditioning installation,high_ticket_home,Sheffield,70,HIGH,67,1.0110,0.4784,1.9648,explicit_city_query_under_uk_target,2026-09-03
air conditioning installation Edinburgh,air conditioning installation edinburgh,air conditioning installation Edinburgh,air conditioning installation Edinburgh,air_conditioning_installation,air conditioning installation,high_ticket_home,Edinburgh,20,MEDIUM,54,2.1123,1.4052,14.5956,explicit_city_query_under_uk_target,2026-09-03
air conditioning installation Cardiff,air conditioning installation cardiff,air conditioning installation Cardiff,air conditioning installation Cardiff,air_conditioning_installation,air conditioning installation,high_ticket_home,Cardiff,70,HIGH,72,0.8465,0.3480,1.6725,explicit_city_query_under_uk_target,2026-09-03
air conditioning installation Nottingham,air conditioning installation nottingham,air conditioning installation Nottingham,air conditioning installation Nottingham,air_conditioning_installation,air conditioning installation,high_ticket_home,Nottingham,110,MEDIUM,66,1.5555,0.3650,2.2490,explicit_city_query_under_uk_target,2026-09-03
air conditioning installation Newcastle,air conditioning installation newcastle,air conditioning installation Newcastle,air conditioning installation Newcastle,air_conditioning_installation,air conditioning installation,high_ticket_home,Newcastle,70,MEDIUM,37,1.8543,1.3910,6.0894,explicit_city_query_under_uk_target,2026-09-03
air conditioning installation Leicester,air conditioning installation leicester,air conditioning installation Leicester,air conditioning installation Leicester,air_conditioning_installation,air conditioning installation,high_ticket_home,Leicester,50,MEDIUM,52,1.4983,0.3186,1.7295,explicit_city_query_under_uk_target,2026-09-03
air conditioning installation Southampton,air conditioning installation southampton,air conditioning installation Southampton,air conditioning installation Southampton,air_conditioning_installation,air conditioning installation,high_ticket_home,Southampton,50,HIGH,70,0.9048,0.3480,1.9255,explicit_city_query_under_uk_target,2026-09-03
air conditioning installation Brighton,air conditioning installation brighton,air conditioning installation Brighton,air conditioning installation Brighton,air_conditioning_installation,air conditioning installation,high_ticket_home,Brighton,30,HIGH,75,2.2088,0.6900,3.0942,explicit_city_query_under_uk_target,2026-09-03
air conditioning installation Coventry,air conditioning installation coventry,air conditioning installation Coventry,air conditioning installation Coventry,air_conditioning_installation,air conditioning installation,high_ticket_home,Coventry,30,HIGH,75,0.4204,0.3184,1.8538,explicit_city_query_under_uk_target,2026-09-03
air conditioning installation Reading,air conditioning installation reading,air conditioning installation Reading,air conditioning installation Reading,air_conditioning_installation,air conditioning installation,high_ticket_home,Reading,40,HIGH,88,1.0927,0.5694,2.6879,explicit_city_query_under_uk_target,2026-09-03
air conditioning installation Oxford,air conditioning installation oxford,air conditioning installation Oxford,air conditioning installation Oxford,air_conditioning_installation,air conditioning installation,high_ticket_home,Oxford,30,MEDIUM,59,1.6207,0.4525,1.9688,explicit_city_query_under_uk_target,2026-09-03
air conditioning installation Cambridge,air conditioning installation cambridge,air conditioning installation Cambridge,air conditioning installation Cambridge,air_conditioning_installation,air conditioning installation,high_ticket_home,Cambridge,70,HIGH,68,1.4921,0.8231,1.8682,explicit_city_query_under_uk_target,2026-09-03
air conditioning installation Aberdeen,air conditioning installation aberdeen,air conditioning installation Aberdeen,air conditioning installation Aberdeen,air_conditioning_installation,air conditioning installation,high_ticket_home,Aberdeen,10,MEDIUM,36,0.0000,0.0000,0.0000,explicit_city_query_under_uk_target,2026-09-03
air conditioning installation Plymouth,air conditioning installation plymouth,air conditioning installation Plymouth,air conditioning installation Plymouth,air_conditioning_installation,air conditioning installation,high_ticket_home,Plymouth,50,MEDIUM,36,1.6355,0.3626,1.9413,explicit_city_query_under_uk_target,2026-09-03
air conditioning installation Exeter,air conditioning installation exeter,air conditioning installation Exeter,air conditioning installation Exeter,air_conditioning_installation,air conditioning installation,high_ticket_home,Exeter,10,HIGH,74,0.9528,0.6492,2.1742,explicit_city_query_under_uk_target,2026-09-03
air conditioning installation Norwich,air conditioning installation norwich,air conditioning installation Norwich,air conditioning installation Norwich,air_conditioning_installation,air conditioning installation,high_ticket_home,Norwich,30,HIGH,69,0.2589,0.5725,1.5663,explicit_city_query_under_uk_target,2026-09-03
air conditioning installation Swansea,air conditioning installation swansea,air conditioning installation Swansea,air conditioning installation Swansea,air_conditioning_installation,air conditioning installation,high_ticket_home,Swansea,20,MEDIUM,48,1.0207,0.3384,1.3998,explicit_city_query_under_uk_target,2026-09-03
air conditioning installation York,air conditioning installation york,air conditioning installation York,air conditioning installation York,air_conditioning_installation,air conditioning installation,high_ticket_home,York,20,HIGH,68,0.8087,0.5970,1.7519,explicit_city_query_under_uk_target,2026-09-03
asbestos survey London,asbestos survey london,asbestos survey London,asbestos survey London,asbestos_survey,asbestos survey,specialist_compliance,London,1000,MEDIUM,65,28.9942,7.5513,58.4344,explicit_city_query_under_uk_target,2026-09-03
asbestos survey Birmingham,asbestos survey birmingham,asbestos survey Birmingham,asbestos survey Birmingham,asbestos_survey,asbestos survey,specialist_compliance,Birmingham,170,MEDIUM,50,23.4014,6.1560,48.8270,explicit_city_query_under_uk_target,2026-09-03
asbestos survey Manchester,asbestos survey manchester,asbestos survey Manchester,asbestos survey Manchester,asbestos_survey,asbestos survey,specialist_compliance,Manchester,170,MEDIUM,59,24.6552,7.3248,58.2068,explicit_city_query_under_uk_target,2026-09-03
asbestos survey Glasgow,asbestos survey glasgow,asbestos survey Glasgow,asbestos survey Glasgow,asbestos_survey,asbestos survey,specialist_compliance,Glasgow,170,MEDIUM,53,16.4672,2.6628,14.0278,explicit_city_query_under_uk_target,2026-09-03
asbestos survey Leeds,asbestos survey leeds,asbestos survey Leeds,asbestos survey Leeds,asbestos_survey,asbestos survey,specialist_compliance,Leeds,140,MEDIUM,48,23.9220,3.2511,90.0140,explicit_city_query_under_uk_target,2026-09-03
asbestos survey Liverpool,asbestos survey liverpool,asbestos survey Liverpool,asbestos survey Liverpool,asbestos_survey,asbestos survey,specialist_compliance,Liverpool,90,MEDIUM,57,13.1342,5.5619,80.5873,explicit_city_query_under_uk_target,2026-09-03
asbestos survey Bristol,asbestos survey bristol,asbestos survey Bristol,asbestos survey Bristol,asbestos_survey,asbestos survey,specialist_compliance,Bristol,170,MEDIUM,65,10.9658,3.7294,57.8545,explicit_city_query_under_uk_target,2026-09-03
asbestos survey Sheffield,asbestos survey sheffield,asbestos survey Sheffield,asbestos survey Sheffield,asbestos_survey,asbestos survey,specialist_compliance,Sheffield,90,MEDIUM,41,36.5016,3.2555,52.2600,explicit_city_query_under_uk_target,2026-09-03
asbestos survey Edinburgh,asbestos survey edinburgh,asbestos survey Edinburgh,asbestos survey Edinburgh,asbestos_survey,asbestos survey,specialist_compliance,Edinburgh,170,HIGH,70,14.6237,2.4884,11.6137,explicit_city_query_under_uk_target,2026-09-03
asbestos survey Cardiff,asbestos survey cardiff,asbestos survey Cardiff,asbestos survey Cardiff,asbestos_survey,asbestos survey,specialist_compliance,Cardiff,70,MEDIUM,65,5.0082,1.9342,58.4834,explicit_city_query_under_uk_target,2026-09-03
asbestos survey Nottingham,asbestos survey nottingham,asbestos survey Nottingham,asbestos survey Nottingham,asbestos_survey,asbestos survey,specialist_compliance,Nottingham,170,LOW,27,21.4544,4.6486,93.2704,explicit_city_query_under_uk_target,2026-09-03
asbestos survey Newcastle,asbestos survey newcastle,asbestos survey Newcastle,asbestos survey Newcastle,asbestos_survey,asbestos survey,specialist_compliance,Newcastle,70,MEDIUM,48,3.8856,1.9723,5.5651,explicit_city_query_under_uk_target,2026-09-03
asbestos survey Leicester,asbestos survey leicester,asbestos survey Leicester,asbestos survey Leicester,asbestos_survey,asbestos survey,specialist_compliance,Leicester,70,MEDIUM,52,21.5583,7.3581,54.2006,explicit_city_query_under_uk_target,2026-09-03
asbestos survey Southampton,asbestos survey southampton,asbestos survey Southampton,asbestos survey Southampton,asbestos_survey,asbestos survey,specialist_compliance,Southampton,90,HIGH,73,15.1502,4.0127,13.1141,explicit_city_query_under_uk_target,2026-09-03
asbestos survey Brighton,asbestos survey brighton,asbestos survey Brighton,asbestos survey Brighton,asbestos_survey,asbestos survey,specialist_compliance,Brighton,70,MEDIUM,52,12.7030,6.7533,66.0931,explicit_city_query_under_uk_target,2026-09-03
asbestos survey Coventry,asbestos survey coventry,asbestos survey Coventry,asbestos survey Coventry,asbestos_survey,asbestos survey,specialist_compliance,Coventry,50,MEDIUM,49,26.7470,7.5175,55.5494,explicit_city_query_under_uk_target,2026-09-03
asbestos survey Belfast,asbestos survey belfast,asbestos survey Belfast,asbestos survey Belfast,asbestos_survey,asbestos survey,specialist_compliance,Belfast,30,MEDIUM,64,2.1134,1.2299,3.2237,explicit_city_query_under_uk_target,2026-09-03
asbestos survey Reading,asbestos survey reading,asbestos survey Reading,asbestos survey Reading,asbestos_survey,asbestos survey,specialist_compliance,Reading,40,MEDIUM,62,27.2205,6.3172,77.3800,explicit_city_query_under_uk_target,2026-09-03
asbestos survey Oxford,asbestos survey oxford,asbestos survey Oxford,asbestos survey Oxford,asbestos_survey,asbestos survey,specialist_compliance,Oxford,70,MEDIUM,50,23.5358,7.9067,39.8469,explicit_city_query_under_uk_target,2026-09-03
asbestos survey Cambridge,asbestos survey cambridge,asbestos survey Cambridge,asbestos survey Cambridge,asbestos_survey,asbestos survey,specialist_compliance,Cambridge,70,HIGH,68,20.4887,6.8552,56.9079,explicit_city_query_under_uk_target,2026-09-03
asbestos survey Aberdeen,asbestos survey aberdeen,asbestos survey Aberdeen,asbestos survey Aberdeen,asbestos_survey,asbestos survey,specialist_compliance,Aberdeen,40,LOW,30,5.3002,2.3122,5.2962,explicit_city_query_under_uk_target,2026-09-03
asbestos survey Plymouth,asbestos survey plymouth,asbestos survey Plymouth,asbestos survey Plymouth,asbestos_survey,asbestos survey,specialist_compliance,Plymouth,40,MEDIUM,54,10.5028,4.0419,8.9939,explicit_city_query_under_uk_target,2026-09-03
asbestos survey Exeter,asbestos survey exeter,asbestos survey Exeter,asbestos survey Exeter,asbestos_survey,asbestos survey,specialist_compliance,Exeter,40,MEDIUM,54,13.0958,4.1845,11.8894,explicit_city_query_under_uk_target,2026-09-03
asbestos survey Norwich,asbestos survey norwich,asbestos survey Norwich,asbestos survey Norwich,asbestos_survey,asbestos survey,specialist_compliance,Norwich,90,MEDIUM,55,14.2683,2.5186,12.1850,explicit_city_query_under_uk_target,2026-09-03
asbestos survey Swansea,asbestos survey swansea,asbestos survey Swansea,asbestos survey Swansea,asbestos_survey,asbestos survey,specialist_compliance,Swansea,30,HIGH,69,8.6522,2.0224,69.5297,explicit_city_query_under_uk_target,2026-09-03
asbestos survey York,asbestos survey york,asbestos survey York,asbestos survey York,asbestos_survey,asbestos survey,specialist_compliance,York,40,MEDIUM,66,15.0619,5.6189,75.0597,explicit_city_query_under_uk_target,2026-09-03
fire risk assessment London,fire risk assessment london,fire risk assessment London,fire risk assessment London,fire_risk_assessment,fire risk assessment,specialist_compliance,London,720,MEDIUM,60,30.1021,5.3763,31.8658,explicit_city_query_under_uk_target,2026-09-03
fire risk assessment Birmingham,fire risk assessment birmingham,fire risk assessment Birmingham,fire risk assessment Birmingham,fire_risk_assessment,fire risk assessment,specialist_compliance,Birmingham,170,MEDIUM,59,25.6859,4.0952,22.8083,explicit_city_query_under_uk_target,2026-09-03
fire risk assessment Manchester,fire risk assessment manchester,fire risk assessment Manchester,fire risk assessment Manchester,fire_risk_assessment,fire risk assessment,specialist_compliance,Manchester,260,MEDIUM,60,27.1084,4.1523,19.3003,explicit_city_query_under_uk_target,2026-09-03
fire risk assessment Glasgow,fire risk assessment glasgow,fire risk assessment Glasgow,fire risk assessment Glasgow,fire_risk_assessment,fire risk assessment,specialist_compliance,Glasgow,70,HIGH,73,11.0896,5.1340,12.9864,explicit_city_query_under_uk_target,2026-09-03
fire risk assessment Leeds,fire risk assessment leeds,fire risk assessment Leeds,fire risk assessment Leeds,fire_risk_assessment,fire risk assessment,specialist_compliance,Leeds,90,MEDIUM,57,46.9851,2.7859,19.8952,explicit_city_query_under_uk_target,2026-09-03
fire risk assessment Liverpool,fire risk assessment liverpool,fire risk assessment Liverpool,fire risk assessment Liverpool,fire_risk_assessment,fire risk assessment,specialist_compliance,Liverpool,70,MEDIUM,60,16.5717,5.2509,21.2092,explicit_city_query_under_uk_target,2026-09-03
fire risk assessment Bristol,fire risk assessment bristol,fire risk assessment Bristol,fire risk assessment Bristol,fire_risk_assessment,fire risk assessment,specialist_compliance,Bristol,170,MEDIUM,58,21.3405,6.2311,16.3081,explicit_city_query_under_uk_target,2026-09-03
fire risk assessment Sheffield,fire risk assessment sheffield,fire risk assessment Sheffield,fire risk assessment Sheffield,fire_risk_assessment,fire risk assessment,specialist_compliance,Sheffield,70,HIGH,73,21.4625,7.4127,28.0723,explicit_city_query_under_uk_target,2026-09-03
fire risk assessment Edinburgh,fire risk assessment edinburgh,fire risk assessment Edinburgh,fire risk assessment Edinburgh,fire_risk_assessment,fire risk assessment,specialist_compliance,Edinburgh,70,HIGH,67,11.9420,5.4718,12.7512,explicit_city_query_under_uk_target,2026-09-03
fire risk assessment Cardiff,fire risk assessment cardiff,fire risk assessment Cardiff,fire risk assessment Cardiff,fire_risk_assessment,fire risk assessment,specialist_compliance,Cardiff,70,MEDIUM,59,18.1850,5.1731,16.9786,explicit_city_query_under_uk_target,2026-09-03
fire risk assessment Nottingham,fire risk assessment nottingham,fire risk assessment Nottingham,fire risk assessment Nottingham,fire_risk_assessment,fire risk assessment,specialist_compliance,Nottingham,140,MEDIUM,58,17.0844,5.2145,13.0322,explicit_city_query_under_uk_target,2026-09-03
fire risk assessment Newcastle,fire risk assessment newcastle,fire risk assessment Newcastle,fire risk assessment Newcastle,fire_risk_assessment,fire risk assessment,specialist_compliance,Newcastle,70,MEDIUM,47,36.0932,5.4276,13.5846,explicit_city_query_under_uk_target,2026-09-03
fire risk assessment Leicester,fire risk assessment leicester,fire risk assessment Leicester,fire risk assessment Leicester,fire_risk_assessment,fire risk assessment,specialist_compliance,Leicester,110,MEDIUM,67,19.7216,7.2392,31.9173,explicit_city_query_under_uk_target,2026-09-03
fire risk assessment Southampton,fire risk assessment southampton,fire risk assessment Southampton,fire risk assessment Southampton,fire_risk_assessment,fire risk assessment,specialist_compliance,Southampton,50,MEDIUM,49,13.4042,4.4134,14.1020,explicit_city_query_under_uk_target,2026-09-03
fire risk assessment Brighton,fire risk assessment brighton,fire risk assessment Brighton,fire risk assessment Brighton,fire_risk_assessment,fire risk assessment,specialist_compliance,Brighton,70,MEDIUM,42,14.6213,4.1596,14.4891,explicit_city_query_under_uk_target,2026-09-03
fire risk assessment Coventry,fire risk assessment coventry,fire risk assessment Coventry,fire risk assessment Coventry,fire_risk_assessment,fire risk assessment,specialist_compliance,Coventry,70,MEDIUM,54,17.9914,7.0313,30.8771,explicit_city_query_under_uk_target,2026-09-03
fire risk assessment Belfast,fire risk assessment belfast,fire risk assessment Belfast,fire risk assessment Belfast,fire_risk_assessment,fire risk assessment,specialist_compliance,Belfast,20,MEDIUM,49,4.6191,1.4027,6.9415,explicit_city_query_under_uk_target,2026-09-03
fire risk assessment Reading,fire risk assessment reading,fire risk assessment Reading,fire risk assessment Reading,fire_risk_assessment,fire risk assessment,specialist_compliance,Reading,50,LOW,28,34.7884,7.2993,19.0231,explicit_city_query_under_uk_target,2026-09-03
fire risk assessment Oxford,fire risk assessment oxford,fire risk assessment Oxford,fire risk assessment Oxford,fire_risk_assessment,fire risk assessment,specialist_compliance,Oxford,20,MEDIUM,59,12.7518,5.1833,19.2877,explicit_city_query_under_uk_target,2026-09-03
fire risk assessment Cambridge,fire risk assessment cambridge,fire risk assessment Cambridge,fire risk assessment Cambridge,fire_risk_assessment,fire risk assessment,specialist_compliance,Cambridge,30,HIGH,70,14.6609,5.7781,34.3661,explicit_city_query_under_uk_target,2026-09-03
fire risk assessment Aberdeen,fire risk assessment aberdeen,fire risk assessment Aberdeen,fire risk assessment Aberdeen,fire_risk_assessment,fire risk assessment,specialist_compliance,Aberdeen,20,HIGH,86,8.0813,3.8938,9.5093,explicit_city_query_under_uk_target,2026-09-03
fire risk assessment Plymouth,fire risk assessment plymouth,fire risk assessment Plymouth,fire risk assessment Plymouth,fire_risk_assessment,fire risk assessment,specialist_compliance,Plymouth,50,MEDIUM,61,15.6610,4.3319,14.0816,explicit_city_query_under_uk_target,2026-09-03
fire risk assessment Exeter,fire risk assessment exeter,fire risk assessment Exeter,fire risk assessment Exeter,fire_risk_assessment,fire risk assessment,specialist_compliance,Exeter,30,MEDIUM,65,13.1608,4.1948,11.5937,explicit_city_query_under_uk_target,2026-09-03
fire risk assessment Norwich,fire risk assessment norwich,fire risk assessment Norwich,fire risk assessment Norwich,fire_risk_assessment,fire risk assessment,specialist_compliance,Norwich,30,MEDIUM,58,12.2184,4.3150,10.7361,explicit_city_query_under_uk_target,2026-09-03
fire risk assessment Swansea,fire risk assessment swansea,fire risk assessment Swansea,fire risk assessment Swansea,fire_risk_assessment,fire risk assessment,specialist_compliance,Swansea,40,MEDIUM,35,11.3369,4.8221,13.6538,explicit_city_query_under_uk_target,2026-09-03
fire risk assessment York,fire risk assessment york,fire risk assessment York,fire risk assessment York,fire_risk_assessment,fire risk assessment,specialist_compliance,York,20,MEDIUM,64,15.1700,6.1285,12.0417,explicit_city_query_under_uk_target,2026-09-03
commercial cleaning London,commercial cleaning london,commercial cleaning London,commercial cleaning London,commercial_cleaning,commercial cleaning,b2b_recurring,London,1600,MEDIUM,43,7.7722,2.4684,16.2566,explicit_city_query_under_uk_target,2026-09-03
commercial cleaning Birmingham,commercial cleaning birmingham,commercial cleaning Birmingham,commercial cleaning Birmingham,commercial_cleaning,commercial cleaning,b2b_recurring,Birmingham,480,MEDIUM,60,3.0398,5.6817,141.6843,explicit_city_query_under_uk_target,2026-09-03
commercial cleaning Manchester,commercial cleaning manchester,commercial cleaning Manchester,commercial cleaning Manchester,commercial_cleaning,commercial cleaning,b2b_recurring,Manchester,480,MEDIUM,51,7.2512,3.3982,24.3048,explicit_city_query_under_uk_target,2026-09-03
commercial cleaning Glasgow,commercial cleaning glasgow,commercial cleaning Glasgow,commercial cleaning Glasgow,commercial_cleaning,commercial cleaning,b2b_recurring,Glasgow,590,MEDIUM,54,5.4339,4.5557,19.9222,explicit_city_query_under_uk_target,2026-09-03
commercial cleaning Leeds,commercial cleaning leeds,commercial cleaning Leeds,commercial cleaning Leeds,commercial_cleaning,commercial cleaning,b2b_recurring,Leeds,390,MEDIUM,51,19.5924,4.6879,15.6515,explicit_city_query_under_uk_target,2026-09-03
commercial cleaning Liverpool,commercial cleaning liverpool,commercial cleaning Liverpool,commercial cleaning Liverpool,commercial_cleaning,commercial cleaning,b2b_recurring,Liverpool,170,MEDIUM,40,7.8627,5.2387,20.6202,explicit_city_query_under_uk_target,2026-09-03
commercial cleaning Bristol,commercial cleaning bristol,commercial cleaning Bristol,commercial cleaning Bristol,commercial_cleaning,commercial cleaning,b2b_recurring,Bristol,210,MEDIUM,40,6.6376,3.1565,10.0664,explicit_city_query_under_uk_target,2026-09-03
commercial cleaning Sheffield,commercial cleaning sheffield,commercial cleaning Sheffield,commercial cleaning Sheffield,commercial_cleaning,commercial cleaning,b2b_recurring,Sheffield,170,MEDIUM,33,7.3936,4.2400,17.7044,explicit_city_query_under_uk_target,2026-09-03
commercial cleaning Edinburgh,commercial cleaning edinburgh,commercial cleaning Edinburgh,commercial cleaning Edinburgh,commercial_cleaning,commercial cleaning,b2b_recurring,Edinburgh,2900,MEDIUM,35,14.3222,2.9935,20.0880,explicit_city_query_under_uk_target,2026-09-03
commercial cleaning Cardiff,commercial cleaning cardiff,commercial cleaning Cardiff,commercial cleaning Cardiff,commercial_cleaning,commercial cleaning,b2b_recurring,Cardiff,210,LOW,33,4.4993,4.5331,12.5099,explicit_city_query_under_uk_target,2026-09-03
commercial cleaning Nottingham,commercial cleaning nottingham,commercial cleaning Nottingham,commercial cleaning Nottingham,commercial_cleaning,commercial cleaning,b2b_recurring,Nottingham,480,MEDIUM,45,12.9562,5.9558,259.7163,explicit_city_query_under_uk_target,2026-09-03
commercial cleaning Newcastle,commercial cleaning newcastle,commercial cleaning Newcastle,commercial cleaning Newcastle,commercial_cleaning,commercial cleaning,b2b_recurring,Newcastle,90,MEDIUM,49,8.1524,3.9560,19.4739,explicit_city_query_under_uk_target,2026-09-03
commercial cleaning Leicester,commercial cleaning leicester,commercial cleaning Leicester,commercial cleaning Leicester,commercial_cleaning,commercial cleaning,b2b_recurring,Leicester,210,MEDIUM,36,5.7751,5.5343,449.3703,explicit_city_query_under_uk_target,2026-09-03
commercial cleaning Southampton,commercial cleaning southampton,commercial cleaning Southampton,commercial cleaning Southampton,commercial_cleaning,commercial cleaning,b2b_recurring,Southampton,140,MEDIUM,42,1.0601,2.7994,16.2623,explicit_city_query_under_uk_target,2026-09-03
commercial cleaning Brighton,commercial cleaning brighton,commercial cleaning Brighton,commercial cleaning Brighton,commercial_cleaning,commercial cleaning,b2b_recurring,Brighton,70,MEDIUM,35,15.2975,5.3683,14.9526,explicit_city_query_under_uk_target,2026-09-03
commercial cleaning Coventry,commercial cleaning coventry,commercial cleaning Coventry,commercial cleaning Coventry,commercial_cleaning,commercial cleaning,b2b_recurring,Coventry,110,MEDIUM,64,1.7068,4.0235,106.2958,explicit_city_query_under_uk_target,2026-09-03
commercial cleaning Belfast,commercial cleaning belfast,commercial cleaning Belfast,commercial cleaning Belfast,commercial_cleaning,commercial cleaning,b2b_recurring,Belfast,70,MEDIUM,48,4.7298,2.9652,9.9735,explicit_city_query_under_uk_target,2026-09-03
commercial cleaning Reading,commercial cleaning reading,commercial cleaning Reading,commercial cleaning Reading,commercial_cleaning,commercial cleaning,b2b_recurring,Reading,110,MEDIUM,45,3.4705,2.0128,5.6988,explicit_city_query_under_uk_target,2026-09-03
commercial cleaning Oxford,commercial cleaning oxford,commercial cleaning Oxford,commercial cleaning Oxford,commercial_cleaning,commercial cleaning,b2b_recurring,Oxford,70,MEDIUM,47,0.0000,3.4401,14.8974,explicit_city_query_under_uk_target,2026-09-03
commercial cleaning Cambridge,commercial cleaning cambridge,commercial cleaning Cambridge,commercial cleaning Cambridge,commercial_cleaning,commercial cleaning,b2b_recurring,Cambridge,390,MEDIUM,53,2.0052,1.7230,11.7447,explicit_city_query_under_uk_target,2026-09-03
commercial cleaning Aberdeen,commercial cleaning aberdeen,commercial cleaning Aberdeen,commercial cleaning Aberdeen,commercial_cleaning,commercial cleaning,b2b_recurring,Aberdeen,70,LOW,28,4.9210,4.9067,10.2603,explicit_city_query_under_uk_target,2026-09-03
commercial cleaning Plymouth,commercial cleaning plymouth,commercial cleaning Plymouth,commercial cleaning Plymouth,commercial_cleaning,commercial cleaning,b2b_recurring,Plymouth,70,HIGH,72,4.8860,2.8780,21.9847,explicit_city_query_under_uk_target,2026-09-03
commercial cleaning Exeter,commercial cleaning exeter,commercial cleaning Exeter,commercial cleaning Exeter,commercial_cleaning,commercial cleaning,b2b_recurring,Exeter,70,MEDIUM,57,2.1503,2.4709,8.0499,explicit_city_query_under_uk_target,2026-09-03
commercial cleaning Norwich,commercial cleaning norwich,commercial cleaning Norwich,commercial cleaning Norwich,commercial_cleaning,commercial cleaning,b2b_recurring,Norwich,70,MEDIUM,65,8.3670,3.3787,8.4082,explicit_city_query_under_uk_target,2026-09-03
commercial cleaning Swansea,commercial cleaning swansea,commercial cleaning Swansea,commercial cleaning Swansea,commercial_cleaning,commercial cleaning,b2b_recurring,Swansea,140,MEDIUM,34,1.6447,1.4025,7.4501,explicit_city_query_under_uk_target,2026-09-03
commercial cleaning York,commercial cleaning york,commercial cleaning York,commercial cleaning York,commercial_cleaning,commercial cleaning,b2b_recurring,York,50,HIGH,88,4.2601,5.1889,12.2820,explicit_city_query_under_uk_target,2026-09-03
garage door repair London,garage door repair london,garage door repair London,garage door repair London,garage_door_repair,garage door repair,planned_trade,London,210,MEDIUM,49,4.5104,1.2498,4.7689,explicit_city_query_under_uk_target,2026-09-03
garage door repair Birmingham,garage door repair birmingham,garage door repair Birmingham,garage door repair Birmingham,garage_door_repair,garage door repair,planned_trade,Birmingham,140,HIGH,72,6.5807,1.7842,8.0747,explicit_city_query_under_uk_target,2026-09-03
garage door repair Manchester,garage door repair manchester,garage door repair Manchester,garage door repair Manchester,garage_door_repair,garage door repair,planned_trade,Manchester,110,MEDIUM,61,9.0723,1.5218,9.3213,explicit_city_query_under_uk_target,2026-09-03
garage door repair Glasgow,garage door repair glasgow,garage door repair Glasgow,garage door repair Glasgow,garage_door_repair,garage door repair,planned_trade,Glasgow,140,HIGH,79,6.8401,1.3436,7.9122,explicit_city_query_under_uk_target,2026-09-03
garage door repair Leeds,garage door repair leeds,garage door repair Leeds,garage door repair Leeds,garage_door_repair,garage door repair,planned_trade,Leeds,170,HIGH,82,6.6436,3.6904,13.1418,explicit_city_query_under_uk_target,2026-09-03
garage door repair Liverpool,garage door repair liverpool,garage door repair Liverpool,garage door repair Liverpool,garage_door_repair,garage door repair,planned_trade,Liverpool,110,MEDIUM,57,7.7769,1.5518,10.1914,explicit_city_query_under_uk_target,2026-09-03
garage door repair Bristol,garage door repair bristol,garage door repair Bristol,garage door repair Bristol,garage_door_repair,garage door repair,planned_trade,Bristol,170,HIGH,76,7.8995,1.7611,9.0596,explicit_city_query_under_uk_target,2026-09-03
garage door repair Sheffield,garage door repair sheffield,garage door repair Sheffield,garage door repair Sheffield,garage_door_repair,garage door repair,planned_trade,Sheffield,170,HIGH,75,6.4885,3.2461,10.3990,explicit_city_query_under_uk_target,2026-09-03
garage door repair Edinburgh,garage door repair edinburgh,garage door repair Edinburgh,garage door repair Edinburgh,garage_door_repair,garage door repair,planned_trade,Edinburgh,170,MEDIUM,65,5.4154,1.4167,5.0161,explicit_city_query_under_uk_target,2026-09-03
garage door repair Cardiff,garage door repair cardiff,garage door repair Cardiff,garage door repair Cardiff,garage_door_repair,garage door repair,planned_trade,Cardiff,110,HIGH,77,4.5140,1.2386,6.7930,explicit_city_query_under_uk_target,2026-09-03
garage door repair Nottingham,garage door repair nottingham,garage door repair Nottingham,garage door repair Nottingham,garage_door_repair,garage door repair,planned_trade,Nottingham,210,HIGH,82,7.5167,2.2512,8.4757,explicit_city_query_under_uk_target,2026-09-03
garage door repair Newcastle,garage door repair newcastle,garage door repair Newcastle,garage door repair Newcastle,garage_door_repair,garage door repair,planned_trade,Newcastle,110,MEDIUM,63,10.6336,1.4763,11.3977,explicit_city_query_under_uk_target,2026-09-03
garage door repair Leicester,garage door repair leicester,garage door repair Leicester,garage door repair Leicester,garage_door_repair,garage door repair,planned_trade,Leicester,140,HIGH,73,6.6328,2.0195,8.2630,explicit_city_query_under_uk_target,2026-09-03
garage door repair Southampton,garage door repair southampton,garage door repair Southampton,garage door repair Southampton,garage_door_repair,garage door repair,planned_trade,Southampton,140,HIGH,73,8.8193,1.5532,6.4436,explicit_city_query_under_uk_target,2026-09-03
garage door repair Brighton,garage door repair brighton,garage door repair Brighton,garage door repair Brighton,garage_door_repair,garage door repair,planned_trade,Brighton,50,HIGH,73,2.8493,1.2471,10.0375,explicit_city_query_under_uk_target,2026-09-03
garage door repair Coventry,garage door repair coventry,garage door repair Coventry,garage door repair Coventry,garage_door_repair,garage door repair,planned_trade,Coventry,90,HIGH,75,9.3165,1.7459,8.5041,explicit_city_query_under_uk_target,2026-09-03
garage door repair Belfast,garage door repair belfast,garage door repair Belfast,garage door repair Belfast,garage_door_repair,garage door repair,planned_trade,Belfast,90,LOW,29,1.9104,0.6593,1.6984,explicit_city_query_under_uk_target,2026-09-03
garage door repair Reading,garage door repair reading,garage door repair Reading,garage door repair Reading,garage_door_repair,garage door repair,planned_trade,Reading,110,HIGH,76,9.8140,3.3984,12.4933,explicit_city_query_under_uk_target,2026-09-03
garage door repair Oxford,garage door repair oxford,garage door repair Oxford,garage door repair Oxford,garage_door_repair,garage door repair,planned_trade,Oxford,50,HIGH,78,4.6623,2.2722,5.9338,explicit_city_query_under_uk_target,2026-09-03
garage door repair Cambridge,garage door repair cambridge,garage door repair Cambridge,garage door repair Cambridge,garage_door_repair,garage door repair,planned_trade,Cambridge,70,HIGH,67,5.1421,0.9926,6.0281,explicit_city_query_under_uk_target,2026-09-03
garage door repair Aberdeen,garage door repair aberdeen,garage door repair Aberdeen,garage door repair Aberdeen,garage_door_repair,garage door repair,planned_trade,Aberdeen,110,MEDIUM,37,3.1906,0.5575,2.5220,explicit_city_query_under_uk_target,2026-09-03
garage door repair Plymouth,garage door repair plymouth,garage door repair Plymouth,garage door repair Plymouth,garage_door_repair,garage door repair,planned_trade,Plymouth,170,MEDIUM,54,4.4929,1.6689,6.3326,explicit_city_query_under_uk_target,2026-09-03
garage door repair Exeter,garage door repair exeter,garage door repair Exeter,garage door repair Exeter,garage_door_repair,garage door repair,planned_trade,Exeter,90,HIGH,76,10.6153,2.0162,10.3736,explicit_city_query_under_uk_target,2026-09-03
garage door repair Norwich,garage door repair norwich,garage door repair Norwich,garage door repair Norwich,garage_door_repair,garage door repair,planned_trade,Norwich,110,HIGH,70,5.5312,1.1798,5.8875,explicit_city_query_under_uk_target,2026-09-03
garage door repair Swansea,garage door repair swansea,garage door repair Swansea,garage door repair Swansea,garage_door_repair,garage door repair,planned_trade,Swansea,90,MEDIUM,49,3.6809,1.2376,6.6214,explicit_city_query_under_uk_target,2026-09-03
garage door repair York,garage door repair york,garage door repair York,garage door repair York,garage_door_repair,garage door repair,planned_trade,York,90,HIGH,70,5.0653,1.7223,10.0445,explicit_city_query_under_uk_target,2026-09-03
emergency glazier London,emergency glazier london,emergency glazier London,emergency glazier London,emergency_glazier,emergency glazier,urgent_trade,London,210,MEDIUM,61,15.5244,3.4399,32.4667,explicit_city_query_under_uk_target,2026-09-03
emergency glazier Birmingham,emergency glazier birmingham,emergency glazier Birmingham,emergency glazier Birmingham,emergency_glazier,emergency glazier,urgent_trade,Birmingham,20,LOW,0,0.0000,0.0000,0.0000,explicit_city_query_under_uk_target,2026-09-03
emergency glazier Manchester,emergency glazier manchester,emergency glazier Manchester,emergency glazier Manchester,emergency_glazier,emergency glazier,urgent_trade,Manchester,10,MEDIUM,43,0.0000,1.4383,3.4515,explicit_city_query_under_uk_target,2026-09-03
emergency glazier Glasgow,emergency glazier glasgow,emergency glazier Glasgow,emergency glazier Glasgow,emergency_glazier,emergency glazier,urgent_trade,Glasgow,10,MEDIUM,65,3.3559,0.7415,2.9884,explicit_city_query_under_uk_target,2026-09-03
emergency glazier Leeds,emergency glazier leeds,emergency glazier Leeds,emergency glazier Leeds,emergency_glazier,emergency glazier,urgent_trade,Leeds,10,HIGH,79,0.0000,1.0854,3.9369,explicit_city_query_under_uk_target,2026-09-03
emergency glazier Liverpool,emergency glazier liverpool,emergency glazier Liverpool,emergency glazier Liverpool,emergency_glazier,emergency glazier,urgent_trade,Liverpool,10,MEDIUM,57,4.8309,0.0000,0.0000,explicit_city_query_under_uk_target,2026-09-03
emergency glazier Bristol,emergency glazier bristol,emergency glazier Bristol,emergency glazier Bristol,emergency_glazier,emergency glazier,urgent_trade,Bristol,10,HIGH,84,4.2995,1.1839,5.9745,explicit_city_query_under_uk_target,2026-09-03
emergency glazier Sheffield,emergency glazier sheffield,emergency glazier Sheffield,emergency glazier Sheffield,emergency_glazier,emergency glazier,urgent_trade,Sheffield,10,HIGH,67,2.4309,1.1465,5.8602,explicit_city_query_under_uk_target,2026-09-03
emergency glazier Edinburgh,emergency glazier edinburgh,emergency glazier Edinburgh,emergency glazier Edinburgh,emergency_glazier,emergency glazier,urgent_trade,Edinburgh,50,MEDIUM,65,6.5528,1.2364,5.2439,explicit_city_query_under_uk_target,2026-09-03
emergency glazier Nottingham,emergency glazier nottingham,emergency glazier Nottingham,emergency glazier Nottingham,emergency_glazier,emergency glazier,urgent_trade,Nottingham,10,HIGH,93,1.2875,0.0000,0.0000,explicit_city_query_under_uk_target,2026-09-03
emergency glazier Leicester,emergency glazier leicester,emergency glazier Leicester,emergency glazier Leicester,emergency_glazier,emergency glazier,urgent_trade,Leicester,10,UNSPECIFIED,0,0.0000,0.0000,0.0000,explicit_city_query_under_uk_target,2026-09-03
emergency glazier Brighton,emergency glazier brighton,emergency glazier Brighton,emergency glazier Brighton,emergency_glazier,emergency glazier,urgent_trade,Brighton,10,MEDIUM,46,2.4255,0.0000,0.0000,explicit_city_query_under_uk_target,2026-09-03
emergency glazier Reading,emergency glazier reading,emergency glazier Reading,emergency glazier Reading,emergency_glazier,emergency glazier,urgent_trade,Reading,10,UNSPECIFIED,0,0.0000,0.0000,0.0000,explicit_city_query_under_uk_target,2026-09-03
dental implants London,dental implants london,dental implants London,dental implants London,dental_implants,dental implants,regulated_health,London,2400,MEDIUM,51,16.7873,5.5289,20.8219,explicit_city_query_under_uk_target,2026-09-03
dental implants Birmingham,dental implants birmingham,dental implants Birmingham,dental implants Birmingham,dental_implants,dental implants,regulated_health,Birmingham,880,MEDIUM,43,12.2948,3.0719,11.1659,explicit_city_query_under_uk_target,2026-09-03
dental implants Manchester,dental implants manchester,dental implants Manchester,dental implants Manchester,dental_implants,dental implants,regulated_health,Manchester,880,HIGH,71,10.2414,2.7839,11.1977,explicit_city_query_under_uk_target,2026-09-03
dental implants Glasgow,dental implants glasgow,dental implants Glasgow,dental implants Glasgow,dental_implants,dental implants,regulated_health,Glasgow,1000,MEDIUM,65,6.7395,2.3115,7.3184,explicit_city_query_under_uk_target,2026-09-03
dental implants Leeds,dental implants leeds,dental implants Leeds,dental implants Leeds,dental_implants,dental implants,regulated_health,Leeds,590,MEDIUM,60,13.0655,2.9505,12.0069,explicit_city_query_under_uk_target,2026-09-03
dental implants Liverpool,dental implants liverpool,dental implants Liverpool,dental implants Liverpool,dental_implants,dental implants,regulated_health,Liverpool,590,HIGH,70,11.6043,2.5902,11.2353,explicit_city_query_under_uk_target,2026-09-03
dental implants Bristol,dental implants bristol,dental implants Bristol,dental implants Bristol,dental_implants,dental implants,regulated_health,Bristol,480,MEDIUM,47,5.2197,1.4630,6.1529,explicit_city_query_under_uk_target,2026-09-03
dental implants Sheffield,dental implants sheffield,dental implants Sheffield,dental implants Sheffield,dental_implants,dental implants,regulated_health,Sheffield,720,MEDIUM,58,13.8267,3.7464,14.2379,explicit_city_query_under_uk_target,2026-09-03
dental implants Edinburgh,dental implants edinburgh,dental implants Edinburgh,dental implants Edinburgh,dental_implants,dental implants,regulated_health,Edinburgh,480,MEDIUM,52,16.4213,3.3756,15.1649,explicit_city_query_under_uk_target,2026-09-03
dental implants Cardiff,dental implants cardiff,dental implants Cardiff,dental implants Cardiff,dental_implants,dental implants,regulated_health,Cardiff,390,MEDIUM,66,5.6219,1.4854,5.8776,explicit_city_query_under_uk_target,2026-09-03
dental implants Nottingham,dental implants nottingham,dental implants Nottingham,dental implants Nottingham,dental_implants,dental implants,regulated_health,Nottingham,480,MEDIUM,48,11.0747,2.6307,12.2378,explicit_city_query_under_uk_target,2026-09-03
dental implants Newcastle,dental implants newcastle,dental implants Newcastle,dental implants Newcastle,dental_implants,dental implants,regulated_health,Newcastle,320,MEDIUM,56,6.0653,2.1899,7.7201,explicit_city_query_under_uk_target,2026-09-03
dental implants Leicester,dental implants leicester,dental implants Leicester,dental implants Leicester,dental_implants,dental implants,regulated_health,Leicester,390,MEDIUM,43,11.2487,3.5862,12.0996,explicit_city_query_under_uk_target,2026-09-03
dental implants Southampton,dental implants southampton,dental implants Southampton,dental implants Southampton,dental_implants,dental implants,regulated_health,Southampton,590,LOW,11,8.7169,2.5020,8.9421,explicit_city_query_under_uk_target,2026-09-03
dental implants Brighton,dental implants brighton,dental implants Brighton,dental implants Brighton,dental_implants,dental implants,regulated_health,Brighton,320,MEDIUM,56,5.4125,1.8320,6.6969,explicit_city_query_under_uk_target,2026-09-03
dental implants Coventry,dental implants coventry,dental implants Coventry,dental implants Coventry,dental_implants,dental implants,regulated_health,Coventry,210,LOW,31,9.3401,3.4408,12.2536,explicit_city_query_under_uk_target,2026-09-03
dental implants Belfast,dental implants belfast,dental implants Belfast,dental implants Belfast,dental_implants,dental implants,regulated_health,Belfast,390,MEDIUM,57,14.5032,2.6713,18.9368,explicit_city_query_under_uk_target,2026-09-03
dental implants Reading,dental implants reading,dental implants Reading,dental implants Reading,dental_implants,dental implants,regulated_health,Reading,210,MEDIUM,36,9.1790,2.9972,12.0369,explicit_city_query_under_uk_target,2026-09-03
dental implants Oxford,dental implants oxford,dental implants Oxford,dental implants Oxford,dental_implants,dental implants,regulated_health,Oxford,170,MEDIUM,55,10.7639,2.3912,13.1750,explicit_city_query_under_uk_target,2026-09-03
dental implants Cambridge,dental implants cambridge,dental implants Cambridge,dental implants Cambridge,dental_implants,dental implants,regulated_health,Cambridge,90,MEDIUM,57,6.7693,2.9751,7.7292,explicit_city_query_under_uk_target,2026-09-03
dental implants Aberdeen,dental implants aberdeen,dental implants Aberdeen,dental implants Aberdeen,dental_implants,dental implants,regulated_health,Aberdeen,210,MEDIUM,43,5.2410,1.4639,5.5276,explicit_city_query_under_uk_target,2026-09-03
dental implants Plymouth,dental implants plymouth,dental implants Plymouth,dental implants Plymouth,dental_implants,dental implants,regulated_health,Plymouth,210,MEDIUM,54,3.4475,1.0064,4.1853,explicit_city_query_under_uk_target,2026-09-03
dental implants Exeter,dental implants exeter,dental implants Exeter,dental implants Exeter,dental_implants,dental implants,regulated_health,Exeter,110,MEDIUM,53,11.5630,2.1896,20.3867,explicit_city_query_under_uk_target,2026-09-03
dental implants Norwich,dental implants norwich,dental implants Norwich,dental implants Norwich,dental_implants,dental implants,regulated_health,Norwich,170,MEDIUM,65,5.8543,1.4042,6.4910,explicit_city_query_under_uk_target,2026-09-03
dental implants Swansea,dental implants swansea,dental implants Swansea,dental implants Swansea,dental_implants,dental implants,regulated_health,Swansea,140,MEDIUM,66,3.8263,0.7536,4.8806,explicit_city_query_under_uk_target,2026-09-03
dental implants York,dental implants york,dental implants York,dental implants York,dental_implants,dental implants,regulated_health,York,170,MEDIUM,39,6.0956,1.7228,9.5732,explicit_city_query_under_uk_target,2026-09-03
private adhd assessment London,private adhd assessment london,private adhd assessment London,private adhd assessment London,private_adhd_assessment,private adhd assessment,regulated_health,London,390,MEDIUM,58,9.6992,2.5949,12.8694,explicit_city_query_under_uk_target,2026-09-03
private adhd assessment Birmingham,private adhd assessment birmingham,private adhd assessment Birmingham,private adhd assessment Birmingham,private_adhd_assessment,private adhd assessment,regulated_health,Birmingham,110,MEDIUM,63,5.4594,1.6143,5.8185,explicit_city_query_under_uk_target,2026-09-03
private adhd assessment Manchester,private adhd assessment manchester,private adhd assessment Manchester,private adhd assessment Manchester,private_adhd_assessment,private adhd assessment,regulated_health,Manchester,210,MEDIUM,53,8.1200,2.5174,6.5417,explicit_city_query_under_uk_target,2026-09-03
private adhd assessment Glasgow,private adhd assessment glasgow,private adhd assessment Glasgow,private adhd assessment Glasgow,private_adhd_assessment,private adhd assessment,regulated_health,Glasgow,210,HIGH,73,7.6392,2.5803,5.9435,explicit_city_query_under_uk_target,2026-09-03
private adhd assessment Leeds,private adhd assessment leeds,private adhd assessment Leeds,private adhd assessment Leeds,private_adhd_assessment,private adhd assessment,regulated_health,Leeds,70,HIGH,69,6.1391,1.9821,5.1992,explicit_city_query_under_uk_target,2026-09-03
private adhd assessment Liverpool,private adhd assessment liverpool,private adhd assessment Liverpool,private adhd assessment Liverpool,private_adhd_assessment,private adhd assessment,regulated_health,Liverpool,90,HIGH,71,8.9311,2.6668,6.7281,explicit_city_query_under_uk_target,2026-09-03
private adhd assessment Bristol,private adhd assessment bristol,private adhd assessment Bristol,private adhd assessment Bristol,private_adhd_assessment,private adhd assessment,regulated_health,Bristol,70,HIGH,79,7.1953,1.7361,8.1250,explicit_city_query_under_uk_target,2026-09-03
private adhd assessment Sheffield,private adhd assessment sheffield,private adhd assessment Sheffield,private adhd assessment Sheffield,private_adhd_assessment,private adhd assessment,regulated_health,Sheffield,70,HIGH,89,10.1997,2.4737,6.8820,explicit_city_query_under_uk_target,2026-09-03
private adhd assessment Edinburgh,private adhd assessment edinburgh,private adhd assessment Edinburgh,private adhd assessment Edinburgh,private_adhd_assessment,private adhd assessment,regulated_health,Edinburgh,110,HIGH,76,5.8697,2.3894,6.2776,explicit_city_query_under_uk_target,2026-09-03
private adhd assessment Cardiff,private adhd assessment cardiff,private adhd assessment Cardiff,private adhd assessment Cardiff,private_adhd_assessment,private adhd assessment,regulated_health,Cardiff,90,HIGH,78,4.8454,1.7342,4.4481,explicit_city_query_under_uk_target,2026-09-03
private adhd assessment Nottingham,private adhd assessment nottingham,private adhd assessment Nottingham,private adhd assessment Nottingham,private_adhd_assessment,private adhd assessment,regulated_health,Nottingham,40,HIGH,75,6.0269,2.3652,5.9135,explicit_city_query_under_uk_target,2026-09-03
private adhd assessment Newcastle,private adhd assessment newcastle,private adhd assessment Newcastle,private adhd assessment Newcastle,private_adhd_assessment,private adhd assessment,regulated_health,Newcastle,40,HIGH,73,6.4122,1.6458,5.1306,explicit_city_query_under_uk_target,2026-09-03
private adhd assessment Leicester,private adhd assessment leicester,private adhd assessment Leicester,private adhd assessment Leicester,private_adhd_assessment,private adhd assessment,regulated_health,Leicester,40,HIGH,69,11.1381,2.1111,6.4984,explicit_city_query_under_uk_target,2026-09-03
private adhd assessment Southampton,private adhd assessment southampton,private adhd assessment Southampton,private adhd assessment Southampton,private_adhd_assessment,private adhd assessment,regulated_health,Southampton,30,HIGH,71,6.7150,1.8705,6.7913,explicit_city_query_under_uk_target,2026-09-03
private adhd assessment Brighton,private adhd assessment brighton,private adhd assessment Brighton,private adhd assessment Brighton,private_adhd_assessment,private adhd assessment,regulated_health,Brighton,20,MEDIUM,60,5.8755,2.3088,6.9502,explicit_city_query_under_uk_target,2026-09-03
private adhd assessment Coventry,private adhd assessment coventry,private adhd assessment Coventry,private adhd assessment Coventry,private_adhd_assessment,private adhd assessment,regulated_health,Coventry,30,HIGH,80,5.8331,1.4678,6.2113,explicit_city_query_under_uk_target,2026-09-03
private adhd assessment Belfast,private adhd assessment belfast,private adhd assessment Belfast,private adhd assessment Belfast,private_adhd_assessment,private adhd assessment,regulated_health,Belfast,140,HIGH,83,4.8703,1.6346,5.2471,explicit_city_query_under_uk_target,2026-09-03
private adhd assessment Reading,private adhd assessment reading,private adhd assessment Reading,private adhd assessment Reading,private_adhd_assessment,private adhd assessment,regulated_health,Reading,10,HIGH,82,5.4713,2.7375,8.3537,explicit_city_query_under_uk_target,2026-09-03
private adhd assessment Oxford,private adhd assessment oxford,private adhd assessment Oxford,private adhd assessment Oxford,private_adhd_assessment,private adhd assessment,regulated_health,Oxford,20,HIGH,68,7.2359,2.7991,9.7289,explicit_city_query_under_uk_target,2026-09-03
private adhd assessment Cambridge,private adhd assessment cambridge,private adhd assessment Cambridge,private adhd assessment Cambridge,private_adhd_assessment,private adhd assessment,regulated_health,Cambridge,20,HIGH,69,4.9458,1.8652,4.6123,explicit_city_query_under_uk_target,2026-09-03
private adhd assessment Aberdeen,private adhd assessment aberdeen,private adhd assessment Aberdeen,private adhd assessment Aberdeen,private_adhd_assessment,private adhd assessment,regulated_health,Aberdeen,50,HIGH,68,4.0437,1.7642,4.4010,explicit_city_query_under_uk_target,2026-09-03
private adhd assessment Plymouth,private adhd assessment plymouth,private adhd assessment Plymouth,private adhd assessment Plymouth,private_adhd_assessment,private adhd assessment,regulated_health,Plymouth,30,HIGH,86,15.0427,1.5560,4.5622,explicit_city_query_under_uk_target,2026-09-03
private adhd assessment Exeter,private adhd assessment exeter,private adhd assessment Exeter,private adhd assessment Exeter,private_adhd_assessment,private adhd assessment,regulated_health,Exeter,30,HIGH,71,5.8288,1.8164,7.3141,explicit_city_query_under_uk_target,2026-09-03
private adhd assessment Norwich,private adhd assessment norwich,private adhd assessment Norwich,private adhd assessment Norwich,private_adhd_assessment,private adhd assessment,regulated_health,Norwich,40,HIGH,80,5.9199,1.4550,5.5931,explicit_city_query_under_uk_target,2026-09-03
private adhd assessment Swansea,private adhd assessment swansea,private adhd assessment Swansea,private adhd assessment Swansea,private_adhd_assessment,private adhd assessment,regulated_health,Swansea,40,HIGH,70,2.2496,0.7150,2.0837,explicit_city_query_under_uk_target,2026-09-03
private adhd assessment York,private adhd assessment york,private adhd assessment York,private adhd assessment York,private_adhd_assessment,private adhd assessment,regulated_health,York,40,HIGH,74,5.1486,1.0844,4.9198,explicit_city_query_under_uk_target,2026-09-03
mortgage broker London,mortgage broker london,mortgage broker London,mortgage broker London,mortgage_broker,mortgage broker,regulated_finance,London,2400,MEDIUM,59,17.9309,5.5777,15.2922,explicit_city_query_under_uk_target,2026-09-03
mortgage broker Birmingham,mortgage broker birmingham,mortgage broker Birmingham,mortgage broker Birmingham,mortgage_broker,mortgage broker,regulated_finance,Birmingham,590,MEDIUM,46,10.7655,4.0166,11.0207,explicit_city_query_under_uk_target,2026-09-03
mortgage broker Manchester,mortgage broker manchester,mortgage broker Manchester,mortgage broker Manchester,mortgage_broker,mortgage broker,regulated_finance,Manchester,590,MEDIUM,58,21.9083,6.4197,32.7725,explicit_city_query_under_uk_target,2026-09-03
mortgage broker Glasgow,mortgage broker glasgow,mortgage broker Glasgow,mortgage broker Glasgow,mortgage_broker,mortgage broker,regulated_finance,Glasgow,880,HIGH,67,29.0206,5.9417,32.9644,explicit_city_query_under_uk_target,2026-09-03
mortgage broker Leeds,mortgage broker leeds,mortgage broker Leeds,mortgage broker Leeds,mortgage_broker,mortgage broker,regulated_finance,Leeds,1000,MEDIUM,62,14.8803,5.5304,19.8807,explicit_city_query_under_uk_target,2026-09-03
mortgage broker Liverpool,mortgage broker liverpool,mortgage broker Liverpool,mortgage broker Liverpool,mortgage_broker,mortgage broker,regulated_finance,Liverpool,720,MEDIUM,56,13.1357,4.8194,13.7747,explicit_city_query_under_uk_target,2026-09-03
mortgage broker Bristol,mortgage broker bristol,mortgage broker Bristol,mortgage broker Bristol,mortgage_broker,mortgage broker,regulated_finance,Bristol,1000,MEDIUM,59,16.2687,5.5259,14.4545,explicit_city_query_under_uk_target,2026-09-03
mortgage broker Sheffield,mortgage broker sheffield,mortgage broker Sheffield,mortgage broker Sheffield,mortgage_broker,mortgage broker,regulated_finance,Sheffield,590,MEDIUM,64,20.9272,5.1324,24.5221,explicit_city_query_under_uk_target,2026-09-03
mortgage broker Edinburgh,mortgage broker edinburgh,mortgage broker Edinburgh,mortgage broker Edinburgh,mortgage_broker,mortgage broker,regulated_finance,Edinburgh,720,MEDIUM,54,17.7264,5.7761,32.8847,explicit_city_query_under_uk_target,2026-09-03
mortgage broker Cardiff,mortgage broker cardiff,mortgage broker Cardiff,mortgage broker Cardiff,mortgage_broker,mortgage broker,regulated_finance,Cardiff,720,MEDIUM,58,10.4549,3.9089,11.3878,explicit_city_query_under_uk_target,2026-09-03
mortgage broker Nottingham,mortgage broker nottingham,mortgage broker Nottingham,mortgage broker Nottingham,mortgage_broker,mortgage broker,regulated_finance,Nottingham,880,MEDIUM,50,12.9600,4.0349,11.8552,explicit_city_query_under_uk_target,2026-09-03
mortgage broker Newcastle,mortgage broker newcastle,mortgage broker Newcastle,mortgage broker Newcastle,mortgage_broker,mortgage broker,regulated_finance,Newcastle,320,MEDIUM,44,16.7449,5.4961,27.7429,explicit_city_query_under_uk_target,2026-09-03
mortgage broker Leicester,mortgage broker leicester,mortgage broker Leicester,mortgage broker Leicester,mortgage_broker,mortgage broker,regulated_finance,Leicester,720,MEDIUM,51,9.9542,3.4850,10.4014,explicit_city_query_under_uk_target,2026-09-03
mortgage broker Southampton,mortgage broker southampton,mortgage broker Southampton,mortgage broker Southampton,mortgage_broker,mortgage broker,regulated_finance,Southampton,210,MEDIUM,64,12.2128,4.2325,13.0960,explicit_city_query_under_uk_target,2026-09-03
mortgage broker Brighton,mortgage broker brighton,mortgage broker Brighton,mortgage broker Brighton,mortgage_broker,mortgage broker,regulated_finance,Brighton,320,MEDIUM,49,10.2274,4.0901,11.6256,explicit_city_query_under_uk_target,2026-09-03
mortgage broker Coventry,mortgage broker coventry,mortgage broker Coventry,mortgage broker Coventry,mortgage_broker,mortgage broker,regulated_finance,Coventry,590,MEDIUM,51,11.8430,3.1614,9.1232,explicit_city_query_under_uk_target,2026-09-03
mortgage broker Belfast,mortgage broker belfast,mortgage broker Belfast,mortgage broker Belfast,mortgage_broker,mortgage broker,regulated_finance,Belfast,590,MEDIUM,53,6.2074,2.5580,6.9918,explicit_city_query_under_uk_target,2026-09-03
mortgage broker Reading,mortgage broker reading,mortgage broker Reading,mortgage broker Reading,mortgage_broker,mortgage broker,regulated_finance,Reading,320,MEDIUM,45,9.4967,3.7591,11.3697,explicit_city_query_under_uk_target,2026-09-03
mortgage broker Oxford,mortgage broker oxford,mortgage broker Oxford,mortgage broker Oxford,mortgage_broker,mortgage broker,regulated_finance,Oxford,320,MEDIUM,47,27.8699,6.9851,27.1700,explicit_city_query_under_uk_target,2026-09-03
mortgage broker Cambridge,mortgage broker cambridge,mortgage broker Cambridge,mortgage broker Cambridge,mortgage_broker,mortgage broker,regulated_finance,Cambridge,210,MEDIUM,58,9.9766,5.1632,17.9598,explicit_city_query_under_uk_target,2026-09-03
mortgage broker Aberdeen,mortgage broker aberdeen,mortgage broker Aberdeen,mortgage broker Aberdeen,mortgage_broker,mortgage broker,regulated_finance,Aberdeen,480,MEDIUM,51,13.3188,5.4259,35.6420,explicit_city_query_under_uk_target,2026-09-03
mortgage broker Plymouth,mortgage broker plymouth,mortgage broker Plymouth,mortgage broker Plymouth,mortgage_broker,mortgage broker,regulated_finance,Plymouth,390,MEDIUM,41,10.5574,4.1521,11.0780,explicit_city_query_under_uk_target,2026-09-03
mortgage broker Exeter,mortgage broker exeter,mortgage broker Exeter,mortgage broker Exeter,mortgage_broker,mortgage broker,regulated_finance,Exeter,320,MEDIUM,57,15.6885,4.6680,15.0269,explicit_city_query_under_uk_target,2026-09-03
mortgage broker Norwich,mortgage broker norwich,mortgage broker Norwich,mortgage broker Norwich,mortgage_broker,mortgage broker,regulated_finance,Norwich,390,MEDIUM,63,12.3382,4.1907,26.7265,explicit_city_query_under_uk_target,2026-09-03
mortgage broker Swansea,mortgage broker swansea,mortgage broker Swansea,mortgage broker Swansea,mortgage_broker,mortgage broker,regulated_finance,Swansea,320,MEDIUM,49,8.6593,3.2327,10.2836,explicit_city_query_under_uk_target,2026-09-03
mortgage broker York,mortgage broker york,mortgage broker York,mortgage broker York,mortgage_broker,mortgage broker,regulated_finance,York,320,MEDIUM,42,14.5634,4.3056,18.0949,explicit_city_query_under_uk_target,2026-09-03
personal injury solicitor London,personal injury solicitor london,personal injury solicitor London,personal injury solicitor London,personal_injury_solicitor,personal injury solicitor,regulated_legal,London,720,LOW,28,27.9302,7.0301,39.6287,explicit_city_query_under_uk_target,2026-09-03
personal injury solicitor Birmingham,personal injury solicitor birmingham,personal injury solicitor Birmingham,personal injury solicitor Birmingham,personal_injury_solicitor,personal injury solicitor,regulated_legal,Birmingham,260,MEDIUM,54,25.4873,7.3823,32.5473,explicit_city_query_under_uk_target,2026-09-03
personal injury solicitor Manchester,personal injury solicitor manchester,personal injury solicitor Manchester,personal injury solicitor Manchester,personal_injury_solicitor,personal injury solicitor,regulated_legal,Manchester,320,LOW,31,14.2013,5.4423,29.3980,explicit_city_query_under_uk_target,2026-09-03
personal injury solicitor Glasgow,personal injury solicitor glasgow,personal injury solicitor Glasgow,personal injury solicitor Glasgow,personal_injury_solicitor,personal injury solicitor,regulated_legal,Glasgow,70,LOW,19,56.2687,7.4604,37.1388,explicit_city_query_under_uk_target,2026-09-03
personal injury solicitor Leeds,personal injury solicitor leeds,personal injury solicitor Leeds,personal injury solicitor Leeds,personal_injury_solicitor,personal injury solicitor,regulated_legal,Leeds,90,HIGH,70,38.8147,7.6884,29.2781,explicit_city_query_under_uk_target,2026-09-03
personal injury solicitor Liverpool,personal injury solicitor liverpool,personal injury solicitor Liverpool,personal injury solicitor Liverpool,personal_injury_solicitor,personal injury solicitor,regulated_legal,Liverpool,390,MEDIUM,43,40.1298,7.5788,35.4685,explicit_city_query_under_uk_target,2026-09-03
personal injury solicitor Sheffield,personal injury solicitor sheffield,personal injury solicitor Sheffield,personal injury solicitor Sheffield,personal_injury_solicitor,personal injury solicitor,regulated_legal,Sheffield,110,MEDIUM,34,36.2984,8.9948,38.5431,explicit_city_query_under_uk_target,2026-09-03
personal injury solicitor Edinburgh,personal injury solicitor edinburgh,personal injury solicitor Edinburgh,personal injury solicitor Edinburgh,personal_injury_solicitor,personal injury solicitor,regulated_legal,Edinburgh,50,MEDIUM,39,8.8400,5.3145,26.7023,explicit_city_query_under_uk_target,2026-09-03
personal injury solicitor Cardiff,personal injury solicitor cardiff,personal injury solicitor Cardiff,personal injury solicitor Cardiff,personal_injury_solicitor,personal injury solicitor,regulated_legal,Cardiff,90,MEDIUM,48,21.5512,5.1129,26.0923,explicit_city_query_under_uk_target,2026-09-03
personal injury solicitor Nottingham,personal injury solicitor nottingham,personal injury solicitor Nottingham,personal injury solicitor Nottingham,personal_injury_solicitor,personal injury solicitor,regulated_legal,Nottingham,110,MEDIUM,46,45.7225,9.2186,38.6013,explicit_city_query_under_uk_target,2026-09-03
personal injury solicitor Newcastle,personal injury solicitor newcastle,personal injury solicitor Newcastle,personal injury solicitor Newcastle,personal_injury_solicitor,personal injury solicitor,regulated_legal,Newcastle,50,MEDIUM,62,63.0548,5.6176,19.6709,explicit_city_query_under_uk_target,2026-09-03
personal injury solicitor Leicester,personal injury solicitor leicester,personal injury solicitor Leicester,personal injury solicitor Leicester,personal_injury_solicitor,personal injury solicitor,regulated_legal,Leicester,40,MEDIUM,54,31.8067,12.1345,33.8617,explicit_city_query_under_uk_target,2026-09-03
personal injury solicitor Southampton,personal injury solicitor southampton,personal injury solicitor Southampton,personal injury solicitor Southampton,personal_injury_solicitor,personal injury solicitor,regulated_legal,Southampton,20,MEDIUM,37,23.7138,6.0051,50.0979,explicit_city_query_under_uk_target,2026-09-03
personal injury solicitor Brighton,personal injury solicitor brighton,personal injury solicitor Brighton,personal injury solicitor Brighton,personal_injury_solicitor,personal injury solicitor,regulated_legal,Brighton,30,MEDIUM,63,16.0314,5.2987,19.8967,explicit_city_query_under_uk_target,2026-09-03
personal injury solicitor Coventry,personal injury solicitor coventry,personal injury solicitor Coventry,personal injury solicitor Coventry,personal_injury_solicitor,personal injury solicitor,regulated_legal,Coventry,20,HIGH,89,26.1769,9.2493,26.0241,explicit_city_query_under_uk_target,2026-09-03
personal injury solicitor Belfast,personal injury solicitor belfast,personal injury solicitor Belfast,personal injury solicitor Belfast,personal_injury_solicitor,personal injury solicitor,regulated_legal,Belfast,170,MEDIUM,43,16.2536,7.6673,12.5160,explicit_city_query_under_uk_target,2026-09-03
personal injury solicitor Reading,personal injury solicitor reading,personal injury solicitor Reading,personal injury solicitor Reading,personal_injury_solicitor,personal injury solicitor,regulated_legal,Reading,10,MEDIUM,54,0.0000,3.1731,17.8998,explicit_city_query_under_uk_target,2026-09-03
personal injury solicitor Oxford,personal injury solicitor oxford,personal injury solicitor Oxford,personal injury solicitor Oxford,personal_injury_solicitor,personal injury solicitor,regulated_legal,Oxford,10,HIGH,95,10.9813,0.0000,0.0000,explicit_city_query_under_uk_target,2026-09-03
personal injury solicitor Aberdeen,personal injury solicitor aberdeen,personal injury solicitor Aberdeen,personal injury solicitor Aberdeen,personal_injury_solicitor,personal injury solicitor,regulated_legal,Aberdeen,10,LOW,27,0.0000,4.0480,10.8002,explicit_city_query_under_uk_target,2026-09-03
personal injury solicitor Plymouth,personal injury solicitor plymouth,personal injury solicitor Plymouth,personal injury solicitor Plymouth,personal_injury_solicitor,personal injury solicitor,regulated_legal,Plymouth,20,HIGH,90,20.6043,8.1409,60.9404,explicit_city_query_under_uk_target,2026-09-03
personal injury solicitor Norwich,personal injury solicitor norwich,personal injury solicitor Norwich,personal injury solicitor Norwich,personal_injury_solicitor,personal injury solicitor,regulated_legal,Norwich,20,HIGH,97,21.7328,7.2303,39.8844,explicit_city_query_under_uk_target,2026-09-03
personal injury solicitor Swansea,personal injury solicitor swansea,personal injury solicitor Swansea,personal injury solicitor Swansea,personal_injury_solicitor,personal injury solicitor,regulated_legal,Swansea,20,HIGH,71,5.6739,1.6829,17.5571,explicit_city_query_under_uk_target,2026-09-03
personal injury solicitor York,personal injury solicitor york,personal injury solicitor York,personal injury solicitor York,personal_injury_solicitor,personal injury solicitor,regulated_legal,York,20,MEDIUM,34,6.7766,2.6510,10.0261,explicit_city_query_under_uk_target,2026-09-03
funeral directors London,funeral directors london,funeral directors London,funeral directors London,funeral_directors,funeral directors,sensitive_service,London,720,MEDIUM,38,16.6540,3.8057,22.4536,explicit_city_query_under_uk_target,2026-09-03
funeral directors Birmingham,funeral directors birmingham,funeral directors Birmingham,funeral directors Birmingham,funeral_directors,funeral directors,sensitive_service,Birmingham,480,MEDIUM,42,8.4421,2.6402,12.1942,explicit_city_query_under_uk_target,2026-09-03
funeral directors Manchester,funeral directors manchester,funeral directors Manchester,funeral directors Manchester,funeral_directors,funeral directors,sensitive_service,Manchester,390,LOW,29,16.7747,2.1518,14.6231,explicit_city_query_under_uk_target,2026-09-03
funeral directors Glasgow,funeral directors glasgow,funeral directors Glasgow,funeral directors Glasgow,funeral_directors,funeral directors,sensitive_service,Glasgow,720,MEDIUM,44,11.0850,1.9889,11.7613,explicit_city_query_under_uk_target,2026-09-03
funeral directors Leeds,funeral directors leeds,funeral directors Leeds,funeral directors Leeds,funeral_directors,funeral directors,sensitive_service,Leeds,590,MEDIUM,41,12.0694,3.9210,10.4323,explicit_city_query_under_uk_target,2026-09-03
funeral directors Liverpool,funeral directors liverpool,funeral directors Liverpool,funeral directors Liverpool,funeral_directors,funeral directors,sensitive_service,Liverpool,590,MEDIUM,38,8.6290,2.4241,10.1791,explicit_city_query_under_uk_target,2026-09-03
funeral directors Bristol,funeral directors bristol,funeral directors Bristol,funeral directors Bristol,funeral_directors,funeral directors,sensitive_service,Bristol,390,LOW,33,10.5885,2.7498,16.0929,explicit_city_query_under_uk_target,2026-09-03
funeral directors Sheffield,funeral directors sheffield,funeral directors Sheffield,funeral directors Sheffield,funeral_directors,funeral directors,sensitive_service,Sheffield,480,MEDIUM,37,9.5713,1.9371,10.5061,explicit_city_query_under_uk_target,2026-09-03
funeral directors Edinburgh,funeral directors edinburgh,funeral directors Edinburgh,funeral directors Edinburgh,funeral_directors,funeral directors,sensitive_service,Edinburgh,480,MEDIUM,36,15.2918,1.8390,12.2140,explicit_city_query_under_uk_target,2026-09-03
funeral directors Cardiff,funeral directors cardiff,funeral directors Cardiff,funeral directors Cardiff,funeral_directors,funeral directors,sensitive_service,Cardiff,390,MEDIUM,42,8.2947,1.7336,12.1533,explicit_city_query_under_uk_target,2026-09-03
funeral directors Nottingham,funeral directors nottingham,funeral directors Nottingham,funeral directors Nottingham,funeral_directors,funeral directors,sensitive_service,Nottingham,260,LOW,33,8.1244,2.1629,13.7448,explicit_city_query_under_uk_target,2026-09-03
funeral directors Newcastle,funeral directors newcastle,funeral directors Newcastle,funeral directors Newcastle,funeral_directors,funeral directors,sensitive_service,Newcastle,320,LOW,29,5.9821,1.4547,8.3522,explicit_city_query_under_uk_target,2026-09-03
funeral directors Leicester,funeral directors leicester,funeral directors Leicester,funeral directors Leicester,funeral_directors,funeral directors,sensitive_service,Leicester,390,LOW,26,6.0581,1.9427,8.7936,explicit_city_query_under_uk_target,2026-09-03
funeral directors Southampton,funeral directors southampton,funeral directors Southampton,funeral directors Southampton,funeral_directors,funeral directors,sensitive_service,Southampton,390,MEDIUM,37,7.2046,1.4678,11.0353,explicit_city_query_under_uk_target,2026-09-03
funeral directors Brighton,funeral directors brighton,funeral directors Brighton,funeral directors Brighton,funeral_directors,funeral directors,sensitive_service,Brighton,210,MEDIUM,62,8.0733,3.5225,10.1307,explicit_city_query_under_uk_target,2026-09-03
funeral directors Coventry,funeral directors coventry,funeral directors Coventry,funeral directors Coventry,funeral_directors,funeral directors,sensitive_service,Coventry,390,MEDIUM,54,4.7643,1.4566,6.5933,explicit_city_query_under_uk_target,2026-09-03
funeral directors Belfast,funeral directors belfast,funeral directors Belfast,funeral directors Belfast,funeral_directors,funeral directors,sensitive_service,Belfast,720,LOW,18,3.1565,0.7937,4.8360,explicit_city_query_under_uk_target,2026-09-03
funeral directors Reading,funeral directors reading,funeral directors Reading,funeral directors Reading,funeral_directors,funeral directors,sensitive_service,Reading,210,MEDIUM,38,9.2731,2.1148,11.1431,explicit_city_query_under_uk_target,2026-09-03
funeral directors Oxford,funeral directors oxford,funeral directors Oxford,funeral directors Oxford,funeral_directors,funeral directors,sensitive_service,Oxford,170,MEDIUM,55,11.4816,1.8680,9.7411,explicit_city_query_under_uk_target,2026-09-03
funeral directors Cambridge,funeral directors cambridge,funeral directors Cambridge,funeral directors Cambridge,funeral_directors,funeral directors,sensitive_service,Cambridge,170,MEDIUM,66,7.2229,0.9428,9.4336,explicit_city_query_under_uk_target,2026-09-03
funeral directors Aberdeen,funeral directors aberdeen,funeral directors Aberdeen,funeral directors Aberdeen,funeral_directors,funeral directors,sensitive_service,Aberdeen,1300,LOW,26,4.4071,0.8368,8.3595,explicit_city_query_under_uk_target,2026-09-03
funeral directors Plymouth,funeral directors plymouth,funeral directors Plymouth,funeral directors Plymouth,funeral_directors,funeral directors,sensitive_service,Plymouth,320,MEDIUM,55,8.6597,1.9068,11.3544,explicit_city_query_under_uk_target,2026-09-03
funeral directors Exeter,funeral directors exeter,funeral directors Exeter,funeral directors Exeter,funeral_directors,funeral directors,sensitive_service,Exeter,260,MEDIUM,60,10.2752,1.2925,9.5657,explicit_city_query_under_uk_target,2026-09-03
funeral directors Norwich,funeral directors norwich,funeral directors Norwich,funeral directors Norwich,funeral_directors,funeral directors,sensitive_service,Norwich,320,MEDIUM,39,5.9634,1.5082,7.5142,explicit_city_query_under_uk_target,2026-09-03
funeral directors Swansea,funeral directors swansea,funeral directors Swansea,funeral directors Swansea,funeral_directors,funeral directors,sensitive_service,Swansea,260,MEDIUM,50,6.4013,1.0476,6.9199,explicit_city_query_under_uk_target,2026-09-03
funeral directors York,funeral directors york,funeral directors York,funeral directors York,funeral_directors,funeral directors,sensitive_service,York,480,LOW,29,7.0459,1.5528,8.8951,explicit_city_query_under_uk_target,2026-09-03
self storage London,self storage london,self storage London,self storage London,self_storage,self storage,local_inventory,London,6600,HIGH,83,23.5705,9.7657,21.1425,explicit_city_query_under_uk_target,2026-09-03
self storage Birmingham,self storage birmingham,self storage Birmingham,self storage Birmingham,self_storage,self storage,local_inventory,Birmingham,2400,MEDIUM,67,16.4387,7.0612,14.7936,explicit_city_query_under_uk_target,2026-09-03
self storage Manchester,self storage manchester,self storage Manchester,self storage Manchester,self_storage,self storage,local_inventory,Manchester,3600,HIGH,76,16.9008,7.7370,16.1245,explicit_city_query_under_uk_target,2026-09-03
self storage Glasgow,self storage glasgow,self storage Glasgow,self storage Glasgow,self_storage,self storage,local_inventory,Glasgow,2400,HIGH,76,11.6942,4.8231,10.0201,explicit_city_query_under_uk_target,2026-09-03
self storage Leeds,self storage leeds,self storage Leeds,self storage Leeds,self_storage,self storage,local_inventory,Leeds,3600,MEDIUM,60,12.3014,4.2278,11.0828,explicit_city_query_under_uk_target,2026-09-03
self storage Liverpool,self storage liverpool,self storage Liverpool,self storage Liverpool,self_storage,self storage,local_inventory,Liverpool,1300,MEDIUM,56,9.5215,4.1746,9.9980,explicit_city_query_under_uk_target,2026-09-03
self storage Bristol,self storage bristol,self storage Bristol,self storage Bristol,self_storage,self storage,local_inventory,Bristol,2400,HIGH,76,19.1908,9.2439,17.2051,explicit_city_query_under_uk_target,2026-09-03
self storage Sheffield,self storage sheffield,self storage Sheffield,self storage Sheffield,self_storage,self storage,local_inventory,Sheffield,2400,MEDIUM,62,10.8273,4.6266,10.0563,explicit_city_query_under_uk_target,2026-09-03
self storage Edinburgh,self storage edinburgh,self storage Edinburgh,self storage Edinburgh,self_storage,self storage,local_inventory,Edinburgh,2400,HIGH,80,12.6032,5.1097,11.8855,explicit_city_query_under_uk_target,2026-09-03
self storage Cardiff,self storage cardiff,self storage Cardiff,self storage Cardiff,self_storage,self storage,local_inventory,Cardiff,1300,HIGH,72,11.8337,4.5358,12.8800,explicit_city_query_under_uk_target,2026-09-03
self storage Nottingham,self storage nottingham,self storage Nottingham,self storage Nottingham,self_storage,self storage,local_inventory,Nottingham,1900,HIGH,82,15.6861,5.4810,14.7416,explicit_city_query_under_uk_target,2026-09-03
self storage Newcastle,self storage newcastle,self storage Newcastle,self storage Newcastle,self_storage,self storage,local_inventory,Newcastle,260,HIGH,70,8.7574,4.2255,9.4155,explicit_city_query_under_uk_target,2026-09-03
self storage Leicester,self storage leicester,self storage Leicester,self storage Leicester,self_storage,self storage,local_inventory,Leicester,1900,HIGH,76,12.6540,4.7342,11.6574,explicit_city_query_under_uk_target,2026-09-03
self storage Southampton,self storage southampton,self storage Southampton,self storage Southampton,self_storage,self storage,local_inventory,Southampton,1600,HIGH,79,15.6186,5.9178,17.5680,explicit_city_query_under_uk_target,2026-09-03
self storage Brighton,self storage brighton,self storage Brighton,self storage Brighton,self_storage,self storage,local_inventory,Brighton,1300,HIGH,79,13.5488,4.8031,14.1301,explicit_city_query_under_uk_target,2026-09-03
self storage Coventry,self storage coventry,self storage Coventry,self storage Coventry,self_storage,self storage,local_inventory,Coventry,1600,HIGH,69,14.6821,5.7806,14.0169,explicit_city_query_under_uk_target,2026-09-03
self storage Belfast,self storage belfast,self storage Belfast,self storage Belfast,self_storage,self storage,local_inventory,Belfast,2400,MEDIUM,44,3.0637,1.0030,3.1875,explicit_city_query_under_uk_target,2026-09-03
self storage Reading,self storage reading,self storage Reading,self storage Reading,self_storage,self storage,local_inventory,Reading,390,HIGH,73,18.6405,7.3182,16.6126,explicit_city_query_under_uk_target,2026-09-03
self storage Oxford,self storage oxford,self storage Oxford,self storage Oxford,self_storage,self storage,local_inventory,Oxford,1000,HIGH,67,9.6902,3.6562,10.4737,explicit_city_query_under_uk_target,2026-09-03
self storage Cambridge,self storage cambridge,self storage Cambridge,self storage Cambridge,self_storage,self storage,local_inventory,Cambridge,1300,HIGH,76,7.8864,2.6601,8.2282,explicit_city_query_under_uk_target,2026-09-03
self storage Aberdeen,self storage aberdeen,self storage Aberdeen,self storage Aberdeen,self_storage,self storage,local_inventory,Aberdeen,590,MEDIUM,63,5.6849,1.6761,7.5847,explicit_city_query_under_uk_target,2026-09-03
self storage Plymouth,self storage plymouth,self storage Plymouth,self storage Plymouth,self_storage,self storage,local_inventory,Plymouth,1300,HIGH,73,10.5221,5.0084,9.9264,explicit_city_query_under_uk_target,2026-09-03
self storage Exeter,self storage exeter,self storage Exeter,self storage Exeter,self_storage,self storage,local_inventory,Exeter,1300,HIGH,72,11.8755,6.0560,10.8645,explicit_city_query_under_uk_target,2026-09-03
self storage Norwich,self storage norwich,self storage Norwich,self storage Norwich,self_storage,self storage,local_inventory,Norwich,1000,HIGH,70,7.1686,2.1547,8.7096,explicit_city_query_under_uk_target,2026-09-03
self storage Swansea,self storage swansea,self storage Swansea,self storage Swansea,self_storage,self storage,local_inventory,Swansea,480,HIGH,69,4.0882,1.4563,4.2621,explicit_city_query_under_uk_target,2026-09-03
self storage York,self storage york,self storage York,self storage York,self_storage,self storage,local_inventory,York,1300,HIGH,74,10.3933,2.8040,11.9115,explicit_city_query_under_uk_target,2026-09-03
cctv installation London,cctv installation london,cctv installation London,cctv installation London,cctv_installation,cctv installation,specialist_installation,London,590,MEDIUM,44,9.8791,4.6820,19.9723,explicit_city_query_under_uk_target,2026-09-03
cctv installation Birmingham,cctv installation birmingham,cctv installation Birmingham,cctv installation Birmingham,cctv_installation,cctv installation,specialist_installation,Birmingham,480,MEDIUM,52,7.2311,4.2816,14.5146,explicit_city_query_under_uk_target,2026-09-03
cctv installation Manchester,cctv installation manchester,cctv installation Manchester,cctv installation Manchester,cctv_installation,cctv installation,specialist_installation,Manchester,260,HIGH,74,9.2578,2.4572,12.1210,explicit_city_query_under_uk_target,2026-09-03
cctv installation Glasgow,cctv installation glasgow,cctv installation Glasgow,cctv installation Glasgow,cctv_installation,cctv installation,specialist_installation,Glasgow,140,MEDIUM,51,5.8807,1.4513,10.0234,explicit_city_query_under_uk_target,2026-09-03
cctv installation Leeds,cctv installation leeds,cctv installation Leeds,cctv installation Leeds,cctv_installation,cctv installation,specialist_installation,Leeds,260,HIGH,69,5.6987,3.3724,16.6245,explicit_city_query_under_uk_target,2026-09-03
cctv installation Liverpool,cctv installation liverpool,cctv installation Liverpool,cctv installation Liverpool,cctv_installation,cctv installation,specialist_installation,Liverpool,110,MEDIUM,65,3.0347,2.0325,11.9300,explicit_city_query_under_uk_target,2026-09-03
cctv installation Bristol,cctv installation bristol,cctv installation Bristol,cctv installation Bristol,cctv_installation,cctv installation,specialist_installation,Bristol,170,MEDIUM,40,10.8962,2.4259,11.9149,explicit_city_query_under_uk_target,2026-09-03
cctv installation Sheffield,cctv installation sheffield,cctv installation Sheffield,cctv installation Sheffield,cctv_installation,cctv installation,specialist_installation,Sheffield,110,MEDIUM,58,14.1204,3.7722,17.0131,explicit_city_query_under_uk_target,2026-09-03
cctv installation Edinburgh,cctv installation edinburgh,cctv installation Edinburgh,cctv installation Edinburgh,cctv_installation,cctv installation,specialist_installation,Edinburgh,170,MEDIUM,41,4.3144,2.1529,6.5543,explicit_city_query_under_uk_target,2026-09-03
cctv installation Cardiff,cctv installation cardiff,cctv installation Cardiff,cctv installation Cardiff,cctv_installation,cctv installation,specialist_installation,Cardiff,170,LOW,33,3.0486,2.1119,8.5290,explicit_city_query_under_uk_target,2026-09-03
cctv installation Nottingham,cctv installation nottingham,cctv installation Nottingham,cctv installation Nottingham,cctv_installation,cctv installation,specialist_installation,Nottingham,110,HIGH,74,14.2873,4.5917,24.3519,explicit_city_query_under_uk_target,2026-09-03
cctv installation Newcastle,cctv installation newcastle,cctv installation Newcastle,cctv installation Newcastle,cctv_installation,cctv installation,specialist_installation,Newcastle,90,MEDIUM,58,7.7918,2.2740,11.8601,explicit_city_query_under_uk_target,2026-09-03
cctv installation Leicester,cctv installation leicester,cctv installation Leicester,cctv installation Leicester,cctv_installation,cctv installation,specialist_installation,Leicester,140,MEDIUM,66,10.9539,2.6286,11.9085,explicit_city_query_under_uk_target,2026-09-03
cctv installation Southampton,cctv installation southampton,cctv installation Southampton,cctv installation Southampton,cctv_installation,cctv installation,specialist_installation,Southampton,90,MEDIUM,51,5.9247,2.9908,9.9528,explicit_city_query_under_uk_target,2026-09-03
cctv installation Brighton,cctv installation brighton,cctv installation Brighton,cctv installation Brighton,cctv_installation,cctv installation,specialist_installation,Brighton,20,MEDIUM,57,3.3317,0.0000,0.0000,explicit_city_query_under_uk_target,2026-09-03
cctv installation Coventry,cctv installation coventry,cctv installation Coventry,cctv installation Coventry,cctv_installation,cctv installation,specialist_installation,Coventry,140,MEDIUM,58,6.7071,3.6607,11.9605,explicit_city_query_under_uk_target,2026-09-03
cctv installation Belfast,cctv installation belfast,cctv installation Belfast,cctv installation Belfast,cctv_installation,cctv installation,specialist_installation,Belfast,170,LOW,16,6.4874,1.2680,7.3044,explicit_city_query_under_uk_target,2026-09-03
cctv installation Reading,cctv installation reading,cctv installation Reading,cctv installation Reading,cctv_installation,cctv installation,specialist_installation,Reading,70,LOW,32,2.2452,0.0000,0.0000,explicit_city_query_under_uk_target,2026-09-03
cctv installation Oxford,cctv installation oxford,cctv installation Oxford,cctv installation Oxford,cctv_installation,cctv installation,specialist_installation,Oxford,90,LOW,22,6.2467,0.0000,0.0000,explicit_city_query_under_uk_target,2026-09-03
cctv installation Cambridge,cctv installation cambridge,cctv installation Cambridge,cctv installation Cambridge,cctv_installation,cctv installation,specialist_installation,Cambridge,30,MEDIUM,34,3.3331,0.0000,0.0000,explicit_city_query_under_uk_target,2026-09-03
cctv installation Aberdeen,cctv installation aberdeen,cctv installation Aberdeen,cctv installation Aberdeen,cctv_installation,cctv installation,specialist_installation,Aberdeen,50,MEDIUM,36,0.0000,0.0000,0.0000,explicit_city_query_under_uk_target,2026-09-03
cctv installation Plymouth,cctv installation plymouth,cctv installation Plymouth,cctv installation Plymouth,cctv_installation,cctv installation,specialist_installation,Plymouth,20,MEDIUM,64,6.4595,1.2652,20.7897,explicit_city_query_under_uk_target,2026-09-03
cctv installation Exeter,cctv installation exeter,cctv installation Exeter,cctv installation Exeter,cctv_installation,cctv installation,specialist_installation,Exeter,30,LOW,10,8.5887,0.0000,0.0000,explicit_city_query_under_uk_target,2026-09-03
cctv installation Norwich,cctv installation norwich,cctv installation Norwich,cctv installation Norwich,cctv_installation,cctv installation,specialist_installation,Norwich,30,HIGH,79,8.0078,1.9475,11.2838,explicit_city_query_under_uk_target,2026-09-03
cctv installation Swansea,cctv installation swansea,cctv installation Swansea,cctv installation Swansea,cctv_installation,cctv installation,specialist_installation,Swansea,40,MEDIUM,36,5.0020,1.6642,6.3603,explicit_city_query_under_uk_target,2026-09-03
cctv installation York,cctv installation york,cctv installation York,cctv installation York,cctv_installation,cctv installation,specialist_installation,York,20,MEDIUM,33,4.6239,0.0000,0.0000,explicit_city_query_under_uk_target,2026-09-03
scaffolding London,scaffolding london,scaffolding London,scaffolding London,scaffolding,scaffolding,specialist_trade,London,1300,MEDIUM,48,14.0709,3.9650,11.9045,explicit_city_query_under_uk_target,2026-09-03
scaffolding Birmingham,scaffolding birmingham,scaffolding Birmingham,scaffolding Birmingham,scaffolding,scaffolding,specialist_trade,Birmingham,590,MEDIUM,43,5.8373,2.0673,6.5571,explicit_city_query_under_uk_target,2026-09-03
scaffolding Manchester,scaffolding manchester,scaffolding Manchester,scaffolding Manchester,scaffolding,scaffolding,specialist_trade,Manchester,590,MEDIUM,47,5.4508,1.7679,6.9136,explicit_city_query_under_uk_target,2026-09-03
scaffolding Glasgow,scaffolding glasgow,scaffolding Glasgow,scaffolding Glasgow,scaffolding,scaffolding,specialist_trade,Glasgow,320,MEDIUM,39,2.4292,1.1035,2.1404,explicit_city_query_under_uk_target,2026-09-03
scaffolding Leeds,scaffolding leeds,scaffolding Leeds,scaffolding Leeds,scaffolding,scaffolding,specialist_trade,Leeds,390,LOW,33,4.0518,1.8161,4.6737,explicit_city_query_under_uk_target,2026-09-03
scaffolding Liverpool,scaffolding liverpool,scaffolding Liverpool,scaffolding Liverpool,scaffolding,scaffolding,specialist_trade,Liverpool,720,LOW,32,4.4269,1.7072,6.5290,explicit_city_query_under_uk_target,2026-09-03
scaffolding Bristol,scaffolding bristol,scaffolding Bristol,scaffolding Bristol,scaffolding,scaffolding,specialist_trade,Bristol,720,MEDIUM,38,4.4943,1.2766,4.9562,explicit_city_query_under_uk_target,2026-09-03
scaffolding Sheffield,scaffolding sheffield,scaffolding Sheffield,scaffolding Sheffield,scaffolding,scaffolding,specialist_trade,Sheffield,320,MEDIUM,47,3.6407,1.4648,3.9537,explicit_city_query_under_uk_target,2026-09-03
scaffolding Edinburgh,scaffolding edinburgh,scaffolding Edinburgh,scaffolding Edinburgh,scaffolding,scaffolding,specialist_trade,Edinburgh,390,MEDIUM,36,1.4806,1.0794,3.1021,explicit_city_query_under_uk_target,2026-09-03
scaffolding Cardiff,scaffolding cardiff,scaffolding Cardiff,scaffolding Cardiff,scaffolding,scaffolding,specialist_trade,Cardiff,210,MEDIUM,56,2.1517,0.9795,3.5608,explicit_city_query_under_uk_target,2026-09-03
scaffolding Nottingham,scaffolding nottingham,scaffolding Nottingham,scaffolding Nottingham,scaffolding,scaffolding,specialist_trade,Nottingham,480,MEDIUM,44,5.8650,1.7364,9.8962,explicit_city_query_under_uk_target,2026-09-03
scaffolding Newcastle,scaffolding newcastle,scaffolding Newcastle,scaffolding Newcastle,scaffolding,scaffolding,specialist_trade,Newcastle,170,LOW,19,4.2845,1.1244,3.1456,explicit_city_query_under_uk_target,2026-09-03
scaffolding Leicester,scaffolding leicester,scaffolding Leicester,scaffolding Leicester,scaffolding,scaffolding,specialist_trade,Leicester,390,MEDIUM,38,3.6966,1.7793,4.6179,explicit_city_query_under_uk_target,2026-09-03
scaffolding Southampton,scaffolding southampton,scaffolding Southampton,scaffolding Southampton,scaffolding,scaffolding,specialist_trade,Southampton,390,MEDIUM,39,7.6147,2.5924,9.3793,explicit_city_query_under_uk_target,2026-09-03
scaffolding Brighton,scaffolding brighton,scaffolding Brighton,scaffolding Brighton,scaffolding,scaffolding,specialist_trade,Brighton,210,MEDIUM,42,5.5372,1.7989,7.6225,explicit_city_query_under_uk_target,2026-09-03
scaffolding Coventry,scaffolding coventry,scaffolding Coventry,scaffolding Coventry,scaffolding,scaffolding,specialist_trade,Coventry,210,MEDIUM,51,4.4546,1.7260,5.3761,explicit_city_query_under_uk_target,2026-09-03
scaffolding Belfast,scaffolding belfast,scaffolding Belfast,scaffolding Belfast,scaffolding,scaffolding,specialist_trade,Belfast,140,MEDIUM,56,1.7531,0.8821,4.6569,explicit_city_query_under_uk_target,2026-09-03
scaffolding Reading,scaffolding reading,scaffolding Reading,scaffolding Reading,scaffolding,scaffolding,specialist_trade,Reading,320,MEDIUM,43,14.0895,4.4716,11.9980,explicit_city_query_under_uk_target,2026-09-03
scaffolding Oxford,scaffolding oxford,scaffolding Oxford,scaffolding Oxford,scaffolding,scaffolding,specialist_trade,Oxford,260,MEDIUM,55,6.2945,2.2854,8.9506,explicit_city_query_under_uk_target,2026-09-03
scaffolding Cambridge,scaffolding cambridge,scaffolding Cambridge,scaffolding Cambridge,scaffolding,scaffolding,specialist_trade,Cambridge,320,MEDIUM,35,8.6960,2.8466,8.0905,explicit_city_query_under_uk_target,2026-09-03
scaffolding Aberdeen,scaffolding aberdeen,scaffolding Aberdeen,scaffolding Aberdeen,scaffolding,scaffolding,specialist_trade,Aberdeen,170,MEDIUM,34,5.6435,1.6289,9.9191,explicit_city_query_under_uk_target,2026-09-03
scaffolding Plymouth,scaffolding plymouth,scaffolding Plymouth,scaffolding Plymouth,scaffolding,scaffolding,specialist_trade,Plymouth,480,MEDIUM,35,2.5261,1.0279,3.1118,explicit_city_query_under_uk_target,2026-09-03
scaffolding Exeter,scaffolding exeter,scaffolding Exeter,scaffolding Exeter,scaffolding,scaffolding,specialist_trade,Exeter,170,MEDIUM,45,4.4931,1.4807,4.9298,explicit_city_query_under_uk_target,2026-09-03
scaffolding Norwich,scaffolding norwich,scaffolding Norwich,scaffolding Norwich,scaffolding,scaffolding,specialist_trade,Norwich,210,MEDIUM,47,4.0226,1.7385,3.8502,explicit_city_query_under_uk_target,2026-09-03
scaffolding Swansea,scaffolding swansea,scaffolding Swansea,scaffolding Swansea,scaffolding,scaffolding,specialist_trade,Swansea,260,MEDIUM,44,2.5604,0.8896,3.0861,explicit_city_query_under_uk_target,2026-09-03
scaffolding York,scaffolding york,scaffolding York,scaffolding York,scaffolding,scaffolding,specialist_trade,York,140,MEDIUM,39,3.8643,1.3586,4.6397,explicit_city_query_under_uk_target,2026-09-03
resin driveways London,resin driveways london,resin driveways London,resin driveways London,resin_driveways,resin driveways,high_ticket_home,London,110,HIGH,67,7.6808,1.2592,8.4530,explicit_city_query_under_uk_target,2026-09-03
resin driveways Birmingham,resin driveways birmingham,resin driveways Birmingham,resin driveways Birmingham,resin_driveways,resin driveways,high_ticket_home,Birmingham,110,MEDIUM,36,5.2313,1.2052,5.5679,explicit_city_query_under_uk_target,2026-09-03
resin driveways Manchester,resin driveways manchester,resin driveways Manchester,resin driveways Manchester,resin_driveways,resin driveways,high_ticket_home,Manchester,170,MEDIUM,52,10.1111,2.6467,6.8602,explicit_city_query_under_uk_target,2026-09-03
resin driveways Glasgow,resin driveways glasgow,resin driveways Glasgow,resin driveways Glasgow,resin_driveways,resin driveways,high_ticket_home,Glasgow,210,MEDIUM,54,3.8137,0.8730,3.9534,explicit_city_query_under_uk_target,2026-09-03
resin driveways Leeds,resin driveways leeds,resin driveways Leeds,resin driveways Leeds,resin_driveways,resin driveways,high_ticket_home,Leeds,110,HIGH,77,10.9912,1.8838,18.5474,explicit_city_query_under_uk_target,2026-09-03
resin driveways Liverpool,resin driveways liverpool,resin driveways Liverpool,resin driveways Liverpool,resin_driveways,resin driveways,high_ticket_home,Liverpool,140,MEDIUM,65,4.3342,1.0557,5.1374,explicit_city_query_under_uk_target,2026-09-03
resin driveways Bristol,resin driveways bristol,resin driveways Bristol,resin driveways Bristol,resin_driveways,resin driveways,high_ticket_home,Bristol,210,MEDIUM,53,6.7857,2.3272,8.3853,explicit_city_query_under_uk_target,2026-09-03
resin driveways Sheffield,resin driveways sheffield,resin driveways Sheffield,resin driveways Sheffield,resin_driveways,resin driveways,high_ticket_home,Sheffield,90,HIGH,81,8.8345,6.2938,17.8472,explicit_city_query_under_uk_target,2026-09-03
resin driveways Edinburgh,resin driveways edinburgh,resin driveways Edinburgh,resin driveways Edinburgh,resin_driveways,resin driveways,high_ticket_home,Edinburgh,70,MEDIUM,59,4.0160,1.1014,3.9097,explicit_city_query_under_uk_target,2026-09-03
resin driveways Cardiff,resin driveways cardiff,resin driveways Cardiff,resin driveways Cardiff,resin_driveways,resin driveways,high_ticket_home,Cardiff,170,MEDIUM,53,4.6769,1.2899,3.5599,explicit_city_query_under_uk_target,2026-09-03
resin driveways Nottingham,resin driveways nottingham,resin driveways Nottingham,resin driveways Nottingham,resin_driveways,resin driveways,high_ticket_home,Nottingham,110,HIGH,81,6.0590,1.7368,9.8429,explicit_city_query_under_uk_target,2026-09-03
resin driveways Newcastle,resin driveways newcastle,resin driveways Newcastle,resin driveways Newcastle,resin_driveways,resin driveways,high_ticket_home,Newcastle,140,MEDIUM,55,4.6638,1.4133,6.1339,explicit_city_query_under_uk_target,2026-09-03
resin driveways Leicester,resin driveways leicester,resin driveways Leicester,resin driveways Leicester,resin_driveways,resin driveways,high_ticket_home,Leicester,90,HIGH,69,5.1366,1.6244,4.8301,explicit_city_query_under_uk_target,2026-09-03
resin driveways Southampton,resin driveways southampton,resin driveways Southampton,resin driveways Southampton,resin_driveways,resin driveways,high_ticket_home,Southampton,170,HIGH,67,21.4423,8.7906,21.2582,explicit_city_query_under_uk_target,2026-09-03
resin driveways Brighton,resin driveways brighton,resin driveways Brighton,resin driveways Brighton,resin_driveways,resin driveways,high_ticket_home,Brighton,20,MEDIUM,51,24.6155,4.9559,19.5553,explicit_city_query_under_uk_target,2026-09-03
resin driveways Coventry,resin driveways coventry,resin driveways Coventry,resin driveways Coventry,resin_driveways,resin driveways,high_ticket_home,Coventry,70,HIGH,72,9.9307,1.8072,6.7270,explicit_city_query_under_uk_target,2026-09-03
resin driveways Belfast,resin driveways belfast,resin driveways Belfast,resin driveways Belfast,resin_driveways,resin driveways,high_ticket_home,Belfast,70,HIGH,70,2.2305,0.5642,1.9181,explicit_city_query_under_uk_target,2026-09-03
resin driveways Reading,resin driveways reading,resin driveways Reading,resin driveways Reading,resin_driveways,resin driveways,high_ticket_home,Reading,30,HIGH,86,13.0913,0.0000,0.0000,explicit_city_query_under_uk_target,2026-09-03
resin driveways Cambridge,resin driveways cambridge,resin driveways Cambridge,resin driveways Cambridge,resin_driveways,resin driveways,high_ticket_home,Cambridge,70,MEDIUM,66,8.1156,4.5405,15.2363,explicit_city_query_under_uk_target,2026-09-03
resin driveways Aberdeen,resin driveways aberdeen,resin driveways Aberdeen,resin driveways Aberdeen,resin_driveways,resin driveways,high_ticket_home,Aberdeen,20,LOW,23,1.3600,0.6034,1.2541,explicit_city_query_under_uk_target,2026-09-03
resin driveways Plymouth,resin driveways plymouth,resin driveways Plymouth,resin driveways Plymouth,resin_driveways,resin driveways,high_ticket_home,Plymouth,90,HIGH,73,28.3323,3.7303,20.4240,explicit_city_query_under_uk_target,2026-09-03
resin driveways Exeter,resin driveways exeter,resin driveways Exeter,resin driveways Exeter,resin_driveways,resin driveways,high_ticket_home,Exeter,70,LOW,27,8.8163,4.0298,14.2592,explicit_city_query_under_uk_target,2026-09-03
resin driveways Norwich,resin driveways norwich,resin driveways Norwich,resin driveways Norwich,resin_driveways,resin driveways,high_ticket_home,Norwich,170,MEDIUM,41,14.6455,3.2994,14.8993,explicit_city_query_under_uk_target,2026-09-03
resin driveways Swansea,resin driveways swansea,resin driveways Swansea,resin driveways Swansea,resin_driveways,resin driveways,high_ticket_home,Swansea,170,MEDIUM,34,3.3732,0.9522,2.2134,explicit_city_query_under_uk_target,2026-09-03
resin driveways York,resin driveways york,resin driveways York,resin driveways York,resin_driveways,resin driveways,high_ticket_home,York,40,MEDIUM,39,5.8747,1.6218,7.3395,explicit_city_query_under_uk_target,2026-09-03
boiler installation London,boiler installation london,boiler installation London,boiler installation London,boiler_installation,boiler installation,high_ticket_home,London,480,MEDIUM,46,15.2253,8.1164,15.2675,explicit_city_query_under_uk_target,2026-09-03
boiler installation Birmingham,boiler installation birmingham,boiler installation Birmingham,boiler installation Birmingham,boiler_installation,boiler installation,high_ticket_home,Birmingham,260,LOW,17,9.7518,2.8499,18.3402,explicit_city_query_under_uk_target,2026-09-03
boiler installation Manchester,boiler installation manchester,boiler installation Manchester,boiler installation Manchester,boiler_installation,boiler installation,high_ticket_home,Manchester,260,MEDIUM,49,2.1147,2.8139,8.7921,explicit_city_query_under_uk_target,2026-09-03
boiler installation Glasgow,boiler installation glasgow,boiler installation Glasgow,boiler installation Glasgow,boiler_installation,boiler installation,high_ticket_home,Glasgow,390,MEDIUM,47,9.3114,3.2829,19.7195,explicit_city_query_under_uk_target,2026-09-03
boiler installation Leeds,boiler installation leeds,boiler installation Leeds,boiler installation Leeds,boiler_installation,boiler installation,high_ticket_home,Leeds,210,LOW,29,0.7336,2.9311,11.5997,explicit_city_query_under_uk_target,2026-09-03
boiler installation Liverpool,boiler installation liverpool,boiler installation Liverpool,boiler installation Liverpool,boiler_installation,boiler installation,high_ticket_home,Liverpool,260,MEDIUM,47,7.4440,3.2355,12.4226,explicit_city_query_under_uk_target,2026-09-03
boiler installation Bristol,boiler installation bristol,boiler installation Bristol,boiler installation Bristol,boiler_installation,boiler installation,high_ticket_home,Bristol,260,LOW,21,4.0861,5.7858,15.3328,explicit_city_query_under_uk_target,2026-09-03
boiler installation Sheffield,boiler installation sheffield,boiler installation Sheffield,boiler installation Sheffield,boiler_installation,boiler installation,high_ticket_home,Sheffield,320,MEDIUM,37,3.7810,3.3458,10.2744,explicit_city_query_under_uk_target,2026-09-03
boiler installation Edinburgh,boiler installation edinburgh,boiler installation Edinburgh,boiler installation Edinburgh,boiler_installation,boiler installation,high_ticket_home,Edinburgh,880,MEDIUM,43,16.0379,5.8726,38.7994,explicit_city_query_under_uk_target,2026-09-03
boiler installation Cardiff,boiler installation cardiff,boiler installation Cardiff,boiler installation Cardiff,boiler_installation,boiler installation,high_ticket_home,Cardiff,170,MEDIUM,37,13.5613,5.1351,14.1701,explicit_city_query_under_uk_target,2026-09-03
boiler installation Nottingham,boiler installation nottingham,boiler installation Nottingham,boiler installation Nottingham,boiler_installation,boiler installation,high_ticket_home,Nottingham,140,MEDIUM,54,11.7166,5.0446,14.1957,explicit_city_query_under_uk_target,2026-09-03
boiler installation Newcastle,boiler installation newcastle,boiler installation Newcastle,boiler installation Newcastle,boiler_installation,boiler installation,high_ticket_home,Newcastle,110,LOW,21,4.9901,4.3167,8.7483,explicit_city_query_under_uk_target,2026-09-03
boiler installation Leicester,boiler installation leicester,boiler installation Leicester,boiler installation Leicester,boiler_installation,boiler installation,high_ticket_home,Leicester,70,HIGH,73,6.7534,5.4109,16.3033,explicit_city_query_under_uk_target,2026-09-03
boiler installation Southampton,boiler installation southampton,boiler installation Southampton,boiler installation Southampton,boiler_installation,boiler installation,high_ticket_home,Southampton,210,MEDIUM,57,1.3010,7.5193,16.4645,explicit_city_query_under_uk_target,2026-09-03
boiler installation Brighton,boiler installation brighton,boiler installation Brighton,boiler installation Brighton,boiler_installation,boiler installation,high_ticket_home,Brighton,70,MEDIUM,40,9.2068,7.5147,18.1880,explicit_city_query_under_uk_target,2026-09-03
boiler installation Coventry,boiler installation coventry,boiler installation Coventry,boiler installation Coventry,boiler_installation,boiler installation,high_ticket_home,Coventry,70,MEDIUM,52,26.8913,6.3396,16.3873,explicit_city_query_under_uk_target,2026-09-03
boiler installation Belfast,boiler installation belfast,boiler installation Belfast,boiler installation Belfast,boiler_installation,boiler installation,high_ticket_home,Belfast,70,LOW,23,6.2738,1.4218,4.8214,explicit_city_query_under_uk_target,2026-09-03
boiler installation Reading,boiler installation reading,boiler installation Reading,boiler installation Reading,boiler_installation,boiler installation,high_ticket_home,Reading,50,MEDIUM,51,16.7429,3.7728,17.3352,explicit_city_query_under_uk_target,2026-09-03
boiler installation Oxford,boiler installation oxford,boiler installation Oxford,boiler installation Oxford,boiler_installation,boiler installation,high_ticket_home,Oxford,30,LOW,20,14.6625,12.9112,19.0751,explicit_city_query_under_uk_target,2026-09-03
boiler installation Cambridge,boiler installation cambridge,boiler installation Cambridge,boiler installation Cambridge,boiler_installation,boiler installation,high_ticket_home,Cambridge,50,LOW,30,3.7070,7.7853,19.2721,explicit_city_query_under_uk_target,2026-09-03
boiler installation Aberdeen,boiler installation aberdeen,boiler installation Aberdeen,boiler installation Aberdeen,boiler_installation,boiler installation,high_ticket_home,Aberdeen,90,MEDIUM,43,3.3256,3.9637,21.4331,explicit_city_query_under_uk_target,2026-09-03
boiler installation Plymouth,boiler installation plymouth,boiler installation Plymouth,boiler installation Plymouth,boiler_installation,boiler installation,high_ticket_home,Plymouth,70,MEDIUM,38,2.9879,4.5813,11.3659,explicit_city_query_under_uk_target,2026-09-03
boiler installation Exeter,boiler installation exeter,boiler installation Exeter,boiler installation Exeter,boiler_installation,boiler installation,high_ticket_home,Exeter,30,LOW,29,4.3881,0.0000,0.0000,explicit_city_query_under_uk_target,2026-09-03
boiler installation Norwich,boiler installation norwich,boiler installation Norwich,boiler installation Norwich,boiler_installation,boiler installation,high_ticket_home,Norwich,110,LOW,31,18.5348,3.1986,19.1198,explicit_city_query_under_uk_target,2026-09-03
boiler installation Swansea,boiler installation swansea,boiler installation Swansea,boiler installation Swansea,boiler_installation,boiler installation,high_ticket_home,Swansea,110,MEDIUM,40,4.5373,2.7766,7.6005,explicit_city_query_under_uk_target,2026-09-03
boiler installation York,boiler installation york,boiler installation York,boiler installation York,boiler_installation,boiler installation,high_ticket_home,York,90,MEDIUM,42,3.0801,0.0000,0.0000,explicit_city_query_under_uk_target,2026-09-03
heat pump installer Glasgow,heat pump installer glasgow,heat pump installer Glasgow,heat pump installer Glasgow,heat_pump_installer,heat pump installer,high_ticket_home,Glasgow,40,HIGH,78,0.0000,0.0000,0.0000,explicit_city_query_under_uk_target,2026-09-03
heat pump installer Edinburgh,heat pump installer edinburgh,heat pump installer Edinburgh,heat pump installer Edinburgh,heat_pump_installer,heat pump installer,high_ticket_home,Edinburgh,40,HIGH,87,13.7952,6.4289,21.5706,explicit_city_query_under_uk_target,2026-09-03
heat pump installer Nottingham,heat pump installer nottingham,heat pump installer Nottingham,heat pump installer Nottingham,heat_pump_installer,heat pump installer,high_ticket_home,Nottingham,30,HIGH,68,5.0687,3.1988,7.9488,explicit_city_query_under_uk_target,2026-09-03
heat pump installer Brighton,heat pump installer brighton,heat pump installer Brighton,heat pump installer Brighton,heat_pump_installer,heat pump installer,high_ticket_home,Brighton,10,HIGH,93,13.7410,0.0000,0.0000,explicit_city_query_under_uk_target,2026-09-03
loft conversion London,loft conversion london,loft conversion London,loft conversion London,loft_conversion,loft conversion,high_ticket_home,London,1600,MEDIUM,41,15.3334,3.1154,14.7417,explicit_city_query_under_uk_target,2026-09-03
loft conversion Birmingham,loft conversion birmingham,loft conversion Birmingham,loft conversion Birmingham,loft_conversion,loft conversion,high_ticket_home,Birmingham,590,MEDIUM,43,5.0285,1.2274,5.8844,explicit_city_query_under_uk_target,2026-09-03
loft conversion Manchester,loft conversion manchester,loft conversion Manchester,loft conversion Manchester,loft_conversion,loft conversion,high_ticket_home,Manchester,390,MEDIUM,56,4.5531,1.4798,4.9417,explicit_city_query_under_uk_target,2026-09-03
loft conversion Glasgow,loft conversion glasgow,loft conversion Glasgow,loft conversion Glasgow,loft_conversion,loft conversion,high_ticket_home,Glasgow,320,MEDIUM,57,4.5223,1.1182,5.6240,explicit_city_query_under_uk_target,2026-09-03
loft conversion Leeds,loft conversion leeds,loft conversion Leeds,loft conversion Leeds,loft_conversion,loft conversion,high_ticket_home,Leeds,480,MEDIUM,49,4.0918,1.2715,4.9440,explicit_city_query_under_uk_target,2026-09-03
loft conversion Liverpool,loft conversion liverpool,loft conversion Liverpool,loft conversion Liverpool,loft_conversion,loft conversion,high_ticket_home,Liverpool,320,LOW,32,3.0650,1.3667,3.7339,explicit_city_query_under_uk_target,2026-09-03
loft conversion Bristol,loft conversion bristol,loft conversion Bristol,loft conversion Bristol,loft_conversion,loft conversion,high_ticket_home,Bristol,590,MEDIUM,49,24.0637,3.7593,34.7078,explicit_city_query_under_uk_target,2026-09-03
loft conversion Sheffield,loft conversion sheffield,loft conversion Sheffield,loft conversion Sheffield,loft_conversion,loft conversion,high_ticket_home,Sheffield,260,MEDIUM,45,2.2164,1.0002,3.1152,explicit_city_query_under_uk_target,2026-09-03
loft conversion Edinburgh,loft conversion edinburgh,loft conversion Edinburgh,loft conversion Edinburgh,loft_conversion,loft conversion,high_ticket_home,Edinburgh,260,MEDIUM,55,4.5498,1.4186,4.6897,explicit_city_query_under_uk_target,2026-09-03
loft conversion Cardiff,loft conversion cardiff,loft conversion Cardiff,loft conversion Cardiff,loft_conversion,loft conversion,high_ticket_home,Cardiff,170,MEDIUM,53,4.2952,1.3613,4.6085,explicit_city_query_under_uk_target,2026-09-03
loft conversion Nottingham,loft conversion nottingham,loft conversion Nottingham,loft conversion Nottingham,loft_conversion,loft conversion,high_ticket_home,Nottingham,260,MEDIUM,59,5.2605,1.2675,6.6956,explicit_city_query_under_uk_target,2026-09-03
loft conversion Newcastle,loft conversion newcastle,loft conversion Newcastle,loft conversion Newcastle,loft_conversion,loft conversion,high_ticket_home,Newcastle,170,MEDIUM,55,3.9474,1.3785,3.9066,explicit_city_query_under_uk_target,2026-09-03
loft conversion Leicester,loft conversion leicester,loft conversion Leicester,loft conversion Leicester,loft_conversion,loft conversion,high_ticket_home,Leicester,140,MEDIUM,45,2.3114,0.9280,3.1499,explicit_city_query_under_uk_target,2026-09-03
loft conversion Southampton,loft conversion southampton,loft conversion Southampton,loft conversion Southampton,loft_conversion,loft conversion,high_ticket_home,Southampton,260,LOW,31,15.1534,3.5654,34.2305,explicit_city_query_under_uk_target,2026-09-03
loft conversion Brighton,loft conversion brighton,loft conversion Brighton,loft conversion Brighton,loft_conversion,loft conversion,high_ticket_home,Brighton,210,MEDIUM,39,4.3180,2.7186,10.7872,explicit_city_query_under_uk_target,2026-09-03
loft conversion Coventry,loft conversion coventry,loft conversion Coventry,loft conversion Coventry,loft_conversion,loft conversion,high_ticket_home,Coventry,210,MEDIUM,60,3.3535,1.6438,4.9907,explicit_city_query_under_uk_target,2026-09-03
loft conversion Belfast,loft conversion belfast,loft conversion Belfast,loft conversion Belfast,loft_conversion,loft conversion,high_ticket_home,Belfast,170,MEDIUM,35,1.4378,0.6319,1.6110,explicit_city_query_under_uk_target,2026-09-03
loft conversion Reading,loft conversion reading,loft conversion Reading,loft conversion Reading,loft_conversion,loft conversion,high_ticket_home,Reading,140,LOW,28,12.7800,2.8727,16.2790,explicit_city_query_under_uk_target,2026-09-03
loft conversion Oxford,loft conversion oxford,loft conversion Oxford,loft conversion Oxford,loft_conversion,loft conversion,high_ticket_home,Oxford,390,LOW,30,5.8292,1.8008,8.6678,explicit_city_query_under_uk_target,2026-09-03
loft conversion Cambridge,loft conversion cambridge,loft conversion Cambridge,loft conversion Cambridge,loft_conversion,loft conversion,high_ticket_home,Cambridge,210,MEDIUM,38,11.8611,2.3819,9.0589,explicit_city_query_under_uk_target,2026-09-03
loft conversion Aberdeen,loft conversion aberdeen,loft conversion Aberdeen,loft conversion Aberdeen,loft_conversion,loft conversion,high_ticket_home,Aberdeen,260,MEDIUM,36,5.6722,1.2576,4.9589,explicit_city_query_under_uk_target,2026-09-03
loft conversion Plymouth,loft conversion plymouth,loft conversion Plymouth,loft conversion Plymouth,loft_conversion,loft conversion,high_ticket_home,Plymouth,110,MEDIUM,64,3.5267,1.1831,4.1249,explicit_city_query_under_uk_target,2026-09-03
loft conversion Exeter,loft conversion exeter,loft conversion Exeter,loft conversion Exeter,loft_conversion,loft conversion,high_ticket_home,Exeter,110,MEDIUM,55,2.9488,1.8355,4.8621,explicit_city_query_under_uk_target,2026-09-03
loft conversion Norwich,loft conversion norwich,loft conversion Norwich,loft conversion Norwich,loft_conversion,loft conversion,high_ticket_home,Norwich,70,MEDIUM,66,3.6018,1.4509,5.0010,explicit_city_query_under_uk_target,2026-09-03
loft conversion Swansea,loft conversion swansea,loft conversion Swansea,loft conversion Swansea,loft_conversion,loft conversion,high_ticket_home,Swansea,50,MEDIUM,52,3.6565,1.5340,4.8880,explicit_city_query_under_uk_target,2026-09-03
loft conversion York,loft conversion york,loft conversion York,loft conversion York,loft_conversion,loft conversion,high_ticket_home,York,210,LOW,25,4.0876,1.3803,4.7775,explicit_city_query_under_uk_target,2026-09-03
bathroom fitters London,bathroom fitters london,bathroom fitters London,bathroom fitters London,bathroom_fitters,bathroom fitters,high_ticket_home,London,590,MEDIUM,55,9.5894,2.9644,22.3177,explicit_city_query_under_uk_target,2026-09-03
bathroom fitters Birmingham,bathroom fitters birmingham,bathroom fitters Birmingham,bathroom fitters Birmingham,bathroom_fitters,bathroom fitters,high_ticket_home,Birmingham,590,HIGH,86,2.8060,1.5619,4.4355,explicit_city_query_under_uk_target,2026-09-03
bathroom fitters Manchester,bathroom fitters manchester,bathroom fitters Manchester,bathroom fitters Manchester,bathroom_fitters,bathroom fitters,high_ticket_home,Manchester,320,HIGH,76,3.3898,1.5156,5.4595,explicit_city_query_under_uk_target,2026-09-03
bathroom fitters Glasgow,bathroom fitters glasgow,bathroom fitters Glasgow,bathroom fitters Glasgow,bathroom_fitters,bathroom fitters,high_ticket_home,Glasgow,880,HIGH,86,3.7627,1.7401,6.2808,explicit_city_query_under_uk_target,2026-09-03
bathroom fitters Leeds,bathroom fitters leeds,bathroom fitters Leeds,bathroom fitters Leeds,bathroom_fitters,bathroom fitters,high_ticket_home,Leeds,590,MEDIUM,64,3.6020,1.9036,5.6792,explicit_city_query_under_uk_target,2026-09-03
bathroom fitters Liverpool,bathroom fitters liverpool,bathroom fitters Liverpool,bathroom fitters Liverpool,bathroom_fitters,bathroom fitters,high_ticket_home,Liverpool,480,HIGH,80,2.1069,1.4899,4.0858,explicit_city_query_under_uk_target,2026-09-03
bathroom fitters Bristol,bathroom fitters bristol,bathroom fitters Bristol,bathroom fitters Bristol,bathroom_fitters,bathroom fitters,high_ticket_home,Bristol,260,HIGH,75,4.9776,1.6600,5.8997,explicit_city_query_under_uk_target,2026-09-03
bathroom fitters Sheffield,bathroom fitters sheffield,bathroom fitters Sheffield,bathroom fitters Sheffield,bathroom_fitters,bathroom fitters,high_ticket_home,Sheffield,480,MEDIUM,57,2.9152,1.7807,4.7868,explicit_city_query_under_uk_target,2026-09-03
bathroom fitters Edinburgh,bathroom fitters edinburgh,bathroom fitters Edinburgh,bathroom fitters Edinburgh,bathroom_fitters,bathroom fitters,high_ticket_home,Edinburgh,880,HIGH,82,5.5306,2.1895,9.7820,explicit_city_query_under_uk_target,2026-09-03
bathroom fitters Cardiff,bathroom fitters cardiff,bathroom fitters Cardiff,bathroom fitters Cardiff,bathroom_fitters,bathroom fitters,high_ticket_home,Cardiff,390,MEDIUM,56,4.0425,1.8743,7.9579,explicit_city_query_under_uk_target,2026-09-03
bathroom fitters Nottingham,bathroom fitters nottingham,bathroom fitters Nottingham,bathroom fitters Nottingham,bathroom_fitters,bathroom fitters,high_ticket_home,Nottingham,320,HIGH,89,3.5072,2.0653,6.6047,explicit_city_query_under_uk_target,2026-09-03
bathroom fitters Newcastle,bathroom fitters newcastle,bathroom fitters Newcastle,bathroom fitters Newcastle,bathroom_fitters,bathroom fitters,high_ticket_home,Newcastle,210,HIGH,85,5.9416,1.9092,7.1155,explicit_city_query_under_uk_target,2026-09-03
bathroom fitters Leicester,bathroom fitters leicester,bathroom fitters Leicester,bathroom fitters Leicester,bathroom_fitters,bathroom fitters,high_ticket_home,Leicester,320,HIGH,81,4.2072,1.7383,5.5057,explicit_city_query_under_uk_target,2026-09-03
bathroom fitters Southampton,bathroom fitters southampton,bathroom fitters Southampton,bathroom fitters Southampton,bathroom_fitters,bathroom fitters,high_ticket_home,Southampton,390,HIGH,86,2.9951,1.8269,5.1925,explicit_city_query_under_uk_target,2026-09-03
bathroom fitters Brighton,bathroom fitters brighton,bathroom fitters Brighton,bathroom fitters Brighton,bathroom_fitters,bathroom fitters,high_ticket_home,Brighton,110,HIGH,94,5.3452,2.8608,11.5695,explicit_city_query_under_uk_target,2026-09-03
bathroom fitters Coventry,bathroom fitters coventry,bathroom fitters Coventry,bathroom fitters Coventry,bathroom_fitters,bathroom fitters,high_ticket_home,Coventry,260,HIGH,76,2.8306,1.7648,5.1925,explicit_city_query_under_uk_target,2026-09-03
bathroom fitters Belfast,bathroom fitters belfast,bathroom fitters Belfast,bathroom fitters Belfast,bathroom_fitters,bathroom fitters,high_ticket_home,Belfast,260,MEDIUM,50,2.0684,0.7265,2.6224,explicit_city_query_under_uk_target,2026-09-03
bathroom fitters Reading,bathroom fitters reading,bathroom fitters Reading,bathroom fitters Reading,bathroom_fitters,bathroom fitters,high_ticket_home,Reading,110,HIGH,100,3.3509,2.3032,6.4968,explicit_city_query_under_uk_target,2026-09-03
bathroom fitters Oxford,bathroom fitters oxford,bathroom fitters Oxford,bathroom fitters Oxford,bathroom_fitters,bathroom fitters,high_ticket_home,Oxford,110,MEDIUM,58,3.0050,1.9965,8.3234,explicit_city_query_under_uk_target,2026-09-03
bathroom fitters Cambridge,bathroom fitters cambridge,bathroom fitters Cambridge,bathroom fitters Cambridge,bathroom_fitters,bathroom fitters,high_ticket_home,Cambridge,140,HIGH,88,2.5024,1.7384,6.2423,explicit_city_query_under_uk_target,2026-09-03
bathroom fitters Aberdeen,bathroom fitters aberdeen,bathroom fitters Aberdeen,bathroom fitters Aberdeen,bathroom_fitters,bathroom fitters,high_ticket_home,Aberdeen,480,MEDIUM,50,4.1022,1.6998,7.7061,explicit_city_query_under_uk_target,2026-09-03
bathroom fitters Plymouth,bathroom fitters plymouth,bathroom fitters Plymouth,bathroom fitters Plymouth,bathroom_fitters,bathroom fitters,high_ticket_home,Plymouth,260,HIGH,75,4.5368,3.4682,7.9067,explicit_city_query_under_uk_target,2026-09-03
bathroom fitters Exeter,bathroom fitters exeter,bathroom fitters Exeter,bathroom fitters Exeter,bathroom_fitters,bathroom fitters,high_ticket_home,Exeter,140,MEDIUM,54,6.2111,2.9573,7.9067,explicit_city_query_under_uk_target,2026-09-03
bathroom fitters Norwich,bathroom fitters norwich,bathroom fitters Norwich,bathroom fitters Norwich,bathroom_fitters,bathroom fitters,high_ticket_home,Norwich,260,HIGH,85,4.1094,1.9062,5.7450,explicit_city_query_under_uk_target,2026-09-03
bathroom fitters Swansea,bathroom fitters swansea,bathroom fitters Swansea,bathroom fitters Swansea,bathroom_fitters,bathroom fitters,high_ticket_home,Swansea,170,HIGH,73,4.2785,1.2076,4.7504,explicit_city_query_under_uk_target,2026-09-03
bathroom fitters York,bathroom fitters york,bathroom fitters York,bathroom fitters York,bathroom_fitters,bathroom fitters,high_ticket_home,York,210,HIGH,75,3.7923,1.5312,4.1283,explicit_city_query_under_uk_target,2026-09-03
water damage restoration London,water damage restoration london,water damage restoration London,water damage restoration London,water_damage_restoration,water damage restoration,urgent_remediation,London,50,HIGH,84,3.6359,11.9073,33.5429,explicit_city_query_under_uk_target,2026-09-03
water damage restoration Birmingham,water damage restoration birmingham,water damage restoration Birmingham,water damage restoration Birmingham,water_damage_restoration,water damage restoration,urgent_remediation,Birmingham,10,UNSPECIFIED,0,0.0000,0.0000,0.0000,explicit_city_query_under_uk_target,2026-09-03
water damage restoration Manchester,water damage restoration manchester,water damage restoration Manchester,water damage restoration Manchester,water_damage_restoration,water damage restoration,urgent_remediation,Manchester,10,UNSPECIFIED,0,0.0000,0.0000,0.0000,explicit_city_query_under_uk_target,2026-09-03
water damage restoration Leeds,water damage restoration leeds,water damage restoration Leeds,water damage restoration Leeds,water_damage_restoration,water damage restoration,urgent_remediation,Leeds,10,LOW,0,0.0000,0.0000,0.0000,explicit_city_query_under_uk_target,2026-09-03
water damage restoration Liverpool,water damage restoration liverpool,water damage restoration Liverpool,water damage restoration Liverpool,water_damage_restoration,water damage restoration,urgent_remediation,Liverpool,10,UNSPECIFIED,0,0.0000,0.0000,0.0000,explicit_city_query_under_uk_target,2026-09-03
water damage restoration Bristol,water damage restoration bristol,water damage restoration Bristol,water damage restoration Bristol,water_damage_restoration,water damage restoration,urgent_remediation,Bristol,10,MEDIUM,34,0.0000,0.0000,0.0000,explicit_city_query_under_uk_target,2026-09-03
water damage restoration Nottingham,water damage restoration nottingham,water damage restoration Nottingham,water damage restoration Nottingham,water_damage_restoration,water damage restoration,urgent_remediation,Nottingham,10,UNSPECIFIED,0,0.0000,0.0000,0.0000,explicit_city_query_under_uk_target,2026-09-03
water damage restoration Newcastle,water damage restoration newcastle,water damage restoration Newcastle,water damage restoration Newcastle,water_damage_restoration,water damage restoration,urgent_remediation,Newcastle,10,UNSPECIFIED,0,0.0000,0.0000,0.0000,explicit_city_query_under_uk_target,2026-09-03
water damage restoration Southampton,water damage restoration southampton,water damage restoration Southampton,water damage restoration Southampton,water_damage_restoration,water damage restoration,urgent_remediation,Southampton,10,UNSPECIFIED,0,0.0000,0.0000,0.0000,explicit_city_query_under_uk_target,2026-09-03
water damage restoration Brighton,water damage restoration brighton,water damage restoration Brighton,water damage restoration Brighton,water_damage_restoration,water damage restoration,urgent_remediation,Brighton,10,UNSPECIFIED,0,0.0000,0.0000,0.0000,explicit_city_query_under_uk_target,2026-09-03
water damage restoration Cambridge,water damage restoration cambridge,water damage restoration Cambridge,water damage restoration Cambridge,water_damage_restoration,water damage restoration,urgent_remediation,Cambridge,10,UNSPECIFIED,0,0.0000,0.0000,0.0000,explicit_city_query_under_uk_target,2026-09-03
water damage restoration Aberdeen,water damage restoration aberdeen,water damage restoration Aberdeen,water damage restoration Aberdeen,water_damage_restoration,water damage restoration,urgent_remediation,Aberdeen,10,UNSPECIFIED,0,0.0000,0.0000,0.0000,explicit_city_query_under_uk_target,2026-09-03
water damage restoration Plymouth,water damage restoration plymouth,water damage restoration Plymouth,water damage restoration Plymouth,water_damage_restoration,water damage restoration,urgent_remediation,Plymouth,10,UNSPECIFIED,0,0.0000,0.0000,0.0000,explicit_city_query_under_uk_target,2026-09-03
water damage restoration York,water damage restoration york,water damage restoration York,water damage restoration York,water_damage_restoration,water damage restoration,urgent_remediation,York,10,UNSPECIFIED,0,0.0000,0.0000,0.0000,explicit_city_query_under_uk_target,2026-09-03
appliance repair London,appliance repair london,appliance repair London,appliance repair London,appliance_repair,appliance repair,planned_trade,London,390,MEDIUM,54,2.8554,2.0246,7.6434,explicit_city_query_under_uk_target,2026-09-03
appliance repair Birmingham,appliance repair birmingham,appliance repair Birmingham,appliance repair Birmingham,appliance_repair,appliance repair,planned_trade,Birmingham,170,MEDIUM,51,2.5194,0.8939,3.2256,explicit_city_query_under_uk_target,2026-09-03
appliance repair Manchester,appliance repair manchester,appliance repair Manchester,appliance repair Manchester,appliance_repair,appliance repair,planned_trade,Manchester,320,MEDIUM,37,2.3316,0.9587,3.2241,explicit_city_query_under_uk_target,2026-09-03
appliance repair Glasgow,appliance repair glasgow,appliance repair Glasgow,appliance repair Glasgow,appliance_repair,appliance repair,planned_trade,Glasgow,110,MEDIUM,41,2.7092,1.0391,3.4872,explicit_city_query_under_uk_target,2026-09-03
appliance repair Leeds,appliance repair leeds,appliance repair Leeds,appliance repair Leeds,appliance_repair,appliance repair,planned_trade,Leeds,170,MEDIUM,61,2.2073,0.7910,2.9975,explicit_city_query_under_uk_target,2026-09-03
appliance repair Liverpool,appliance repair liverpool,appliance repair Liverpool,appliance repair Liverpool,appliance_repair,appliance repair,planned_trade,Liverpool,110,MEDIUM,44,1.6150,0.8895,3.3325,explicit_city_query_under_uk_target,2026-09-03
appliance repair Bristol,appliance repair bristol,appliance repair Bristol,appliance repair Bristol,appliance_repair,appliance repair,planned_trade,Bristol,880,LOW,33,3.5298,1.0419,3.4749,explicit_city_query_under_uk_target,2026-09-03
appliance repair Sheffield,appliance repair sheffield,appliance repair Sheffield,appliance repair Sheffield,appliance_repair,appliance repair,planned_trade,Sheffield,170,MEDIUM,46,2.6486,0.9714,3.4716,explicit_city_query_under_uk_target,2026-09-03
appliance repair Edinburgh,appliance repair edinburgh,appliance repair Edinburgh,appliance repair Edinburgh,appliance_repair,appliance repair,planned_trade,Edinburgh,140,MEDIUM,60,2.1930,1.0424,3.5057,explicit_city_query_under_uk_target,2026-09-03
appliance repair Cardiff,appliance repair cardiff,appliance repair Cardiff,appliance repair Cardiff,appliance_repair,appliance repair,planned_trade,Cardiff,110,MEDIUM,33,2.7125,0.9791,3.2284,explicit_city_query_under_uk_target,2026-09-03
appliance repair Nottingham,appliance repair nottingham,appliance repair Nottingham,appliance repair Nottingham,appliance_repair,appliance repair,planned_trade,Nottingham,110,MEDIUM,56,2.6266,1.0398,2.9856,explicit_city_query_under_uk_target,2026-09-03
appliance repair Newcastle,appliance repair newcastle,appliance repair Newcastle,appliance repair Newcastle,appliance_repair,appliance repair,planned_trade,Newcastle,70,MEDIUM,62,2.5668,1.0395,3.3460,explicit_city_query_under_uk_target,2026-09-03
appliance repair Leicester,appliance repair leicester,appliance repair Leicester,appliance repair Leicester,appliance_repair,appliance repair,planned_trade,Leicester,210,MEDIUM,45,2.3145,0.8581,2.2677,explicit_city_query_under_uk_target,2026-09-03
appliance repair Southampton,appliance repair southampton,appliance repair Southampton,appliance repair Southampton,appliance_repair,appliance repair,planned_trade,Southampton,40,MEDIUM,57,1.6984,1.0040,2.9618,explicit_city_query_under_uk_target,2026-09-03
appliance repair Brighton,appliance repair brighton,appliance repair Brighton,appliance repair Brighton,appliance_repair,appliance repair,planned_trade,Brighton,90,HIGH,70,3.5417,1.8990,5.3417,explicit_city_query_under_uk_target,2026-09-03
appliance repair Coventry,appliance repair coventry,appliance repair Coventry,appliance repair Coventry,appliance_repair,appliance repair,planned_trade,Coventry,50,MEDIUM,64,3.1629,1.0435,3.3016,explicit_city_query_under_uk_target,2026-09-03
appliance repair Belfast,appliance repair belfast,appliance repair Belfast,appliance repair Belfast,appliance_repair,appliance repair,planned_trade,Belfast,110,LOW,26,2.8997,0.6684,1.8814,explicit_city_query_under_uk_target,2026-09-03
appliance repair Reading,appliance repair reading,appliance repair Reading,appliance repair Reading,appliance_repair,appliance repair,planned_trade,Reading,40,MEDIUM,63,4.4510,1.3933,4.6910,explicit_city_query_under_uk_target,2026-09-03
appliance repair Oxford,appliance repair oxford,appliance repair Oxford,appliance repair Oxford,appliance_repair,appliance repair,planned_trade,Oxford,50,MEDIUM,59,3.1993,0.9110,3.3032,explicit_city_query_under_uk_target,2026-09-03
appliance repair Cambridge,appliance repair cambridge,appliance repair Cambridge,appliance repair Cambridge,appliance_repair,appliance repair,planned_trade,Cambridge,70,MEDIUM,54,3.4141,1.4883,3.4853,explicit_city_query_under_uk_target,2026-09-03
appliance repair Aberdeen,appliance repair aberdeen,appliance repair Aberdeen,appliance repair Aberdeen,appliance_repair,appliance repair,planned_trade,Aberdeen,260,LOW,12,2.0930,0.5667,2.1496,explicit_city_query_under_uk_target,2026-09-03
appliance repair Plymouth,appliance repair plymouth,appliance repair Plymouth,appliance repair Plymouth,appliance_repair,appliance repair,planned_trade,Plymouth,90,MEDIUM,52,2.8635,1.0398,3.4872,explicit_city_query_under_uk_target,2026-09-03
appliance repair Exeter,appliance repair exeter,appliance repair Exeter,appliance repair Exeter,appliance_repair,appliance repair,planned_trade,Exeter,90,MEDIUM,40,2.8861,1.0428,2.8363,explicit_city_query_under_uk_target,2026-09-03
appliance repair Norwich,appliance repair norwich,appliance repair Norwich,appliance repair Norwich,appliance_repair,appliance repair,planned_trade,Norwich,90,MEDIUM,66,2.2614,1.0400,3.4800,explicit_city_query_under_uk_target,2026-09-03
appliance repair Swansea,appliance repair swansea,appliance repair Swansea,appliance repair Swansea,appliance_repair,appliance repair,planned_trade,Swansea,110,MEDIUM,38,3.2311,0.9678,3.4844,explicit_city_query_under_uk_target,2026-09-03
appliance repair York,appliance repair york,appliance repair York,appliance repair York,appliance_repair,appliance repair,planned_trade,York,50,MEDIUM,58,2.6075,0.9845,2.4476,explicit_city_query_under_uk_target,2026-09-03
conservatory roof replacement London,conservatory roof replacement london,conservatory roof replacement London,conservatory roof replacement London,conservatory_roof_replacement,conservatory roof replacement,high_ticket_home,London,40,HIGH,71,31.0276,0.0000,0.0000,explicit_city_query_under_uk_target,2026-09-03
conservatory roof replacement Birmingham,conservatory roof replacement birmingham,conservatory roof replacement Birmingham,conservatory roof replacement Birmingham,conservatory_roof_replacement,conservatory roof replacement,high_ticket_home,Birmingham,40,HIGH,77,12.3062,4.5594,15.8488,explicit_city_query_under_uk_target,2026-09-03
conservatory roof replacement Manchester,conservatory roof replacement manchester,conservatory roof replacement Manchester,conservatory roof replacement Manchester,conservatory_roof_replacement,conservatory roof replacement,high_ticket_home,Manchester,30,HIGH,85,16.8896,10.2952,18.7831,explicit_city_query_under_uk_target,2026-09-03
conservatory roof replacement Glasgow,conservatory roof replacement glasgow,conservatory roof replacement Glasgow,conservatory roof replacement Glasgow,conservatory_roof_replacement,conservatory roof replacement,high_ticket_home,Glasgow,30,HIGH,96,8.0020,3.2529,9.5872,explicit_city_query_under_uk_target,2026-09-03
conservatory roof replacement Leeds,conservatory roof replacement leeds,conservatory roof replacement Leeds,conservatory roof replacement Leeds,conservatory_roof_replacement,conservatory roof replacement,high_ticket_home,Leeds,30,HIGH,88,42.4572,3.3033,35.3467,explicit_city_query_under_uk_target,2026-09-03
conservatory roof replacement Liverpool,conservatory roof replacement liverpool,conservatory roof replacement Liverpool,conservatory roof replacement Liverpool,conservatory_roof_replacement,conservatory roof replacement,high_ticket_home,Liverpool,50,HIGH,70,5.4259,2.5048,9.8215,explicit_city_query_under_uk_target,2026-09-03
conservatory roof replacement Bristol,conservatory roof replacement bristol,conservatory roof replacement Bristol,conservatory roof replacement Bristol,conservatory_roof_replacement,conservatory roof replacement,high_ticket_home,Bristol,70,MEDIUM,62,9.9421,4.0504,13.7229,explicit_city_query_under_uk_target,2026-09-03
conservatory roof replacement Sheffield,conservatory roof replacement sheffield,conservatory roof replacement Sheffield,conservatory roof replacement Sheffield,conservatory_roof_replacement,conservatory roof replacement,high_ticket_home,Sheffield,30,HIGH,81,18.5017,4.5653,21.1265,explicit_city_query_under_uk_target,2026-09-03
conservatory roof replacement Cardiff,conservatory roof replacement cardiff,conservatory roof replacement Cardiff,conservatory roof replacement Cardiff,conservatory_roof_replacement,conservatory roof replacement,high_ticket_home,Cardiff,10,HIGH,95,14.8837,2.5567,19.8196,explicit_city_query_under_uk_target,2026-09-03
conservatory roof replacement Nottingham,conservatory roof replacement nottingham,conservatory roof replacement Nottingham,conservatory roof replacement Nottingham,conservatory_roof_replacement,conservatory roof replacement,high_ticket_home,Nottingham,70,HIGH,78,8.8938,5.7960,18.9254,explicit_city_query_under_uk_target,2026-09-03
conservatory roof replacement Newcastle,conservatory roof replacement newcastle,conservatory roof replacement Newcastle,conservatory roof replacement Newcastle,conservatory_roof_replacement,conservatory roof replacement,high_ticket_home,Newcastle,10,HIGH,68,0.0000,0.0000,0.0000,explicit_city_query_under_uk_target,2026-09-03
conservatory roof replacement Leicester,conservatory roof replacement leicester,conservatory roof replacement Leicester,conservatory roof replacement Leicester,conservatory_roof_replacement,conservatory roof replacement,high_ticket_home,Leicester,40,HIGH,81,16.2174,12.0838,33.8511,explicit_city_query_under_uk_target,2026-09-03
conservatory roof replacement Southampton,conservatory roof replacement southampton,conservatory roof replacement Southampton,conservatory roof replacement Southampton,conservatory_roof_replacement,conservatory roof replacement,high_ticket_home,Southampton,20,HIGH,81,34.8918,3.5946,22.1786,explicit_city_query_under_uk_target,2026-09-03
conservatory roof replacement Brighton,conservatory roof replacement brighton,conservatory roof replacement Brighton,conservatory roof replacement Brighton,conservatory_roof_replacement,conservatory roof replacement,high_ticket_home,Brighton,10,MEDIUM,64,36.1889,0.0000,0.0000,explicit_city_query_under_uk_target,2026-09-03
conservatory roof replacement Coventry,conservatory roof replacement coventry,conservatory roof replacement Coventry,conservatory roof replacement Coventry,conservatory_roof_replacement,conservatory roof replacement,high_ticket_home,Coventry,20,HIGH,94,13.0005,7.2005,17.3667,explicit_city_query_under_uk_target,2026-09-03
conservatory roof replacement Belfast,conservatory roof replacement belfast,conservatory roof replacement Belfast,conservatory roof replacement Belfast,conservatory_roof_replacement,conservatory roof replacement,high_ticket_home,Belfast,10,HIGH,100,7.7342,0.0000,0.0000,explicit_city_query_under_uk_target,2026-09-03
conservatory roof replacement Reading,conservatory roof replacement reading,conservatory roof replacement Reading,conservatory roof replacement Reading,conservatory_roof_replacement,conservatory roof replacement,high_ticket_home,Reading,10,LOW,21,0.0000,0.0000,0.0000,explicit_city_query_under_uk_target,2026-09-03
conservatory roof replacement Oxford,conservatory roof replacement oxford,conservatory roof replacement Oxford,conservatory roof replacement Oxford,conservatory_roof_replacement,conservatory roof replacement,high_ticket_home,Oxford,30,LOW,20,44.2041,17.2594,34.4837,explicit_city_query_under_uk_target,2026-09-03
conservatory roof replacement Cambridge,conservatory roof replacement cambridge,conservatory roof replacement Cambridge,conservatory roof replacement Cambridge,conservatory_roof_replacement,conservatory roof replacement,high_ticket_home,Cambridge,40,MEDIUM,63,0.0000,5.6293,32.7319,explicit_city_query_under_uk_target,2026-09-03
conservatory roof replacement Plymouth,conservatory roof replacement plymouth,conservatory roof replacement Plymouth,conservatory roof replacement Plymouth,conservatory_roof_replacement,conservatory roof replacement,high_ticket_home,Plymouth,20,HIGH,82,11.9318,7.4629,27.9255,explicit_city_query_under_uk_target,2026-09-03
conservatory roof replacement Norwich,conservatory roof replacement norwich,conservatory roof replacement Norwich,conservatory roof replacement Norwich,conservatory_roof_replacement,conservatory roof replacement,high_ticket_home,Norwich,30,HIGH,77,4.6812,3.6837,12.5944,explicit_city_query_under_uk_target,2026-09-03
conservatory roof replacement York,conservatory roof replacement york,conservatory roof replacement York,conservatory roof replacement York,conservatory_roof_replacement,conservatory roof replacement,high_ticket_home,York,20,HIGH,80,20.0801,0.0000,0.0000,explicit_city_query_under_uk_target,2026-09-03
solar panel installers Belfast,solar panel installers belfast,solar panel installers Belfast,solar panel installers Belfast,solar_panel_installers,solar panel installers,high_ticket_home,Belfast,0,UNSPECIFIED,0,0.0000,0.0000,0.0000,explicit_city_query_under_uk_target,2026-09-03
ev charger installation Liverpool,ev charger installation liverpool,ev charger installation Liverpool,ev charger installation Liverpool,ev_charger_installation,ev charger installation,high_ticket_home,Liverpool,70,MEDIUM,67,2.8773,1.5939,3.6010,explicit_city_query_under_uk_target,2026-09-03
ev charger installation Brighton,ev charger installation brighton,ev charger installation Brighton,ev charger installation Brighton,ev_charger_installation,ev charger installation,high_ticket_home,Brighton,40,HIGH,68,1.8013,1.7627,4.9171,explicit_city_query_under_uk_target,2026-09-03
ev charger installation Swansea,ev charger installation swansea,ev charger installation Swansea,ev charger installation Swansea,ev_charger_installation,ev charger installation,high_ticket_home,Swansea,30,HIGH,71,5.6474,1.6378,5.7451,explicit_city_query_under_uk_target,2026-09-03
ev charger installation York,ev charger installation york,ev charger installation York,ev charger installation York,ev_charger_installation,ev charger installation,high_ticket_home,York,40,HIGH,87,2.6569,2.0910,5.1421,explicit_city_query_under_uk_target,2026-09-03
air conditioning installation Belfast,air conditioning installation belfast,air conditioning installation Belfast,air conditioning installation Belfast,air_conditioning_installation,air conditioning installation,high_ticket_home,Belfast,0,UNSPECIFIED,0,0.0000,0.0000,0.0000,explicit_city_query_under_uk_target,2026-09-03
damp proofing London,damp proofing london,damp proofing London,damp proofing London,damp_proofing,damp proofing,high_ticket_home,London,0,UNSPECIFIED,0,0.0000,0.0000,0.0000,explicit_city_query_under_uk_target,2026-09-03
damp proofing Birmingham,damp proofing birmingham,damp proofing Birmingham,damp proofing Birmingham,damp_proofing,damp proofing,high_ticket_home,Birmingham,0,UNSPECIFIED,0,0.0000,0.0000,0.0000,explicit_city_query_under_uk_target,2026-09-03
damp proofing Manchester,damp proofing manchester,damp proofing Manchester,damp proofing Manchester,damp_proofing,damp proofing,high_ticket_home,Manchester,0,UNSPECIFIED,0,0.0000,0.0000,0.0000,explicit_city_query_under_uk_target,2026-09-03
damp proofing Glasgow,damp proofing glasgow,damp proofing Glasgow,damp proofing Glasgow,damp_proofing,damp proofing,high_ticket_home,Glasgow,0,UNSPECIFIED,0,0.0000,0.0000,0.0000,explicit_city_query_under_uk_target,2026-09-03
damp proofing Leeds,damp proofing leeds,damp proofing Leeds,damp proofing Leeds,damp_proofing,damp proofing,high_ticket_home,Leeds,0,UNSPECIFIED,0,0.0000,0.0000,0.0000,explicit_city_query_under_uk_target,2026-09-03
damp proofing Liverpool,damp proofing liverpool,damp proofing Liverpool,damp proofing Liverpool,damp_proofing,damp proofing,high_ticket_home,Liverpool,0,UNSPECIFIED,0,0.0000,0.0000,0.0000,explicit_city_query_under_uk_target,2026-09-03
damp proofing Bristol,damp proofing bristol,damp proofing Bristol,damp proofing Bristol,damp_proofing,damp proofing,high_ticket_home,Bristol,0,UNSPECIFIED,0,0.0000,0.0000,0.0000,explicit_city_query_under_uk_target,2026-09-03
damp proofing Sheffield,damp proofing sheffield,damp proofing Sheffield,damp proofing Sheffield,damp_proofing,damp proofing,high_ticket_home,Sheffield,0,UNSPECIFIED,0,0.0000,0.0000,0.0000,explicit_city_query_under_uk_target,2026-09-03
damp proofing Edinburgh,damp proofing edinburgh,damp proofing Edinburgh,damp proofing Edinburgh,damp_proofing,damp proofing,high_ticket_home,Edinburgh,0,UNSPECIFIED,0,0.0000,0.0000,0.0000,explicit_city_query_under_uk_target,2026-09-03
damp proofing Cardiff,damp proofing cardiff,damp proofing Cardiff,damp proofing Cardiff,damp_proofing,damp proofing,high_ticket_home,Cardiff,0,UNSPECIFIED,0,0.0000,0.0000,0.0000,explicit_city_query_under_uk_target,2026-09-03
damp proofing Nottingham,damp proofing nottingham,damp proofing Nottingham,damp proofing Nottingham,damp_proofing,damp proofing,high_ticket_home,Nottingham,0,UNSPECIFIED,0,0.0000,0.0000,0.0000,explicit_city_query_under_uk_target,2026-09-03
damp proofing Newcastle,damp proofing newcastle,damp proofing Newcastle,damp proofing Newcastle,damp_proofing,damp proofing,high_ticket_home,Newcastle,0,UNSPECIFIED,0,0.0000,0.0000,0.0000,explicit_city_query_under_uk_target,2026-09-03
damp proofing Leicester,damp proofing leicester,damp proofing Leicester,damp proofing Leicester,damp_proofing,damp proofing,high_ticket_home,Leicester,0,UNSPECIFIED,0,0.0000,0.0000,0.0000,explicit_city_query_under_uk_target,2026-09-03
damp proofing Southampton,damp proofing southampton,damp proofing Southampton,damp proofing Southampton,damp_proofing,damp proofing,high_ticket_home,Southampton,0,UNSPECIFIED,0,0.0000,0.0000,0.0000,explicit_city_query_under_uk_target,2026-09-03
damp proofing Brighton,damp proofing brighton,damp proofing Brighton,damp proofing Brighton,damp_proofing,damp proofing,high_ticket_home,Brighton,0,UNSPECIFIED,0,0.0000,0.0000,0.0000,explicit_city_query_under_uk_target,2026-09-03
damp proofing Coventry,damp proofing coventry,damp proofing Coventry,damp proofing Coventry,damp_proofing,damp proofing,high_ticket_home,Coventry,0,UNSPECIFIED,0,0.0000,0.0000,0.0000,explicit_city_query_under_uk_target,2026-09-03
damp proofing Belfast,damp proofing belfast,damp proofing Belfast,damp proofing Belfast,damp_proofing,damp proofing,high_ticket_home,Belfast,0,UNSPECIFIED,0,0.0000,0.0000,0.0000,explicit_city_query_under_uk_target,2026-09-03
damp proofing Reading,damp proofing reading,damp proofing Reading,damp proofing Reading,damp_proofing,damp proofing,high_ticket_home,Reading,0,UNSPECIFIED,0,0.0000,0.0000,0.0000,explicit_city_query_under_uk_target,2026-09-03
damp proofing Oxford,damp proofing oxford,damp proofing Oxford,damp proofing Oxford,damp_proofing,damp proofing,high_ticket_home,Oxford,0,UNSPECIFIED,0,0.0000,0.0000,0.0000,explicit_city_query_under_uk_target,2026-09-03
damp proofing Cambridge,damp proofing cambridge,damp proofing Cambridge,damp proofing Cambridge,damp_proofing,damp proofing,high_ticket_home,Cambridge,0,UNSPECIFIED,0,0.0000,0.0000,0.0000,explicit_city_query_under_uk_target,2026-09-03
damp proofing Aberdeen,damp proofing aberdeen,damp proofing Aberdeen,damp proofing Aberdeen,damp_proofing,damp proofing,high_ticket_home,Aberdeen,0,UNSPECIFIED,0,0.0000,0.0000,0.0000,explicit_city_query_under_uk_target,2026-09-03
damp proofing Plymouth,damp proofing plymouth,damp proofing Plymouth,damp proofing Plymouth,damp_proofing,damp proofing,high_ticket_home,Plymouth,0,UNSPECIFIED,0,0.0000,0.0000,0.0000,explicit_city_query_under_uk_target,2026-09-03
damp proofing Exeter,damp proofing exeter,damp proofing Exeter,damp proofing Exeter,damp_proofing,damp proofing,high_ticket_home,Exeter,0,UNSPECIFIED,0,0.0000,0.0000,0.0000,explicit_city_query_under_uk_target,2026-09-03
damp proofing Norwich,damp proofing norwich,damp proofing Norwich,damp proofing Norwich,damp_proofing,damp proofing,high_ticket_home,Norwich,0,UNSPECIFIED,0,0.0000,0.0000,0.0000,explicit_city_query_under_uk_target,2026-09-03
damp proofing Swansea,damp proofing swansea,damp proofing Swansea,damp proofing Swansea,damp_proofing,damp proofing,high_ticket_home,Swansea,0,UNSPECIFIED,0,0.0000,0.0000,0.0000,explicit_city_query_under_uk_target,2026-09-03
damp proofing York,damp proofing york,damp proofing York,damp proofing York,damp_proofing,damp proofing,high_ticket_home,York,0,UNSPECIFIED,0,0.0000,0.0000,0.0000,explicit_city_query_under_uk_target,2026-09-03
emergency glazier Cardiff,emergency glazier cardiff,emergency glazier Cardiff,emergency glazier Cardiff,emergency_glazier,emergency glazier,urgent_trade,Cardiff,0,UNSPECIFIED,0,0.0000,0.0000,0.0000,explicit_city_query_under_uk_target,2026-09-03
emergency glazier Newcastle,emergency glazier newcastle,emergency glazier Newcastle,emergency glazier Newcastle,emergency_glazier,emergency glazier,urgent_trade,Newcastle,0,UNSPECIFIED,0,0.0000,0.0000,0.0000,explicit_city_query_under_uk_target,2026-09-03
emergency glazier Southampton,emergency glazier southampton,emergency glazier Southampton,emergency glazier Southampton,emergency_glazier,emergency glazier,urgent_trade,Southampton,0,UNSPECIFIED,0,0.0000,0.0000,0.0000,explicit_city_query_under_uk_target,2026-09-03
emergency glazier Coventry,emergency glazier coventry,emergency glazier Coventry,emergency glazier Coventry,emergency_glazier,emergency glazier,urgent_trade,Coventry,0,UNSPECIFIED,0,0.0000,0.0000,0.0000,explicit_city_query_under_uk_target,2026-09-03
emergency glazier Belfast,emergency glazier belfast,emergency glazier Belfast,emergency glazier Belfast,emergency_glazier,emergency glazier,urgent_trade,Belfast,0,UNSPECIFIED,0,0.0000,0.0000,0.0000,explicit_city_query_under_uk_target,2026-09-03
emergency glazier Oxford,emergency glazier oxford,emergency glazier Oxford,emergency glazier Oxford,emergency_glazier,emergency glazier,urgent_trade,Oxford,0,UNSPECIFIED,0,0.0000,0.0000,0.0000,explicit_city_query_under_uk_target,2026-09-03
emergency glazier Cambridge,emergency glazier cambridge,emergency glazier Cambridge,emergency glazier Cambridge,emergency_glazier,emergency glazier,urgent_trade,Cambridge,0,UNSPECIFIED,0,0.0000,0.0000,0.0000,explicit_city_query_under_uk_target,2026-09-03
emergency glazier Aberdeen,emergency glazier aberdeen,emergency glazier Aberdeen,emergency glazier Aberdeen,emergency_glazier,emergency glazier,urgent_trade,Aberdeen,0,UNSPECIFIED,0,0.0000,0.0000,0.0000,explicit_city_query_under_uk_target,2026-09-03
emergency glazier Plymouth,emergency glazier plymouth,emergency glazier Plymouth,emergency glazier Plymouth,emergency_glazier,emergency glazier,urgent_trade,Plymouth,0,UNSPECIFIED,0,0.0000,0.0000,0.0000,explicit_city_query_under_uk_target,2026-09-03
emergency glazier Exeter,emergency glazier exeter,emergency glazier Exeter,emergency glazier Exeter,emergency_glazier,emergency glazier,urgent_trade,Exeter,0,UNSPECIFIED,0,0.0000,0.0000,0.0000,explicit_city_query_under_uk_target,2026-09-03
emergency glazier Norwich,emergency glazier norwich,emergency glazier Norwich,emergency glazier Norwich,emergency_glazier,emergency glazier,urgent_trade,Norwich,0,UNSPECIFIED,0,0.0000,0.0000,0.0000,explicit_city_query_under_uk_target,2026-09-03
emergency glazier Swansea,emergency glazier swansea,emergency glazier Swansea,emergency glazier Swansea,emergency_glazier,emergency glazier,urgent_trade,Swansea,0,UNSPECIFIED,0,0.0000,0.0000,0.0000,explicit_city_query_under_uk_target,2026-09-03
emergency glazier York,emergency glazier york,emergency glazier York,emergency glazier York,emergency_glazier,emergency glazier,urgent_trade,York,0,UNSPECIFIED,0,0.0000,0.0000,0.0000,explicit_city_query_under_uk_target,2026-09-03
personal injury solicitor Bristol,personal injury solicitor bristol,personal injury solicitor Bristol,personal injury solicitor Bristol,personal_injury_solicitor,personal injury solicitor,regulated_legal,Bristol,0,UNSPECIFIED,0,0.0000,0.0000,0.0000,explicit_city_query_under_uk_target,2026-09-03
personal injury solicitor Cambridge,personal injury solicitor cambridge,personal injury solicitor Cambridge,personal injury solicitor Cambridge,personal_injury_solicitor,personal injury solicitor,regulated_legal,Cambridge,20,MEDIUM,47,29.6109,5.4380,24.2083,explicit_city_query_under_uk_target,2026-09-03
personal injury solicitor Exeter,personal injury solicitor exeter,personal injury solicitor Exeter,personal injury solicitor Exeter,personal_injury_solicitor,personal injury solicitor,regulated_legal,Exeter,10,MEDIUM,56,32.4542,2.9926,19.8342,explicit_city_query_under_uk_target,2026-09-03
resin driveways Oxford,resin driveways oxford,resin driveways Oxford,resin driveways Oxford,resin_driveways,resin driveways,high_ticket_home,Oxford,0,UNSPECIFIED,0,0.0000,0.0000,0.0000,explicit_city_query_under_uk_target,2026-09-03
heat pump installer London,heat pump installer london,heat pump installer London,heat pump installer London,heat_pump_installer,heat pump installer,high_ticket_home,London,0,UNSPECIFIED,0,0.0000,0.0000,0.0000,explicit_city_query_under_uk_target,2026-09-03
heat pump installer Birmingham,heat pump installer birmingham,heat pump installer Birmingham,heat pump installer Birmingham,heat_pump_installer,heat pump installer,high_ticket_home,Birmingham,0,UNSPECIFIED,0,0.0000,0.0000,0.0000,explicit_city_query_under_uk_target,2026-09-03
heat pump installer Manchester,heat pump installer manchester,heat pump installer Manchester,heat pump installer Manchester,heat_pump_installer,heat pump installer,high_ticket_home,Manchester,0,UNSPECIFIED,0,0.0000,0.0000,0.0000,explicit_city_query_under_uk_target,2026-09-03
heat pump installer Leeds,heat pump installer leeds,heat pump installer Leeds,heat pump installer Leeds,heat_pump_installer,heat pump installer,high_ticket_home,Leeds,0,UNSPECIFIED,0,0.0000,0.0000,0.0000,explicit_city_query_under_uk_target,2026-09-03
heat pump installer Liverpool,heat pump installer liverpool,heat pump installer Liverpool,heat pump installer Liverpool,heat_pump_installer,heat pump installer,high_ticket_home,Liverpool,0,UNSPECIFIED,0,0.0000,0.0000,0.0000,explicit_city_query_under_uk_target,2026-09-03
heat pump installer Bristol,heat pump installer bristol,heat pump installer Bristol,heat pump installer Bristol,heat_pump_installer,heat pump installer,high_ticket_home,Bristol,0,UNSPECIFIED,0,0.0000,0.0000,0.0000,explicit_city_query_under_uk_target,2026-09-03
heat pump installer Sheffield,heat pump installer sheffield,heat pump installer Sheffield,heat pump installer Sheffield,heat_pump_installer,heat pump installer,high_ticket_home,Sheffield,0,UNSPECIFIED,0,0.0000,0.0000,0.0000,explicit_city_query_under_uk_target,2026-09-03
heat pump installer Cardiff,heat pump installer cardiff,heat pump installer Cardiff,heat pump installer Cardiff,heat_pump_installer,heat pump installer,high_ticket_home,Cardiff,0,UNSPECIFIED,0,0.0000,0.0000,0.0000,explicit_city_query_under_uk_target,2026-09-03
heat pump installer Newcastle,heat pump installer newcastle,heat pump installer Newcastle,heat pump installer Newcastle,heat_pump_installer,heat pump installer,high_ticket_home,Newcastle,0,UNSPECIFIED,0,0.0000,0.0000,0.0000,explicit_city_query_under_uk_target,2026-09-03
heat pump installer Leicester,heat pump installer leicester,heat pump installer Leicester,heat pump installer Leicester,heat_pump_installer,heat pump installer,high_ticket_home,Leicester,0,UNSPECIFIED,0,0.0000,0.0000,0.0000,explicit_city_query_under_uk_target,2026-09-03
heat pump installer Southampton,heat pump installer southampton,heat pump installer Southampton,heat pump installer Southampton,heat_pump_installer,heat pump installer,high_ticket_home,Southampton,0,UNSPECIFIED,0,0.0000,0.0000,0.0000,explicit_city_query_under_uk_target,2026-09-03
heat pump installer Coventry,heat pump installer coventry,heat pump installer Coventry,heat pump installer Coventry,heat_pump_installer,heat pump installer,high_ticket_home,Coventry,0,UNSPECIFIED,0,0.0000,0.0000,0.0000,explicit_city_query_under_uk_target,2026-09-03
heat pump installer Belfast,heat pump installer belfast,heat pump installer Belfast,heat pump installer Belfast,heat_pump_installer,heat pump installer,high_ticket_home,Belfast,0,UNSPECIFIED,0,0.0000,0.0000,0.0000,explicit_city_query_under_uk_target,2026-09-03
heat pump installer Reading,heat pump installer reading,heat pump installer Reading,heat pump installer Reading,heat_pump_installer,heat pump installer,high_ticket_home,Reading,0,UNSPECIFIED,0,0.0000,0.0000,0.0000,explicit_city_query_under_uk_target,2026-09-03
heat pump installer Oxford,heat pump installer oxford,heat pump installer Oxford,heat pump installer Oxford,heat_pump_installer,heat pump installer,high_ticket_home,Oxford,0,UNSPECIFIED,0,0.0000,0.0000,0.0000,explicit_city_query_under_uk_target,2026-09-03
heat pump installer Cambridge,heat pump installer cambridge,heat pump installer Cambridge,heat pump installer Cambridge,heat_pump_installer,heat pump installer,high_ticket_home,Cambridge,0,UNSPECIFIED,0,0.0000,0.0000,0.0000,explicit_city_query_under_uk_target,2026-09-03
heat pump installer Aberdeen,heat pump installer aberdeen,heat pump installer Aberdeen,heat pump installer Aberdeen,heat_pump_installer,heat pump installer,high_ticket_home,Aberdeen,0,UNSPECIFIED,0,0.0000,0.0000,0.0000,explicit_city_query_under_uk_target,2026-09-03
heat pump installer Plymouth,heat pump installer plymouth,heat pump installer Plymouth,heat pump installer Plymouth,heat_pump_installer,heat pump installer,high_ticket_home,Plymouth,0,UNSPECIFIED,0,0.0000,0.0000,0.0000,explicit_city_query_under_uk_target,2026-09-03
heat pump installer Exeter,heat pump installer exeter,heat pump installer Exeter,heat pump installer Exeter,heat_pump_installer,heat pump installer,high_ticket_home,Exeter,0,UNSPECIFIED,0,0.0000,0.0000,0.0000,explicit_city_query_under_uk_target,2026-09-03
heat pump installer Norwich,heat pump installer norwich,heat pump installer Norwich,heat pump installer Norwich,heat_pump_installer,heat pump installer,high_ticket_home,Norwich,0,UNSPECIFIED,0,0.0000,0.0000,0.0000,explicit_city_query_under_uk_target,2026-09-03
heat pump installer Swansea,heat pump installer swansea,heat pump installer Swansea,heat pump installer Swansea,heat_pump_installer,heat pump installer,high_ticket_home,Swansea,0,UNSPECIFIED,0,0.0000,0.0000,0.0000,explicit_city_query_under_uk_target,2026-09-03
heat pump installer York,heat pump installer york,heat pump installer York,heat pump installer York,heat_pump_installer,heat pump installer,high_ticket_home,York,0,UNSPECIFIED,0,0.0000,0.0000,0.0000,explicit_city_query_under_uk_target,2026-09-03
spray foam removal London,spray foam removal london,spray foam removal London,spray foam removal London,spray_foam_removal,spray foam removal,specialist_remediation,London,110,MEDIUM,38,57.2989,4.1685,28.0262,explicit_city_query_under_uk_target,2026-09-03
spray foam removal Birmingham,spray foam removal birmingham,spray foam removal Birmingham,spray foam removal Birmingham,spray_foam_removal,spray foam removal,specialist_remediation,Birmingham,30,MEDIUM,49,81.8078,24.8955,66.6964,explicit_city_query_under_uk_target,2026-09-03
spray foam removal Manchester,spray foam removal manchester,spray foam removal Manchester,spray foam removal Manchester,spray_foam_removal,spray foam removal,specialist_remediation,Manchester,20,HIGH,73,1.3006,8.2528,19.3458,explicit_city_query_under_uk_target,2026-09-03
spray foam removal Glasgow,spray foam removal glasgow,spray foam removal Glasgow,spray foam removal Glasgow,spray_foam_removal,spray foam removal,specialist_remediation,Glasgow,0,UNSPECIFIED,0,0.0000,0.0000,0.0000,explicit_city_query_under_uk_target,2026-09-03
spray foam removal Leeds,spray foam removal leeds,spray foam removal Leeds,spray foam removal Leeds,spray_foam_removal,spray foam removal,specialist_remediation,Leeds,10,HIGH,80,31.6595,7.6854,26.5196,explicit_city_query_under_uk_target,2026-09-03
spray foam removal Liverpool,spray foam removal liverpool,spray foam removal Liverpool,spray foam removal Liverpool,spray_foam_removal,spray foam removal,specialist_remediation,Liverpool,20,MEDIUM,60,0.0000,5.3102,28.0846,explicit_city_query_under_uk_target,2026-09-03
spray foam removal Bristol,spray foam removal bristol,spray foam removal Bristol,spray foam removal Bristol,spray_foam_removal,spray foam removal,specialist_remediation,Bristol,40,MEDIUM,43,0.0000,1.7644,17.1477,explicit_city_query_under_uk_target,2026-09-03
spray foam removal Sheffield,spray foam removal sheffield,spray foam removal Sheffield,spray foam removal Sheffield,spray_foam_removal,spray foam removal,specialist_remediation,Sheffield,0,UNSPECIFIED,0,0.0000,0.0000,0.0000,explicit_city_query_under_uk_target,2026-09-03
spray foam removal Edinburgh,spray foam removal edinburgh,spray foam removal Edinburgh,spray foam removal Edinburgh,spray_foam_removal,spray foam removal,specialist_remediation,Edinburgh,0,UNSPECIFIED,0,0.0000,0.0000,0.0000,explicit_city_query_under_uk_target,2026-09-03
spray foam removal Cardiff,spray foam removal cardiff,spray foam removal Cardiff,spray foam removal Cardiff,spray_foam_removal,spray foam removal,specialist_remediation,Cardiff,10,MEDIUM,52,25.7519,8.4869,17.1362,explicit_city_query_under_uk_target,2026-09-03
spray foam removal Nottingham,spray foam removal nottingham,spray foam removal Nottingham,spray foam removal Nottingham,spray_foam_removal,spray foam removal,specialist_remediation,Nottingham,50,MEDIUM,63,0.0000,15.7212,39.9793,explicit_city_query_under_uk_target,2026-09-03
spray foam removal Newcastle,spray foam removal newcastle,spray foam removal Newcastle,spray foam removal Newcastle,spray_foam_removal,spray foam removal,specialist_remediation,Newcastle,0,UNSPECIFIED,0,0.0000,0.0000,0.0000,explicit_city_query_under_uk_target,2026-09-03
spray foam removal Leicester,spray foam removal leicester,spray foam removal Leicester,spray foam removal Leicester,spray_foam_removal,spray foam removal,specialist_remediation,Leicester,20,MEDIUM,63,9.5153,5.5618,21.2193,explicit_city_query_under_uk_target,2026-09-03
spray foam removal Southampton,spray foam removal southampton,spray foam removal Southampton,spray foam removal Southampton,spray_foam_removal,spray foam removal,specialist_remediation,Southampton,10,HIGH,70,41.6854,14.8083,40.4416,explicit_city_query_under_uk_target,2026-09-03
spray foam removal Brighton,spray foam removal brighton,spray foam removal Brighton,spray foam removal Brighton,spray_foam_removal,spray foam removal,specialist_remediation,Brighton,0,UNSPECIFIED,0,0.0000,0.0000,0.0000,explicit_city_query_under_uk_target,2026-09-03
spray foam removal Coventry,spray foam removal coventry,spray foam removal Coventry,spray foam removal Coventry,spray_foam_removal,spray foam removal,specialist_remediation,Coventry,10,HIGH,69,82.0519,29.9427,79.6609,explicit_city_query_under_uk_target,2026-09-03
spray foam removal Belfast,spray foam removal belfast,spray foam removal Belfast,spray foam removal Belfast,spray_foam_removal,spray foam removal,specialist_remediation,Belfast,0,UNSPECIFIED,0,0.0000,0.0000,0.0000,explicit_city_query_under_uk_target,2026-09-03
spray foam removal Reading,spray foam removal reading,spray foam removal Reading,spray foam removal Reading,spray_foam_removal,spray foam removal,specialist_remediation,Reading,10,MEDIUM,41,0.0000,5.8816,26.0290,explicit_city_query_under_uk_target,2026-09-03
spray foam removal Oxford,spray foam removal oxford,spray foam removal Oxford,spray foam removal Oxford,spray_foam_removal,spray foam removal,specialist_remediation,Oxford,10,MEDIUM,50,30.3210,0.0000,0.0000,explicit_city_query_under_uk_target,2026-09-03
spray foam removal Cambridge,spray foam removal cambridge,spray foam removal Cambridge,spray foam removal Cambridge,spray_foam_removal,spray foam removal,specialist_remediation,Cambridge,0,UNSPECIFIED,0,0.0000,0.0000,0.0000,explicit_city_query_under_uk_target,2026-09-03
spray foam removal Aberdeen,spray foam removal aberdeen,spray foam removal Aberdeen,spray foam removal Aberdeen,spray_foam_removal,spray foam removal,specialist_remediation,Aberdeen,0,UNSPECIFIED,0,0.0000,0.0000,0.0000,explicit_city_query_under_uk_target,2026-09-03
spray foam removal Plymouth,spray foam removal plymouth,spray foam removal Plymouth,spray foam removal Plymouth,spray_foam_removal,spray foam removal,specialist_remediation,Plymouth,10,HIGH,86,0.0000,10.9576,24.7539,explicit_city_query_under_uk_target,2026-09-03
spray foam removal Exeter,spray foam removal exeter,spray foam removal Exeter,spray foam removal Exeter,spray_foam_removal,spray foam removal,specialist_remediation,Exeter,10,HIGH,71,48.9535,6.7672,47.5342,explicit_city_query_under_uk_target,2026-09-03
spray foam removal Norwich,spray foam removal norwich,spray foam removal Norwich,spray foam removal Norwich,spray_foam_removal,spray foam removal,specialist_remediation,Norwich,10,LOW,0,0.0000,0.0000,0.0000,explicit_city_query_under_uk_target,2026-09-03
spray foam removal Swansea,spray foam removal swansea,spray foam removal Swansea,spray foam removal Swansea,spray_foam_removal,spray foam removal,specialist_remediation,Swansea,0,UNSPECIFIED,0,0.0000,0.0000,0.0000,explicit_city_query_under_uk_target,2026-09-03
spray foam removal York,spray foam removal york,spray foam removal York,spray foam removal York,spray_foam_removal,spray foam removal,specialist_remediation,York,0,UNSPECIFIED,0,0.0000,0.0000,0.0000,explicit_city_query_under_uk_target,2026-09-03
water damage restoration Glasgow,water damage restoration glasgow,water damage restoration Glasgow,water damage restoration Glasgow,water_damage_restoration,water damage restoration,urgent_remediation,Glasgow,0,UNSPECIFIED,0,0.0000,0.0000,0.0000,explicit_city_query_under_uk_target,2026-09-03
water damage restoration Sheffield,water damage restoration sheffield,water damage restoration Sheffield,water damage restoration Sheffield,water_damage_restoration,water damage restoration,urgent_remediation,Sheffield,0,UNSPECIFIED,0,0.0000,0.0000,0.0000,explicit_city_query_under_uk_target,2026-09-03
water damage restoration Edinburgh,water damage restoration edinburgh,water damage restoration Edinburgh,water damage restoration Edinburgh,water_damage_restoration,water damage restoration,urgent_remediation,Edinburgh,0,UNSPECIFIED,0,0.0000,0.0000,0.0000,explicit_city_query_under_uk_target,2026-09-03
water damage restoration Cardiff,water damage restoration cardiff,water damage restoration Cardiff,water damage restoration Cardiff,water_damage_restoration,water damage restoration,urgent_remediation,Cardiff,0,UNSPECIFIED,0,0.0000,0.0000,0.0000,explicit_city_query_under_uk_target,2026-09-03
water damage restoration Leicester,water damage restoration leicester,water damage restoration Leicester,water damage restoration Leicester,water_damage_restoration,water damage restoration,urgent_remediation,Leicester,0,UNSPECIFIED,0,0.0000,0.0000,0.0000,explicit_city_query_under_uk_target,2026-09-03
water damage restoration Coventry,water damage restoration coventry,water damage restoration Coventry,water damage restoration Coventry,water_damage_restoration,water damage restoration,urgent_remediation,Coventry,0,UNSPECIFIED,0,0.0000,0.0000,0.0000,explicit_city_query_under_uk_target,2026-09-03
water damage restoration Belfast,water damage restoration belfast,water damage restoration Belfast,water damage restoration Belfast,water_damage_restoration,water damage restoration,urgent_remediation,Belfast,0,UNSPECIFIED,0,0.0000,0.0000,0.0000,explicit_city_query_under_uk_target,2026-09-03
water damage restoration Reading,water damage restoration reading,water damage restoration Reading,water damage restoration Reading,water_damage_restoration,water damage restoration,urgent_remediation,Reading,0,UNSPECIFIED,0,0.0000,0.0000,0.0000,explicit_city_query_under_uk_target,2026-09-03
water damage restoration Oxford,water damage restoration oxford,water damage restoration Oxford,water damage restoration Oxford,water_damage_restoration,water damage restoration,urgent_remediation,Oxford,0,UNSPECIFIED,0,0.0000,0.0000,0.0000,explicit_city_query_under_uk_target,2026-09-03
water damage restoration Exeter,water damage restoration exeter,water damage restoration Exeter,water damage restoration Exeter,water_damage_restoration,water damage restoration,urgent_remediation,Exeter,0,UNSPECIFIED,0,0.0000,0.0000,0.0000,explicit_city_query_under_uk_target,2026-09-03
water damage restoration Norwich,water damage restoration norwich,water damage restoration Norwich,water damage restoration Norwich,water_damage_restoration,water damage restoration,urgent_remediation,Norwich,0,UNSPECIFIED,0,0.0000,0.0000,0.0000,explicit_city_query_under_uk_target,2026-09-03
water damage restoration Swansea,water damage restoration swansea,water damage restoration Swansea,water damage restoration Swansea,water_damage_restoration,water damage restoration,urgent_remediation,Swansea,0,UNSPECIFIED,0,0.0000,0.0000,0.0000,explicit_city_query_under_uk_target,2026-09-03
conservatory roof replacement Edinburgh,conservatory roof replacement edinburgh,conservatory roof replacement Edinburgh,conservatory roof replacement Edinburgh,conservatory_roof_replacement,conservatory roof replacement,high_ticket_home,Edinburgh,0,UNSPECIFIED,0,0.0000,0.0000,0.0000,explicit_city_query_under_uk_target,2026-09-03
conservatory roof replacement Aberdeen,conservatory roof replacement aberdeen,conservatory roof replacement Aberdeen,conservatory roof replacement Aberdeen,conservatory_roof_replacement,conservatory roof replacement,high_ticket_home,Aberdeen,0,UNSPECIFIED,0,0.0000,0.0000,0.0000,explicit_city_query_under_uk_target,2026-09-03
conservatory roof replacement Exeter,conservatory roof replacement exeter,conservatory roof replacement Exeter,conservatory roof replacement Exeter,conservatory_roof_replacement,conservatory roof replacement,high_ticket_home,Exeter,0,UNSPECIFIED,0,0.0000,0.0000,0.0000,explicit_city_query_under_uk_target,2026-09-03
conservatory roof replacement Swansea,conservatory roof replacement swansea,conservatory roof replacement Swansea,conservatory roof replacement Swansea,conservatory_roof_replacement,conservatory roof replacement,high_ticket_home,Swansea,0,UNSPECIFIED,0,0.0000,0.0000,0.0000,explicit_city_query_under_uk_target,2026-09-03
