rank,city,family,format,explicit_keyword,explicit_average_monthly_searches,explicit_average_cpc_gbp,explicit_competition_index,local_geo_keyword,local_geo_average_monthly_searches,local_geo_average_cpc_gbp,local_geo_competition_index,comparative_liquidity_index_100,index_method,evidence_note,observed_at
1,London,Performance and dance,Karaoke,karaoke London,8100,0.8011,62,karaoke near me,22200,0.2368,56,99,50% log-normalized explicit-city volume plus 50% log-normalized local-geo volume; comparison only,Separate overlapping signals; do not add explicit and local-geo searches,2026-09-03
2,London,Racket and team sport,Padel,padel London,8100,0.4394,15,padel near me,12100,0.2758,27,96,50% log-normalized explicit-city volume plus 50% log-normalized local-geo volume; comparison only,Separate overlapping signals; do not add explicit and local-geo searches,2026-09-03
3,London,Craft and making,Pottery painting,pottery painting London,9900,0.6394,99,pottery painting near me,4400,0.5730,34,92,50% log-normalized explicit-city volume plus 50% log-normalized local-geo volume; comparison only,Separate overlapping signals; do not add explicit and local-geo searches,2026-09-03
4,London,Craft and making,Pottery classes,pottery classes London,8100,1.2098,100,pottery classes near me,1600,0.7953,100,86,50% log-normalized explicit-city volume plus 50% log-normalized local-geo volume; comparison only,Separate overlapping signals; do not add explicit and local-geo searches,2026-09-03
5,London,Competitive experiences,Darts,darts London,2900,1.0607,42,darts near me,3600,0.3051,43,84,50% log-normalized explicit-city volume plus 50% log-normalized local-geo volume; comparison only,Separate overlapping signals; do not add explicit and local-geo searches,2026-09-03
6,London,Tabletop and games,Board-game cafes,board game cafe London,3600,0.4711,25,board game cafe near me,2400,0.2151,35,83,50% log-normalized explicit-city volume plus 50% log-normalized local-geo volume; comparison only,Separate overlapping signals; do not add explicit and local-geo searches,2026-09-03
7,Manchester,Performance and dance,Karaoke,karaoke Manchester,4400,0.5881,33,karaoke near me,1900,0.1786,19,83,50% log-normalized explicit-city volume plus 50% log-normalized local-geo volume; comparison only,Separate overlapping signals; do not add explicit and local-geo searches,2026-09-03
8,London,Food and drink,Cooking classes,cooking classes London,5400,1.0709,100,cooking classes near me,720,0.7315,100,80,50% log-normalized explicit-city volume plus 50% log-normalized local-geo volume; comparison only,Separate overlapping signals; do not add explicit and local-geo searches,2026-09-03
9,London,Craft and making,Sip and paint,sip and paint London,6600,0.9347,100,sip and paint near me,590,0.6580,96,80,50% log-normalized explicit-city volume plus 50% log-normalized local-geo volume; comparison only,Separate overlapping signals; do not add explicit and local-geo searches,2026-09-03
10,London,Food and drink,Wine tasting,wine tasting London,5400,0.9041,100,wine tasting near me,720,0.7771,100,80,50% log-normalized explicit-city volume plus 50% log-normalized local-geo volume; comparison only,Separate overlapping signals; do not add explicit and local-geo searches,2026-09-03
11,Birmingham,Craft and making,Pottery painting,pottery painting Birmingham,4400,0.1579,28,pottery painting near me,880,0.0916,18,79,50% log-normalized explicit-city volume plus 50% log-normalized local-geo volume; comparison only,Separate overlapping signals; do not add explicit and local-geo searches,2026-09-03
12,Manchester,Racket and team sport,Padel,padel Manchester,4400,0.4957,4,padel near me,880,0.2445,6,79,50% log-normalized explicit-city volume plus 50% log-normalized local-geo volume; comparison only,Separate overlapping signals; do not add explicit and local-geo searches,2026-09-03
13,Birmingham,Performance and dance,Karaoke,karaoke Birmingham,2900,0.6023,19,karaoke near me,1000,0.4124,20,78,50% log-normalized explicit-city volume plus 50% log-normalized local-geo volume; comparison only,Separate overlapping signals; do not add explicit and local-geo searches,2026-09-03
14,Bristol,Racket and team sport,Padel,padel Bristol,3600,0.3956,3,padel near me,880,0.2357,8,78,50% log-normalized explicit-city volume plus 50% log-normalized local-geo volume; comparison only,Separate overlapping signals; do not add explicit and local-geo searches,2026-09-03
15,Birmingham,Racket and team sport,Padel,padel Birmingham,2900,0.2673,5,padel near me,880,0.2520,8,77,50% log-normalized explicit-city volume plus 50% log-normalized local-geo volume; comparison only,Separate overlapping signals; do not add explicit and local-geo searches,2026-09-03
16,Edinburgh,Performance and dance,Karaoke,karaoke Edinburgh,2900,0.5772,20,karaoke near me,880,0.1702,18,77,50% log-normalized explicit-city volume plus 50% log-normalized local-geo volume; comparison only,Separate overlapping signals; do not add explicit and local-geo searches,2026-09-03
17,Glasgow,Performance and dance,Karaoke,karaoke Glasgow,2900,0.4560,2,karaoke near me,880,0.1077,7,77,50% log-normalized explicit-city volume plus 50% log-normalized local-geo volume; comparison only,Separate overlapping signals; do not add explicit and local-geo searches,2026-09-03
18,Bristol,Performance and dance,Karaoke,karaoke Bristol,2400,0.5742,32,karaoke near me,880,0.1529,24,76,50% log-normalized explicit-city volume plus 50% log-normalized local-geo volume; comparison only,Separate overlapping signals; do not add explicit and local-geo searches,2026-09-03
19,Leeds,Performance and dance,Karaoke,karaoke Leeds,2900,0.5787,22,karaoke near me,720,0.2258,17,76,50% log-normalized explicit-city volume plus 50% log-normalized local-geo volume; comparison only,Separate overlapping signals; do not add explicit and local-geo searches,2026-09-03
20,Manchester,Craft and making,Pottery painting,pottery painting Manchester,4400,0.4147,100,pottery painting near me,480,0.1997,18,76,50% log-normalized explicit-city volume plus 50% log-normalized local-geo volume; comparison only,Separate overlapping signals; do not add explicit and local-geo searches,2026-09-03
21,Liverpool,Performance and dance,Karaoke,karaoke Liverpool,2400,0.4263,24,karaoke near me,720,0.0950,31,75,50% log-normalized explicit-city volume plus 50% log-normalized local-geo volume; comparison only,Separate overlapping signals; do not add explicit and local-geo searches,2026-09-03
22,London,Social and relationship,Speed dating,speed dating London,5400,1.3328,54,speed dating near me,260,1.4120,58,75,50% log-normalized explicit-city volume plus 50% log-normalized local-geo volume; comparison only,Separate overlapping signals; do not add explicit and local-geo searches,2026-09-03
23,Bristol,Craft and making,Pottery painting,pottery painting Bristol,2900,0.3203,20,pottery painting near me,390,0.1955,17,73,50% log-normalized explicit-city volume plus 50% log-normalized local-geo volume; comparison only,Separate overlapping signals; do not add explicit and local-geo searches,2026-09-03
24,Glasgow,Racket and team sport,Padel,padel Glasgow,2900,0.4496,4,padel near me,390,0.2304,9,73,50% log-normalized explicit-city volume plus 50% log-normalized local-geo volume; comparison only,Separate overlapping signals; do not add explicit and local-geo searches,2026-09-03
25,Leeds,Racket and team sport,Padel,padel Leeds,2400,0.6491,4,padel near me,480,0.5072,4,73,50% log-normalized explicit-city volume plus 50% log-normalized local-geo volume; comparison only,Separate overlapping signals; do not add explicit and local-geo searches,2026-09-03
26,London,Performance and dance,Acting classes,acting classes London,2900,3.1965,71,acting classes near me,390,2.4008,65,73,50% log-normalized explicit-city volume plus 50% log-normalized local-geo volume; comparison only,Separate overlapping signals; do not add explicit and local-geo searches,2026-09-03
27,London,Craft and making,Sewing classes,sewing classes London,1600,0.9611,100,sewing classes near me,720,0.5498,99,73,50% log-normalized explicit-city volume plus 50% log-normalized local-geo volume; comparison only,Separate overlapping signals; do not add explicit and local-geo searches,2026-09-03
28,Liverpool,Racket and team sport,Padel,padel Liverpool,2400,0.9289,2,padel near me,390,0.8891,13,72,50% log-normalized explicit-city volume plus 50% log-normalized local-geo volume; comparison only,Separate overlapping signals; do not add explicit and local-geo searches,2026-09-03
29,London,Performance and dance,Salsa classes,salsa classes London,1600,0.8614,76,salsa classes near me,590,0.7677,44,72,50% log-normalized explicit-city volume plus 50% log-normalized local-geo volume; comparison only,Separate overlapping signals; do not add explicit and local-geo searches,2026-09-03
30,Manchester,Competitive experiences,Darts,darts Manchester,2900,1.0054,45,darts near me,320,0.2506,33,72,50% log-normalized explicit-city volume plus 50% log-normalized local-geo volume; comparison only,Separate overlapping signals; do not add explicit and local-geo searches,2026-09-03
31,Glasgow,Craft and making,Pottery painting,pottery painting Glasgow,3600,0.3731,2,pottery painting near me,210,0.1907,6,71,50% log-normalized explicit-city volume plus 50% log-normalized local-geo volume; comparison only,Separate overlapping signals; do not add explicit and local-geo searches,2026-09-03
32,Leeds,Craft and making,Pottery painting,pottery painting Leeds,2400,0.3043,26,pottery painting near me,320,0.1339,11,71,50% log-normalized explicit-city volume plus 50% log-normalized local-geo volume; comparison only,Separate overlapping signals; do not add explicit and local-geo searches,2026-09-03
33,London,Tabletop and games,Chess clubs,chess club London,1600,1.0599,5,chess club near me,480,0.5296,11,71,50% log-normalized explicit-city volume plus 50% log-normalized local-geo volume; comparison only,Separate overlapping signals; do not add explicit and local-geo searches,2026-09-03
34,London,Performance and dance,Line dancing,line dancing London,1300,1.3618,43,line dancing near me,590,2.9928,20,71,50% log-normalized explicit-city volume plus 50% log-normalized local-geo volume; comparison only,Separate overlapping signals; do not add explicit and local-geo searches,2026-09-03
35,London,Outdoor and endurance,Running clubs,running clubs London,1300,1.7135,13,running clubs near me,590,1.8143,22,71,50% log-normalized explicit-city volume plus 50% log-normalized local-geo volume; comparison only,Separate overlapping signals; do not add explicit and local-geo searches,2026-09-03
36,Edinburgh,Racket and team sport,Padel,padel Edinburgh,1900,0.4918,6,padel near me,260,0.4281,4,69,50% log-normalized explicit-city volume plus 50% log-normalized local-geo volume; comparison only,Separate overlapping signals; do not add explicit and local-geo searches,2026-09-03
37,Nottingham,Performance and dance,Karaoke,karaoke Nottingham,1900,0.5806,29,karaoke near me,260,0.1629,23,69,50% log-normalized explicit-city volume plus 50% log-normalized local-geo volume; comparison only,Separate overlapping signals; do not add explicit and local-geo searches,2026-09-03
38,Sheffield,Racket and team sport,Padel,padel Sheffield,2900,0.4341,1,padel near me,170,0.1040,7,69,50% log-normalized explicit-city volume plus 50% log-normalized local-geo volume; comparison only,Separate overlapping signals; do not add explicit and local-geo searches,2026-09-03
39,Belfast,Performance and dance,Karaoke,karaoke Belfast,1600,0.6737,28,karaoke near me,260,0.1725,7,68,50% log-normalized explicit-city volume plus 50% log-normalized local-geo volume; comparison only,Separate overlapping signals; do not add explicit and local-geo searches,2026-09-03
40,Glasgow,Competitive experiences,Darts,darts Glasgow,2400,1.0368,45,darts near me,170,0.2557,41,68,50% log-normalized explicit-city volume plus 50% log-normalized local-geo volume; comparison only,Separate overlapping signals; do not add explicit and local-geo searches,2026-09-03
41,Liverpool,Craft and making,Pottery painting,pottery painting Liverpool,1900,0.2752,18,pottery painting near me,210,0.1431,14,68,50% log-normalized explicit-city volume plus 50% log-normalized local-geo volume; comparison only,Separate overlapping signals; do not add explicit and local-geo searches,2026-09-03
42,Sheffield,Performance and dance,Karaoke,karaoke Sheffield,1300,0.5134,21,karaoke near me,320,0.1587,23,68,50% log-normalized explicit-city volume plus 50% log-normalized local-geo volume; comparison only,Separate overlapping signals; do not add explicit and local-geo searches,2026-09-03
43,Sheffield,Craft and making,Pottery painting,pottery painting Sheffield,2400,0.4212,3,pottery painting near me,170,0.4222,13,68,50% log-normalized explicit-city volume plus 50% log-normalized local-geo volume; comparison only,Separate overlapping signals; do not add explicit and local-geo searches,2026-09-03
44,Birmingham,Competitive experiences,Darts,darts Birmingham,1600,1.0440,38,darts near me,210,0.3014,32,67,50% log-normalized explicit-city volume plus 50% log-normalized local-geo volume; comparison only,Separate overlapping signals; do not add explicit and local-geo searches,2026-09-03
45,Cardiff,Performance and dance,Karaoke,karaoke Cardiff,1600,0.8309,33,karaoke near me,210,0.2697,22,67,50% log-normalized explicit-city volume plus 50% log-normalized local-geo volume; comparison only,Separate overlapping signals; do not add explicit and local-geo searches,2026-09-03
46,Cardiff,Racket and team sport,Padel,padel Cardiff,2400,0.3694,25,padel near me,140,0.3151,22,67,50% log-normalized explicit-city volume plus 50% log-normalized local-geo volume; comparison only,Separate overlapping signals; do not add explicit and local-geo searches,2026-09-03
47,Liverpool,Competitive experiences,Darts,darts Liverpool,1600,0.7639,40,darts near me,210,0.3045,37,67,50% log-normalized explicit-city volume plus 50% log-normalized local-geo volume; comparison only,Separate overlapping signals; do not add explicit and local-geo searches,2026-09-03
48,Manchester,Craft and making,Pottery classes,pottery classes Manchester,2400,0.8994,100,pottery classes near me,110,0.6556,87,66,50% log-normalized explicit-city volume plus 50% log-normalized local-geo volume; comparison only,Separate overlapping signals; do not add explicit and local-geo searches,2026-09-03
49,London,Tabletop and games,Dungeons & Dragons,dungeons and dragons London,1000,0.8999,7,dungeons and dragons near me,260,0.1706,19,65,50% log-normalized explicit-city volume plus 50% log-normalized local-geo volume; comparison only,Separate overlapping signals; do not add explicit and local-geo searches,2026-09-03
50,London,Craft and making,General art workshops,art workshops London,2400,1.1843,100,art workshops near me,90,0.5826,87,65,50% log-normalized explicit-city volume plus 50% log-normalized local-geo volume; comparison only,Separate overlapping signals; do not add explicit and local-geo searches,2026-09-03
51,Nottingham,Racket and team sport,Padel,padel Nottingham,2900,0.2691,3,padel near me,70,0.1732,11,65,50% log-normalized explicit-city volume plus 50% log-normalized local-geo volume; comparison only,Separate overlapping signals; do not add explicit and local-geo searches,2026-09-03
52,Birmingham,Craft and making,Pottery classes,pottery classes Birmingham,880,0.5975,100,pottery classes near me,210,0.4685,95,64,50% log-normalized explicit-city volume plus 50% log-normalized local-geo volume; comparison only,Separate overlapping signals; do not add explicit and local-geo searches,2026-09-03
53,Edinburgh,Craft and making,Pottery painting,pottery painting Edinburgh,1600,0.7901,17,pottery painting near me,110,0.0000,6,64,50% log-normalized explicit-city volume plus 50% log-normalized local-geo volume; comparison only,Separate overlapping signals; do not add explicit and local-geo searches,2026-09-03
54,Leeds,Competitive experiences,Darts,darts Leeds,1600,1.1541,48,darts near me,110,0.1174,34,64,50% log-normalized explicit-city volume plus 50% log-normalized local-geo volume; comparison only,Separate overlapping signals; do not add explicit and local-geo searches,2026-09-03
55,London,Racket and team sport,Volleyball,volleyball clubs London,390,1.2792,9,volleyball clubs near me,590,0.4558,9,64,50% log-normalized explicit-city volume plus 50% log-normalized local-geo volume; comparison only,Separate overlapping signals; do not add explicit and local-geo searches,2026-09-03
56,Birmingham,Tabletop and games,Board-game cafes,board game cafe Birmingham,880,0.0750,7,board game cafe near me,170,0.0625,19,63,50% log-normalized explicit-city volume plus 50% log-normalized local-geo volume; comparison only,Separate overlapping signals; do not add explicit and local-geo searches,2026-09-03
57,Bristol,Tabletop and games,Board-game cafes,board game cafe Bristol,880,0.6282,6,board game cafe near me,170,0.1325,7,63,50% log-normalized explicit-city volume plus 50% log-normalized local-geo volume; comparison only,Separate overlapping signals; do not add explicit and local-geo searches,2026-09-03
58,Bristol,Craft and making,Pottery classes,pottery classes Bristol,1000,0.9220,100,pottery classes near me,170,0.3903,90,63,50% log-normalized explicit-city volume plus 50% log-normalized local-geo volume; comparison only,Separate overlapping signals; do not add explicit and local-geo searches,2026-09-03
59,Reading,Craft and making,Pottery painting,pottery painting Reading,880,0.1064,3,pottery painting near me,170,1.0846,9,63,50% log-normalized explicit-city volume plus 50% log-normalized local-geo volume; comparison only,Separate overlapping signals; do not add explicit and local-geo searches,2026-09-03
60,Belfast,Racket and team sport,Padel,padel Belfast,1300,0.2537,2,padel near me,110,0.1703,9,62,50% log-normalized explicit-city volume plus 50% log-normalized local-geo volume; comparison only,Separate overlapping signals; do not add explicit and local-geo searches,2026-09-03
61,Edinburgh,Craft and making,Pottery classes,pottery classes Edinburgh,1300,0.6825,94,pottery classes near me,90,0.0000,21,62,50% log-normalized explicit-city volume plus 50% log-normalized local-geo volume; comparison only,Separate overlapping signals; do not add explicit and local-geo searches,2026-09-03
62,Reading,Racket and team sport,Padel,padel Reading,880,0.6479,3,padel near me,140,0.1650,19,62,50% log-normalized explicit-city volume plus 50% log-normalized local-geo volume; comparison only,Separate overlapping signals; do not add explicit and local-geo searches,2026-09-03
63,Bristol,Competitive experiences,Darts,darts Bristol,590,1.2573,49,darts near me,210,0.3142,32,61,50% log-normalized explicit-city volume plus 50% log-normalized local-geo volume; comparison only,Separate overlapping signals; do not add explicit and local-geo searches,2026-09-03
64,Edinburgh,Competitive experiences,Darts,darts Edinburgh,720,1.0750,43,darts near me,170,0.1980,36,61,50% log-normalized explicit-city volume plus 50% log-normalized local-geo volume; comparison only,Separate overlapping signals; do not add explicit and local-geo searches,2026-09-03
65,Manchester,Tabletop and games,Board-game cafes,board game cafe Manchester,720,0.5130,7,board game cafe near me,170,0.0145,9,61,50% log-normalized explicit-city volume plus 50% log-normalized local-geo volume; comparison only,Separate overlapping signals; do not add explicit and local-geo searches,2026-09-03
66,Newcastle,Craft and making,Pottery painting,pottery painting Newcastle,1900,0.1600,10,pottery painting near me,50,0.1474,12,61,50% log-normalized explicit-city volume plus 50% log-normalized local-geo volume; comparison only,Separate overlapping signals; do not add explicit and local-geo searches,2026-09-03
67,Nottingham,Craft and making,Pottery painting,pottery painting Nottingham,1900,0.1348,6,pottery painting near me,50,0.1676,21,61,50% log-normalized explicit-city volume plus 50% log-normalized local-geo volume; comparison only,Separate overlapping signals; do not add explicit and local-geo searches,2026-09-03
68,Southampton,Craft and making,Pottery painting,pottery painting Southampton,1000,0.5768,4,pottery painting near me,110,0.2306,14,61,50% log-normalized explicit-city volume plus 50% log-normalized local-geo volume; comparison only,Separate overlapping signals; do not add explicit and local-geo searches,2026-09-03
69,Belfast,Competitive experiences,Darts,darts Belfast,1300,1.0118,16,darts near me,70,0.0000,15,60,50% log-normalized explicit-city volume plus 50% log-normalized local-geo volume; comparison only,Separate overlapping signals; do not add explicit and local-geo searches,2026-09-03
70,Cardiff,Competitive experiences,Darts,darts Cardiff,1600,1.2366,46,darts near me,50,0.3472,42,60,50% log-normalized explicit-city volume plus 50% log-normalized local-geo volume; comparison only,Separate overlapping signals; do not add explicit and local-geo searches,2026-09-03
71,Glasgow,Craft and making,Pottery classes,pottery classes Glasgow,880,0.7988,34,pottery classes near me,110,0.3962,42,60,50% log-normalized explicit-city volume plus 50% log-normalized local-geo volume; comparison only,Separate overlapping signals; do not add explicit and local-geo searches,2026-09-03
72,Manchester,Food and drink,Cooking classes,cooking classes Manchester,1600,0.8587,100,cooking classes near me,50,0.9461,96,60,50% log-normalized explicit-city volume plus 50% log-normalized local-geo volume; comparison only,Separate overlapping signals; do not add explicit and local-geo searches,2026-09-03
73,Reading,Performance and dance,Karaoke,karaoke Reading,720,0.2159,7,karaoke near me,140,0.4471,18,60,50% log-normalized explicit-city volume plus 50% log-normalized local-geo volume; comparison only,Separate overlapping signals; do not add explicit and local-geo searches,2026-09-03
74,Sheffield,Tabletop and games,Board-game cafes,board game cafe Sheffield,1000,0.0000,0,board game cafe near me,90,0.0158,10,60,50% log-normalized explicit-city volume plus 50% log-normalized local-geo volume; comparison only,Separate overlapping signals; do not add explicit and local-geo searches,2026-09-03
75,Southampton,Performance and dance,Karaoke,karaoke Southampton,880,0.5733,7,karaoke near me,110,0.3203,13,60,50% log-normalized explicit-city volume plus 50% log-normalized local-geo volume; comparison only,Separate overlapping signals; do not add explicit and local-geo searches,2026-09-03
76,Cardiff,Craft and making,Pottery painting,pottery painting Cardiff,1000,0.3079,14,pottery painting near me,70,0.2325,14,59,50% log-normalized explicit-city volume plus 50% log-normalized local-geo volume; comparison only,Separate overlapping signals; do not add explicit and local-geo searches,2026-09-03
77,London,"Wellness, spa and retreats",Spa retreats,spa retreats London,480,0.6341,100,spa retreat near me,170,0.4960,98,59,50% log-normalized explicit-city volume plus 50% log-normalized local-geo volume; comparison only,Separate overlapping signals; do not add explicit and local-geo searches,2026-09-03
78,Manchester,Food and drink,Wine tasting,wine tasting Manchester,1600,0.5973,100,wine tasting near me,40,0.4893,98,59,50% log-normalized explicit-city volume plus 50% log-normalized local-geo volume; comparison only,Separate overlapping signals; do not add explicit and local-geo searches,2026-09-03
79,Sheffield,Competitive experiences,Darts,darts Sheffield,1000,0.6677,23,darts near me,70,0.2992,39,59,50% log-normalized explicit-city volume plus 50% log-normalized local-geo volume; comparison only,Separate overlapping signals; do not add explicit and local-geo searches,2026-09-03
80,Birmingham,Food and drink,Cooking classes,cooking classes Birmingham,590,0.8172,100,cooking classes near me,110,0.8701,100,58,50% log-normalized explicit-city volume plus 50% log-normalized local-geo volume; comparison only,Separate overlapping signals; do not add explicit and local-geo searches,2026-09-03
81,Birmingham,Craft and making,Sip and paint,sip and paint Birmingham,880,0.8445,100,sip and paint near me,70,0.3550,99,58,50% log-normalized explicit-city volume plus 50% log-normalized local-geo volume; comparison only,Separate overlapping signals; do not add explicit and local-geo searches,2026-09-03
82,Birmingham,Food and drink,Wine tasting,wine tasting Birmingham,880,0.8169,98,wine tasting near me,70,1.1538,94,58,50% log-normalized explicit-city volume plus 50% log-normalized local-geo volume; comparison only,Separate overlapping signals; do not add explicit and local-geo searches,2026-09-03
83,London,Racket and team sport,Netball,netball clubs London,170,1.8627,34,netball clubs near me,390,1.7744,34,58,50% log-normalized explicit-city volume plus 50% log-normalized local-geo volume; comparison only,Separate overlapping signals; do not add explicit and local-geo searches,2026-09-03
84,Newcastle,Racket and team sport,Padel,padel Newcastle,1300,1.1853,30,padel near me,40,0.0000,2,58,50% log-normalized explicit-city volume plus 50% log-normalized local-geo volume; comparison only,Separate overlapping signals; do not add explicit and local-geo searches,2026-09-03
85,Southampton,Racket and team sport,Padel,padel Southampton,880,0.9688,2,padel near me,70,1.8710,5,58,50% log-normalized explicit-city volume plus 50% log-normalized local-geo volume; comparison only,Separate overlapping signals; do not add explicit and local-geo searches,2026-09-03
86,Leeds,Craft and making,Pottery classes,pottery classes Leeds,590,0.5348,100,pottery classes near me,90,0.7031,96,57,50% log-normalized explicit-city volume plus 50% log-normalized local-geo volume; comparison only,Separate overlapping signals; do not add explicit and local-geo searches,2026-09-03
87,Liverpool,Craft and making,Pottery classes,pottery classes Liverpool,720,0.8098,100,pottery classes near me,70,0.2290,98,57,50% log-normalized explicit-city volume plus 50% log-normalized local-geo volume; comparison only,Separate overlapping signals; do not add explicit and local-geo searches,2026-09-03
88,London,Nature and animals,Nature walks,nature walks London,210,5.4176,12,nature walks near me,260,0.6816,9,57,50% log-normalized explicit-city volume plus 50% log-normalized local-geo volume; comparison only,Separate overlapping signals; do not add explicit and local-geo searches,2026-09-03
89,Birmingham,Performance and dance,Line dancing,line dancing Birmingham,260,0.9088,4,line dancing near me,170,1.7873,1,56,50% log-normalized explicit-city volume plus 50% log-normalized local-geo volume; comparison only,Separate overlapping signals; do not add explicit and local-geo searches,2026-09-03
90,Bristol,Food and drink,Wine tasting,wine tasting Bristol,880,0.6554,99,wine tasting near me,50,0.3574,92,56,50% log-normalized explicit-city volume plus 50% log-normalized local-geo volume; comparison only,Separate overlapping signals; do not add explicit and local-geo searches,2026-09-03
91,Edinburgh,Tabletop and games,Board-game cafes,board game cafe Edinburgh,390,0.6999,12,board game cafe near me,110,0.1032,16,56,50% log-normalized explicit-city volume plus 50% log-normalized local-geo volume; comparison only,Separate overlapping signals; do not add explicit and local-geo searches,2026-09-03
92,Glasgow,Food and drink,Cooking classes,cooking classes Glasgow,880,0.4793,97,cooking classes near me,50,1.3696,94,56,50% log-normalized explicit-city volume plus 50% log-normalized local-geo volume; comparison only,Separate overlapping signals; do not add explicit and local-geo searches,2026-09-03
93,Glasgow,Performance and dance,Line dancing,line dancing Glasgow,320,1.7794,2,line dancing near me,140,0.0893,1,56,50% log-normalized explicit-city volume plus 50% log-normalized local-geo volume; comparison only,Separate overlapping signals; do not add explicit and local-geo searches,2026-09-03
94,Manchester,Craft and making,Sip and paint,sip and paint Manchester,1000,0.7681,100,sip and paint near me,40,0.4814,98,56,50% log-normalized explicit-city volume plus 50% log-normalized local-geo volume; comparison only,Separate overlapping signals; do not add explicit and local-geo searches,2026-09-03
95,Newcastle,Performance and dance,Karaoke,karaoke Newcastle,1300,0.4340,12,karaoke near me,30,0.1186,16,56,50% log-normalized explicit-city volume plus 50% log-normalized local-geo volume; comparison only,Separate overlapping signals; do not add explicit and local-geo searches,2026-09-03
96,Nottingham,Competitive experiences,Darts,darts Nottingham,1000,0.8543,20,darts near me,40,0.1605,42,56,50% log-normalized explicit-city volume plus 50% log-normalized local-geo volume; comparison only,Separate overlapping signals; do not add explicit and local-geo searches,2026-09-03
97,Belfast,Craft and making,Pottery painting,pottery painting Belfast,880,0.9363,1,pottery painting near me,40,0.0000,3,55,50% log-normalized explicit-city volume plus 50% log-normalized local-geo volume; comparison only,Separate overlapping signals; do not add explicit and local-geo searches,2026-09-03
98,Edinburgh,Food and drink,Cooking classes,cooking classes Edinburgh,1000,1.1019,100,cooking classes near me,30,1.5590,53,55,50% log-normalized explicit-city volume plus 50% log-normalized local-geo volume; comparison only,Separate overlapping signals; do not add explicit and local-geo searches,2026-09-03
99,Edinburgh,Food and drink,Wine tasting,wine tasting Edinburgh,1000,0.9152,100,wine tasting near me,30,0.0000,67,55,50% log-normalized explicit-city volume plus 50% log-normalized local-geo volume; comparison only,Separate overlapping signals; do not add explicit and local-geo searches,2026-09-03
100,Leeds,Food and drink,Cooking classes,cooking classes Leeds,720,0.5020,100,cooking classes near me,50,0.6088,88,55,50% log-normalized explicit-city volume plus 50% log-normalized local-geo volume; comparison only,Separate overlapping signals; do not add explicit and local-geo searches,2026-09-03
101,London,Tabletop and games,Quiz nights,quiz night London,170,2.7645,32,quiz night near me,210,0.9391,7,55,50% log-normalized explicit-city volume plus 50% log-normalized local-geo volume; comparison only,Separate overlapping signals; do not add explicit and local-geo searches,2026-09-03
102,Manchester,Performance and dance,Acting classes,acting classes Manchester,880,1.7361,33,acting classes near me,40,1.6457,67,55,50% log-normalized explicit-city volume plus 50% log-normalized local-geo volume; comparison only,Separate overlapping signals; do not add explicit and local-geo searches,2026-09-03
103,Birmingham,Craft and making,Sewing classes,sewing classes Birmingham,260,1.0355,27,sewing classes near me,110,0.5150,67,54,50% log-normalized explicit-city volume plus 50% log-normalized local-geo volume; comparison only,Separate overlapping signals; do not add explicit and local-geo searches,2026-09-03
104,Bristol,Food and drink,Cooking classes,cooking classes Bristol,590,0.8430,100,cooking classes near me,50,0.4301,93,54,50% log-normalized explicit-city volume plus 50% log-normalized local-geo volume; comparison only,Separate overlapping signals; do not add explicit and local-geo searches,2026-09-03
105,Cardiff,Craft and making,Pottery classes,pottery classes Cardiff,720,0.5572,99,pottery classes near me,40,2.6050,100,54,50% log-normalized explicit-city volume plus 50% log-normalized local-geo volume; comparison only,Separate overlapping signals; do not add explicit and local-geo searches,2026-09-03
106,Glasgow,Tabletop and games,Quiz nights,quiz night Glasgow,1300,0.2420,1,quiz night near me,20,0.0000,4,54,50% log-normalized explicit-city volume plus 50% log-normalized local-geo volume; comparison only,Separate overlapping signals; do not add explicit and local-geo searches,2026-09-03
107,Glasgow,Craft and making,Sewing classes,sewing classes Glasgow,390,0.7465,12,sewing classes near me,70,0.4391,32,54,50% log-normalized explicit-city volume plus 50% log-normalized local-geo volume; comparison only,Separate overlapping signals; do not add explicit and local-geo searches,2026-09-03
108,Leeds,Food and drink,Wine tasting,wine tasting Leeds,720,0.7133,100,wine tasting near me,40,0.9367,95,54,50% log-normalized explicit-city volume plus 50% log-normalized local-geo volume; comparison only,Separate overlapping signals; do not add explicit and local-geo searches,2026-09-03
109,Manchester,Outdoor and endurance,Running clubs,running clubs Manchester,720,1.5707,6,running clubs near me,40,1.6228,18,54,50% log-normalized explicit-city volume plus 50% log-normalized local-geo volume; comparison only,Separate overlapping signals; do not add explicit and local-geo searches,2026-09-03
110,Birmingham,Performance and dance,Salsa classes,salsa classes Birmingham,320,0.6263,13,salsa classes near me,70,0.1072,14,53,50% log-normalized explicit-city volume plus 50% log-normalized local-geo volume; comparison only,Separate overlapping signals; do not add explicit and local-geo searches,2026-09-03
111,Bristol,Performance and dance,Line dancing,line dancing Bristol,260,0.8354,4,line dancing near me,90,0.0000,10,53,50% log-normalized explicit-city volume plus 50% log-normalized local-geo volume; comparison only,Separate overlapping signals; do not add explicit and local-geo searches,2026-09-03
112,Glasgow,Food and drink,Wine tasting,wine tasting Glasgow,1000,0.7473,99,wine tasting near me,20,0.0000,100,53,50% log-normalized explicit-city volume plus 50% log-normalized local-geo volume; comparison only,Separate overlapping signals; do not add explicit and local-geo searches,2026-09-03
113,Liverpool,Food and drink,Cooking classes,cooking classes Liverpool,720,0.8264,98,cooking classes near me,30,0.6957,100,53,50% log-normalized explicit-city volume plus 50% log-normalized local-geo volume; comparison only,Separate overlapping signals; do not add explicit and local-geo searches,2026-09-03
114,Manchester,Performance and dance,Line dancing,line dancing Manchester,320,1.7348,3,line dancing near me,70,0.0000,6,53,50% log-normalized explicit-city volume plus 50% log-normalized local-geo volume; comparison only,Separate overlapping signals; do not add explicit and local-geo searches,2026-09-03
115,Newcastle,Competitive experiences,Darts,darts Newcastle,1900,0.7737,53,darts near me,10,0.0000,0,53,50% log-normalized explicit-city volume plus 50% log-normalized local-geo volume; comparison only,Separate overlapping signals; do not add explicit and local-geo searches,2026-09-03
116,Birmingham,Performance and dance,Acting classes,acting classes Birmingham,260,1.4808,44,acting classes near me,70,2.7565,50,52,50% log-normalized explicit-city volume plus 50% log-normalized local-geo volume; comparison only,Separate overlapping signals; do not add explicit and local-geo searches,2026-09-03
117,Bristol,Tabletop and games,Quiz nights,quiz night Bristol,880,0.4684,1,quiz night near me,20,0.0000,0,52,50% log-normalized explicit-city volume plus 50% log-normalized local-geo volume; comparison only,Separate overlapping signals; do not add explicit and local-geo searches,2026-09-03
118,Bristol,Craft and making,Sip and paint,sip and paint Bristol,590,0.9910,100,sip and paint near me,30,0.2854,100,52,50% log-normalized explicit-city volume plus 50% log-normalized local-geo volume; comparison only,Separate overlapping signals; do not add explicit and local-geo searches,2026-09-03
119,Edinburgh,Tabletop and games,Quiz nights,quiz night Edinburgh,1600,0.4177,1,quiz night near me,10,0.0000,4,52,50% log-normalized explicit-city volume plus 50% log-normalized local-geo volume; comparison only,Separate overlapping signals; do not add explicit and local-geo searches,2026-09-03
120,Glasgow,Tabletop and games,Board-game cafes,board game cafe Glasgow,260,0.3692,4,board game cafe near me,70,0.0142,9,52,50% log-normalized explicit-city volume plus 50% log-normalized local-geo volume; comparison only,Separate overlapping signals; do not add explicit and local-geo searches,2026-09-03
121,Leeds,Tabletop and games,Board-game cafes,board game cafe Leeds,390,0.4625,2,board game cafe near me,50,0.0142,11,52,50% log-normalized explicit-city volume plus 50% log-normalized local-geo volume; comparison only,Separate overlapping signals; do not add explicit and local-geo searches,2026-09-03
122,Leeds,Performance and dance,Line dancing,line dancing Leeds,260,0.4507,8,line dancing near me,70,0.5526,3,52,50% log-normalized explicit-city volume plus 50% log-normalized local-geo volume; comparison only,Separate overlapping signals; do not add explicit and local-geo searches,2026-09-03
123,Liverpool,Food and drink,Wine tasting,wine tasting Liverpool,880,0.4756,99,wine tasting near me,20,0.8169,100,52,50% log-normalized explicit-city volume plus 50% log-normalized local-geo volume; comparison only,Separate overlapping signals; do not add explicit and local-geo searches,2026-09-03
124,Manchester,Craft and making,Sewing classes,sewing classes Manchester,390,0.4238,100,sewing classes near me,50,1.0055,79,52,50% log-normalized explicit-city volume plus 50% log-normalized local-geo volume; comparison only,Separate overlapping signals; do not add explicit and local-geo searches,2026-09-03
125,Sheffield,Craft and making,Pottery classes,pottery classes Sheffield,590,0.9328,96,pottery classes near me,30,0.5367,48,52,50% log-normalized explicit-city volume plus 50% log-normalized local-geo volume; comparison only,Separate overlapping signals; do not add explicit and local-geo searches,2026-09-03
126,Glasgow,Performance and dance,Acting classes,acting classes Glasgow,390,1.1603,31,acting classes near me,40,1.8744,38,51,50% log-normalized explicit-city volume plus 50% log-normalized local-geo volume; comparison only,Separate overlapping signals; do not add explicit and local-geo searches,2026-09-03
127,Manchester,Performance and dance,Salsa classes,salsa classes Manchester,480,0.9044,17,salsa classes near me,30,0.0000,8,51,50% log-normalized explicit-city volume plus 50% log-normalized local-geo volume; comparison only,Separate overlapping signals; do not add explicit and local-geo searches,2026-09-03
128,Belfast,Food and drink,Cooking classes,cooking classes Belfast,590,1.6500,10,cooking classes near me,20,0.0000,40,50,50% log-normalized explicit-city volume plus 50% log-normalized local-geo volume; comparison only,Separate overlapping signals; do not add explicit and local-geo searches,2026-09-03
129,Belfast,Craft and making,Pottery classes,pottery classes Belfast,390,0.7258,5,pottery classes near me,30,0.0400,8,50,50% log-normalized explicit-city volume plus 50% log-normalized local-geo volume; comparison only,Separate overlapping signals; do not add explicit and local-geo searches,2026-09-03
130,Birmingham,Outdoor and endurance,Running clubs,running clubs Birmingham,210,1.1622,9,running clubs near me,70,1.9336,18,50,50% log-normalized explicit-city volume plus 50% log-normalized local-geo volume; comparison only,Separate overlapping signals; do not add explicit and local-geo searches,2026-09-03
131,Bristol,Craft and making,Sewing classes,sewing classes Bristol,320,0.4616,100,sewing classes near me,40,0.4259,88,50,50% log-normalized explicit-city volume plus 50% log-normalized local-geo volume; comparison only,Separate overlapping signals; do not add explicit and local-geo searches,2026-09-03
132,Cardiff,Tabletop and games,Board-game cafes,board game cafe Cardiff,390,0.0000,0,board game cafe near me,30,0.0000,5,50,50% log-normalized explicit-city volume plus 50% log-normalized local-geo volume; comparison only,Separate overlapping signals; do not add explicit and local-geo searches,2026-09-03
133,Edinburgh,Craft and making,Sewing classes,sewing classes Edinburgh,390,0.3866,61,sewing classes near me,30,0.1587,45,50,50% log-normalized explicit-city volume plus 50% log-normalized local-geo volume; comparison only,Separate overlapping signals; do not add explicit and local-geo searches,2026-09-03
134,Glasgow,Outdoor and endurance,Running clubs,running clubs Glasgow,260,0.5475,6,running clubs near me,50,0.0000,15,50,50% log-normalized explicit-city volume plus 50% log-normalized local-geo volume; comparison only,Separate overlapping signals; do not add explicit and local-geo searches,2026-09-03
135,Leeds,Tabletop and games,Quiz nights,quiz night Leeds,590,0.7073,3,quiz night near me,20,0.0000,3,50,50% log-normalized explicit-city volume plus 50% log-normalized local-geo volume; comparison only,Separate overlapping signals; do not add explicit and local-geo searches,2026-09-03
136,Leeds,Craft and making,Sewing classes,sewing classes Leeds,260,0.9523,20,sewing classes near me,50,0.5066,35,50,50% log-normalized explicit-city volume plus 50% log-normalized local-geo volume; comparison only,Separate overlapping signals; do not add explicit and local-geo searches,2026-09-03
137,Leeds,Craft and making,Sip and paint,sip and paint Leeds,590,1.2908,100,sip and paint near me,20,0.5803,100,50,50% log-normalized explicit-city volume plus 50% log-normalized local-geo volume; comparison only,Separate overlapping signals; do not add explicit and local-geo searches,2026-09-03
138,Liverpool,Tabletop and games,Quiz nights,quiz night Liverpool,590,0.0000,2,quiz night near me,20,0.2534,5,50,50% log-normalized explicit-city volume plus 50% log-normalized local-geo volume; comparison only,Separate overlapping signals; do not add explicit and local-geo searches,2026-09-03
139,Liverpool,Craft and making,Sip and paint,sip and paint Liverpool,590,1.2063,100,sip and paint near me,20,0.7185,69,50,50% log-normalized explicit-city volume plus 50% log-normalized local-geo volume; comparison only,Separate overlapping signals; do not add explicit and local-geo searches,2026-09-03
140,London,"Wellness, spa and retreats",Yoga retreats,yoga retreats London,210,0.9452,61,yoga retreat near me,70,1.0298,49,50,50% log-normalized explicit-city volume plus 50% log-normalized local-geo volume; comparison only,Separate overlapping signals; do not add explicit and local-geo searches,2026-09-03
141,Nottingham,Tabletop and games,Board-game cafes,board game cafe Nottingham,390,0.1083,2,board game cafe near me,30,0.2344,15,50,50% log-normalized explicit-city volume plus 50% log-normalized local-geo volume; comparison only,Separate overlapping signals; do not add explicit and local-geo searches,2026-09-03
142,Belfast,Social and relationship,Speed dating,speed dating Belfast,880,2.4258,11,speed dating near me,10,0.0000,36,49,50% log-normalized explicit-city volume plus 50% log-normalized local-geo volume; comparison only,Separate overlapping signals; do not add explicit and local-geo searches,2026-09-03
143,Bristol,Performance and dance,Salsa classes,salsa classes Bristol,320,0.6630,24,salsa classes near me,30,0.2294,21,49,50% log-normalized explicit-city volume plus 50% log-normalized local-geo volume; comparison only,Separate overlapping signals; do not add explicit and local-geo searches,2026-09-03
144,Cardiff,Food and drink,Wine tasting,wine tasting Cardiff,480,0.4765,95,wine tasting near me,20,0.0000,99,49,50% log-normalized explicit-city volume plus 50% log-normalized local-geo volume; comparison only,Separate overlapping signals; do not add explicit and local-geo searches,2026-09-03
145,Edinburgh,Performance and dance,Line dancing,line dancing Edinburgh,260,0.5730,1,line dancing near me,40,0.0000,0,49,50% log-normalized explicit-city volume plus 50% log-normalized local-geo volume; comparison only,Separate overlapping signals; do not add explicit and local-geo searches,2026-09-03
146,Leeds,Performance and dance,Acting classes,acting classes Leeds,320,2.9571,40,acting classes near me,30,0.7029,63,49,50% log-normalized explicit-city volume plus 50% log-normalized local-geo volume; comparison only,Separate overlapping signals; do not add explicit and local-geo searches,2026-09-03
147,Leeds,Outdoor and endurance,Running clubs,running clubs Leeds,260,1.1554,6,running clubs near me,40,0.6209,19,49,50% log-normalized explicit-city volume plus 50% log-normalized local-geo volume; comparison only,Separate overlapping signals; do not add explicit and local-geo searches,2026-09-03
148,Liverpool,Tabletop and games,Board-game cafes,board game cafe Liverpool,260,0.0000,0,board game cafe near me,40,0.0676,11,49,50% log-normalized explicit-city volume plus 50% log-normalized local-geo volume; comparison only,Separate overlapping signals; do not add explicit and local-geo searches,2026-09-03
149,Liverpool,Outdoor and endurance,Running clubs,running clubs Liverpool,480,1.0461,2,running clubs near me,20,0.0000,13,49,50% log-normalized explicit-city volume plus 50% log-normalized local-geo volume; comparison only,Separate overlapping signals; do not add explicit and local-geo searches,2026-09-03
150,Sheffield,Food and drink,Cooking classes,cooking classes Sheffield,480,0.6241,92,cooking classes near me,20,0.1535,94,49,50% log-normalized explicit-city volume plus 50% log-normalized local-geo volume; comparison only,Separate overlapping signals; do not add explicit and local-geo searches,2026-09-03
151,Birmingham,Tabletop and games,Chess clubs,chess club Birmingham,170,0.0000,0,chess club near me,50,0.0000,2,48,50% log-normalized explicit-city volume plus 50% log-normalized local-geo volume; comparison only,Separate overlapping signals; do not add explicit and local-geo searches,2026-09-03
152,Birmingham,Racket and team sport,Volleyball,volleyball clubs Birmingham,110,0.1258,2,volleyball clubs near me,90,0.5419,1,48,50% log-normalized explicit-city volume plus 50% log-normalized local-geo volume; comparison only,Separate overlapping signals; do not add explicit and local-geo searches,2026-09-03
153,Bristol,Outdoor and endurance,Running clubs,running clubs Bristol,170,0.4990,7,running clubs near me,50,0.0000,14,48,50% log-normalized explicit-city volume plus 50% log-normalized local-geo volume; comparison only,Separate overlapping signals; do not add explicit and local-geo searches,2026-09-03
154,Edinburgh,Outdoor and endurance,Running clubs,running clubs Edinburgh,390,1.2410,4,running clubs near me,20,0.0000,11,48,50% log-normalized explicit-city volume plus 50% log-normalized local-geo volume; comparison only,Separate overlapping signals; do not add explicit and local-geo searches,2026-09-03
155,Liverpool,Performance and dance,Line dancing,line dancing Liverpool,210,1.4036,14,line dancing near me,40,5.0235,2,48,50% log-normalized explicit-city volume plus 50% log-normalized local-geo volume; comparison only,Separate overlapping signals; do not add explicit and local-geo searches,2026-09-03
156,Newcastle,Food and drink,Wine tasting,wine tasting Newcastle,720,0.6294,98,wine tasting near me,10,0.7736,67,48,50% log-normalized explicit-city volume plus 50% log-normalized local-geo volume; comparison only,Separate overlapping signals; do not add explicit and local-geo searches,2026-09-03
157,Reading,Craft and making,Pottery classes,pottery classes Reading,210,0.5501,97,pottery classes near me,40,0.3175,75,48,50% log-normalized explicit-city volume plus 50% log-normalized local-geo volume; comparison only,Separate overlapping signals; do not add explicit and local-geo searches,2026-09-03
158,Sheffield,Tabletop and games,Quiz nights,quiz night Sheffield,720,3.5262,1,quiz night near me,10,0.0000,0,48,50% log-normalized explicit-city volume plus 50% log-normalized local-geo volume; comparison only,Separate overlapping signals; do not add explicit and local-geo searches,2026-09-03
159,Bristol,Performance and dance,Acting classes,acting classes Bristol,320,1.3343,29,acting classes near me,20,1.3917,47,47,50% log-normalized explicit-city volume plus 50% log-normalized local-geo volume; comparison only,Separate overlapping signals; do not add explicit and local-geo searches,2026-09-03
160,Bristol,Racket and team sport,Volleyball,volleyball clubs Bristol,260,0.0000,1,volleyball clubs near me,30,0.0000,0,47,50% log-normalized explicit-city volume plus 50% log-normalized local-geo volume; comparison only,Separate overlapping signals; do not add explicit and local-geo searches,2026-09-03
161,Glasgow,Performance and dance,Salsa classes,salsa classes Glasgow,260,0.5449,18,salsa classes near me,30,0.3462,8,47,50% log-normalized explicit-city volume plus 50% log-normalized local-geo volume; comparison only,Separate overlapping signals; do not add explicit and local-geo searches,2026-09-03
162,Glasgow,Craft and making,Sip and paint,sip and paint Glasgow,320,0.7025,100,sip and paint near me,20,0.0000,76,47,50% log-normalized explicit-city volume plus 50% log-normalized local-geo volume; comparison only,Separate overlapping signals; do not add explicit and local-geo searches,2026-09-03
163,Liverpool,Performance and dance,Acting classes,acting classes Liverpool,320,3.2813,37,acting classes near me,20,3.7169,75,47,50% log-normalized explicit-city volume plus 50% log-normalized local-geo volume; comparison only,Separate overlapping signals; do not add explicit and local-geo searches,2026-09-03
164,Liverpool,Craft and making,Sewing classes,sewing classes Liverpool,260,0.4582,63,sewing classes near me,30,0.2537,72,47,50% log-normalized explicit-city volume plus 50% log-normalized local-geo volume; comparison only,Separate overlapping signals; do not add explicit and local-geo searches,2026-09-03
165,Nottingham,Food and drink,Cooking classes,cooking classes Nottingham,590,0.6014,100,cooking classes near me,10,0.6783,100,47,50% log-normalized explicit-city volume plus 50% log-normalized local-geo volume; comparison only,Separate overlapping signals; do not add explicit and local-geo searches,2026-09-03
166,Nottingham,Craft and making,Pottery classes,pottery classes Nottingham,590,0.5210,90,pottery classes near me,10,1.8810,51,47,50% log-normalized explicit-city volume plus 50% log-normalized local-geo volume; comparison only,Separate overlapping signals; do not add explicit and local-geo searches,2026-09-03
167,Nottingham,Food and drink,Wine tasting,wine tasting Nottingham,590,0.4592,84,wine tasting near me,10,0.0000,36,47,50% log-normalized explicit-city volume plus 50% log-normalized local-geo volume; comparison only,Separate overlapping signals; do not add explicit and local-geo searches,2026-09-03
168,Reading,Competitive experiences,Darts,darts Reading,140,1.0970,26,darts near me,50,3.3110,11,47,50% log-normalized explicit-city volume plus 50% log-normalized local-geo volume; comparison only,Separate overlapping signals; do not add explicit and local-geo searches,2026-09-03
169,Southampton,Competitive experiences,Darts,darts Southampton,260,1.2338,22,darts near me,30,0.0000,16,47,50% log-normalized explicit-city volume plus 50% log-normalized local-geo volume; comparison only,Separate overlapping signals; do not add explicit and local-geo searches,2026-09-03
170,Belfast,Food and drink,Wine tasting,wine tasting Belfast,480,0.5643,100,wine tasting near me,10,0.0000,81,46,50% log-normalized explicit-city volume plus 50% log-normalized local-geo volume; comparison only,Separate overlapping signals; do not add explicit and local-geo searches,2026-09-03
171,Birmingham,Racket and team sport,Netball,netball clubs Birmingham,90,0.8950,6,netball clubs near me,70,0.7564,6,46,50% log-normalized explicit-city volume plus 50% log-normalized local-geo volume; comparison only,Separate overlapping signals; do not add explicit and local-geo searches,2026-09-03
172,Bristol,Nature and animals,Nature walks,nature walks Bristol,90,0.2075,14,nature walks near me,70,0.3276,20,46,50% log-normalized explicit-city volume plus 50% log-normalized local-geo volume; comparison only,Separate overlapping signals; do not add explicit and local-geo searches,2026-09-03
173,Cardiff,Food and drink,Cooking classes,cooking classes Cardiff,480,0.8241,100,cooking classes near me,10,0.4098,84,46,50% log-normalized explicit-city volume plus 50% log-normalized local-geo volume; comparison only,Separate overlapping signals; do not add explicit and local-geo searches,2026-09-03
174,Edinburgh,Performance and dance,Acting classes,acting classes Edinburgh,480,1.5327,15,acting classes near me,10,0.5074,47,46,50% log-normalized explicit-city volume plus 50% log-normalized local-geo volume; comparison only,Separate overlapping signals; do not add explicit and local-geo searches,2026-09-03
175,Edinburgh,Tabletop and games,Chess clubs,chess club Edinburgh,480,0.4300,3,chess club near me,10,0.0000,0,46,50% log-normalized explicit-city volume plus 50% log-normalized local-geo volume; comparison only,Separate overlapping signals; do not add explicit and local-geo searches,2026-09-03
176,Glasgow,Nature and animals,Nature walks,nature walks Glasgow,70,5.0870,6,nature walks near me,90,0.2046,5,46,50% log-normalized explicit-city volume plus 50% log-normalized local-geo volume; comparison only,Separate overlapping signals; do not add explicit and local-geo searches,2026-09-03
177,Manchester,Tabletop and games,Chess clubs,chess club Manchester,210,1.9527,1,chess club near me,30,0.0000,1,46,50% log-normalized explicit-city volume plus 50% log-normalized local-geo volume; comparison only,Separate overlapping signals; do not add explicit and local-geo searches,2026-09-03
178,Manchester,Racket and team sport,Netball,netball clubs Manchester,170,1.3611,7,netball clubs near me,40,1.4882,4,46,50% log-normalized explicit-city volume plus 50% log-normalized local-geo volume; comparison only,Separate overlapping signals; do not add explicit and local-geo searches,2026-09-03
179,Newcastle,Food and drink,Cooking classes,cooking classes Newcastle,480,0.5949,93,cooking classes near me,10,0.9591,100,46,50% log-normalized explicit-city volume plus 50% log-normalized local-geo volume; comparison only,Separate overlapping signals; do not add explicit and local-geo searches,2026-09-03
180,Newcastle,Craft and making,Pottery classes,pottery classes Newcastle,480,0.4267,32,pottery classes near me,10,0.1976,51,46,50% log-normalized explicit-city volume plus 50% log-normalized local-geo volume; comparison only,Separate overlapping signals; do not add explicit and local-geo searches,2026-09-03
181,Nottingham,Craft and making,Sip and paint,sip and paint Nottingham,480,0.7793,100,sip and paint near me,10,0.0000,0,46,50% log-normalized explicit-city volume plus 50% log-normalized local-geo volume; comparison only,Separate overlapping signals; do not add explicit and local-geo searches,2026-09-03
182,Bristol,Tabletop and games,Chess clubs,chess club Bristol,170,0.0000,1,chess club near me,30,0.0000,0,45,50% log-normalized explicit-city volume plus 50% log-normalized local-geo volume; comparison only,Separate overlapping signals; do not add explicit and local-geo searches,2026-09-03
183,Bristol,Racket and team sport,Netball,netball clubs Bristol,170,0.7696,8,netball clubs near me,30,0.8661,11,45,50% log-normalized explicit-city volume plus 50% log-normalized local-geo volume; comparison only,Separate overlapping signals; do not add explicit and local-geo searches,2026-09-03
184,Glasgow,Tabletop and games,Chess clubs,chess club Glasgow,170,0.0000,0,chess club near me,30,0.0000,1,45,50% log-normalized explicit-city volume plus 50% log-normalized local-geo volume; comparison only,Separate overlapping signals; do not add explicit and local-geo searches,2026-09-03
185,Leeds,Performance and dance,Salsa classes,salsa classes Leeds,260,1.6762,26,salsa classes near me,20,1.2431,27,45,50% log-normalized explicit-city volume plus 50% log-normalized local-geo volume; comparison only,Separate overlapping signals; do not add explicit and local-geo searches,2026-09-03
186,Belfast,Tabletop and games,Quiz nights,quiz night Belfast,390,0.7954,2,quiz night near me,10,0.0000,0,44,50% log-normalized explicit-city volume plus 50% log-normalized local-geo volume; comparison only,Separate overlapping signals; do not add explicit and local-geo searches,2026-09-03
187,Birmingham,Nature and animals,Nature walks,nature walks Birmingham,40,0.6845,23,nature walks near me,110,0.4070,14,44,50% log-normalized explicit-city volume plus 50% log-normalized local-geo volume; comparison only,Separate overlapping signals; do not add explicit and local-geo searches,2026-09-03
188,Cardiff,Performance and dance,Line dancing,line dancing Cardiff,210,3.7948,4,line dancing near me,20,0.0000,0,44,50% log-normalized explicit-city volume plus 50% log-normalized local-geo volume; comparison only,Separate overlapping signals; do not add explicit and local-geo searches,2026-09-03
189,Cardiff,Tabletop and games,Quiz nights,quiz night Cardiff,390,0.4930,2,quiz night near me,10,0.0000,0,44,50% log-normalized explicit-city volume plus 50% log-normalized local-geo volume; comparison only,Separate overlapping signals; do not add explicit and local-geo searches,2026-09-03
190,Liverpool,Craft and making,General art workshops,art workshops Liverpool,390,1.5045,78,art workshops near me,10,0.2492,100,44,50% log-normalized explicit-city volume plus 50% log-normalized local-geo volume; comparison only,Separate overlapping signals; do not add explicit and local-geo searches,2026-09-03
191,Liverpool,Performance and dance,Salsa classes,salsa classes Liverpool,210,0.2156,7,salsa classes near me,20,0.0000,5,44,50% log-normalized explicit-city volume plus 50% log-normalized local-geo volume; comparison only,Separate overlapping signals; do not add explicit and local-geo searches,2026-09-03
192,Manchester,Nature and animals,Nature walks,nature walks Manchester,70,0.5672,10,nature walks near me,70,0.7908,10,44,50% log-normalized explicit-city volume plus 50% log-normalized local-geo volume; comparison only,Separate overlapping signals; do not add explicit and local-geo searches,2026-09-03
193,Nottingham,Tabletop and games,Quiz nights,quiz night Nottingham,390,1.9847,1,quiz night near me,10,0.0000,0,44,50% log-normalized explicit-city volume plus 50% log-normalized local-geo volume; comparison only,Separate overlapping signals; do not add explicit and local-geo searches,2026-09-03
194,Sheffield,Performance and dance,Line dancing,line dancing Sheffield,210,0.8561,2,line dancing near me,20,0.0000,0,44,50% log-normalized explicit-city volume plus 50% log-normalized local-geo volume; comparison only,Separate overlapping signals; do not add explicit and local-geo searches,2026-09-03
195,Sheffield,Food and drink,Wine tasting,wine tasting Sheffield,390,0.4775,99,wine tasting near me,10,0.2669,100,44,50% log-normalized explicit-city volume plus 50% log-normalized local-geo volume; comparison only,Separate overlapping signals; do not add explicit and local-geo searches,2026-09-03
196,Cardiff,Craft and making,Sip and paint,sip and paint Cardiff,320,0.9582,100,sip and paint near me,10,0.0000,100,43,50% log-normalized explicit-city volume plus 50% log-normalized local-geo volume; comparison only,Separate overlapping signals; do not add explicit and local-geo searches,2026-09-03
197,Edinburgh,Performance and dance,Salsa classes,salsa classes Edinburgh,320,1.0681,8,salsa classes near me,10,0.0000,8,43,50% log-normalized explicit-city volume plus 50% log-normalized local-geo volume; comparison only,Separate overlapping signals; do not add explicit and local-geo searches,2026-09-03
198,Edinburgh,Craft and making,Sip and paint,sip and paint Edinburgh,320,0.8595,100,sip and paint near me,10,0.4975,64,43,50% log-normalized explicit-city volume plus 50% log-normalized local-geo volume; comparison only,Separate overlapping signals; do not add explicit and local-geo searches,2026-09-03
199,Leeds,Craft and making,General art workshops,art workshops Leeds,320,1.9819,100,art workshops near me,10,0.0000,29,43,50% log-normalized explicit-city volume plus 50% log-normalized local-geo volume; comparison only,Separate overlapping signals; do not add explicit and local-geo searches,2026-09-03
200,Manchester,Tabletop and games,Quiz nights,quiz night Manchester,110,1.7062,14,quiz night near me,30,0.2531,8,43,50% log-normalized explicit-city volume plus 50% log-normalized local-geo volume; comparison only,Separate overlapping signals; do not add explicit and local-geo searches,2026-09-03
201,Newcastle,Craft and making,Sip and paint,sip and paint Newcastle,320,0.9233,99,sip and paint near me,10,0.0000,46,43,50% log-normalized explicit-city volume plus 50% log-normalized local-geo volume; comparison only,Separate overlapping signals; do not add explicit and local-geo searches,2026-09-03
202,Sheffield,Craft and making,General art workshops,art workshops Sheffield,320,0.7118,80,art workshops near me,10,0.0000,0,43,50% log-normalized explicit-city volume plus 50% log-normalized local-geo volume; comparison only,Separate overlapping signals; do not add explicit and local-geo searches,2026-09-03
203,Sheffield,Outdoor and endurance,Running clubs,running clubs Sheffield,320,8.2897,3,running clubs near me,10,5.5090,12,43,50% log-normalized explicit-city volume plus 50% log-normalized local-geo volume; comparison only,Separate overlapping signals; do not add explicit and local-geo searches,2026-09-03
204,Sheffield,Craft and making,Sewing classes,sewing classes Sheffield,170,0.4493,16,sewing classes near me,20,0.0000,24,43,50% log-normalized explicit-city volume plus 50% log-normalized local-geo volume; comparison only,Separate overlapping signals; do not add explicit and local-geo searches,2026-09-03
205,Sheffield,Craft and making,Sip and paint,sip and paint Sheffield,320,0.6812,97,sip and paint near me,10,0.8009,75,43,50% log-normalized explicit-city volume plus 50% log-normalized local-geo volume; comparison only,Separate overlapping signals; do not add explicit and local-geo searches,2026-09-03
206,Belfast,Outdoor and endurance,Running clubs,running clubs Belfast,260,0.7963,1,running clubs near me,10,0.0000,5,42,50% log-normalized explicit-city volume plus 50% log-normalized local-geo volume; comparison only,Separate overlapping signals; do not add explicit and local-geo searches,2026-09-03
207,Leeds,Tabletop and games,Chess clubs,chess club Leeds,140,0.0000,1,chess club near me,20,0.0000,1,42,50% log-normalized explicit-city volume plus 50% log-normalized local-geo volume; comparison only,Separate overlapping signals; do not add explicit and local-geo searches,2026-09-03
208,Leeds,Racket and team sport,Netball,netball clubs Leeds,90,1.4163,7,netball clubs near me,30,2.1761,6,42,50% log-normalized explicit-city volume plus 50% log-normalized local-geo volume; comparison only,Separate overlapping signals; do not add explicit and local-geo searches,2026-09-03
209,Manchester,"Wellness, spa and retreats",Spa retreats,spa retreats Manchester,140,0.5578,100,spa retreat near me,20,0.3069,100,42,50% log-normalized explicit-city volume plus 50% log-normalized local-geo volume; comparison only,Separate overlapping signals; do not add explicit and local-geo searches,2026-09-03
210,Newcastle,Outdoor and endurance,Running clubs,running clubs Newcastle,260,1.0611,4,running clubs near me,10,0.0000,29,42,50% log-normalized explicit-city volume plus 50% log-normalized local-geo volume; comparison only,Separate overlapping signals; do not add explicit and local-geo searches,2026-09-03
211,Nottingham,Performance and dance,Acting classes,acting classes Nottingham,260,0.9553,31,acting classes near me,10,1.0750,93,42,50% log-normalized explicit-city volume plus 50% log-normalized local-geo volume; comparison only,Separate overlapping signals; do not add explicit and local-geo searches,2026-09-03
212,Reading,Tabletop and games,Board-game cafes,board game cafe Reading,90,0.0000,0,board game cafe near me,30,0.0905,6,42,50% log-normalized explicit-city volume plus 50% log-normalized local-geo volume; comparison only,Separate overlapping signals; do not add explicit and local-geo searches,2026-09-03
213,Reading,Food and drink,Cooking classes,cooking classes Reading,140,0.6587,97,cooking classes near me,20,2.6079,100,42,50% log-normalized explicit-city volume plus 50% log-normalized local-geo volume; comparison only,Separate overlapping signals; do not add explicit and local-geo searches,2026-09-03
214,Reading,Food and drink,Wine tasting,wine tasting Reading,140,0.8259,75,wine tasting near me,20,0.9180,86,42,50% log-normalized explicit-city volume plus 50% log-normalized local-geo volume; comparison only,Separate overlapping signals; do not add explicit and local-geo searches,2026-09-03
215,Southampton,Tabletop and games,Board-game cafes,board game cafe Southampton,140,0.0000,0,board game cafe near me,20,0.0000,2,42,50% log-normalized explicit-city volume plus 50% log-normalized local-geo volume; comparison only,Separate overlapping signals; do not add explicit and local-geo searches,2026-09-03
216,Southampton,Performance and dance,Line dancing,line dancing Southampton,140,0.0000,3,line dancing near me,20,0.0000,1,42,50% log-normalized explicit-city volume plus 50% log-normalized local-geo volume; comparison only,Separate overlapping signals; do not add explicit and local-geo searches,2026-09-03
217,Southampton,Craft and making,Pottery classes,pottery classes Southampton,140,1.1739,72,pottery classes near me,20,0.9426,98,42,50% log-normalized explicit-city volume plus 50% log-normalized local-geo volume; comparison only,Separate overlapping signals; do not add explicit and local-geo searches,2026-09-03
218,Belfast,Performance and dance,Acting classes,acting classes Belfast,210,2.9123,7,acting classes near me,10,0.0000,0,41,50% log-normalized explicit-city volume plus 50% log-normalized local-geo volume; comparison only,Separate overlapping signals; do not add explicit and local-geo searches,2026-09-03
219,Birmingham,Tabletop and games,Quiz nights,quiz night Birmingham,50,0.0000,1,quiz night near me,50,0.0000,5,41,50% log-normalized explicit-city volume plus 50% log-normalized local-geo volume; comparison only,Separate overlapping signals; do not add explicit and local-geo searches,2026-09-03
220,Cardiff,Outdoor and endurance,Running clubs,running clubs Cardiff,210,0.4893,3,running clubs near me,10,0.0000,17,41,50% log-normalized explicit-city volume plus 50% log-normalized local-geo volume; comparison only,Separate overlapping signals; do not add explicit and local-geo searches,2026-09-03
221,Liverpool,Nature and animals,Nature walks,nature walks Liverpool,50,0.1929,14,nature walks near me,50,0.2437,10,41,50% log-normalized explicit-city volume plus 50% log-normalized local-geo volume; comparison only,Separate overlapping signals; do not add explicit and local-geo searches,2026-09-03
222,Newcastle,Performance and dance,Line dancing,line dancing Newcastle,210,2.1674,26,line dancing near me,10,0.0000,1,41,50% log-normalized explicit-city volume plus 50% log-normalized local-geo volume; comparison only,Separate overlapping signals; do not add explicit and local-geo searches,2026-09-03
223,Sheffield,Performance and dance,Acting classes,acting classes Sheffield,210,1.6466,23,acting classes near me,10,0.0000,66,41,50% log-normalized explicit-city volume plus 50% log-normalized local-geo volume; comparison only,Separate overlapping signals; do not add explicit and local-geo searches,2026-09-03
224,Belfast,Craft and making,General art workshops,art workshops Belfast,170,1.0512,12,art workshops near me,10,0.0000,57,40,50% log-normalized explicit-city volume plus 50% log-normalized local-geo volume; comparison only,Separate overlapping signals; do not add explicit and local-geo searches,2026-09-03
225,Belfast,Craft and making,Sewing classes,sewing classes Belfast,170,0.2378,1,sewing classes near me,10,0.0000,5,40,50% log-normalized explicit-city volume plus 50% log-normalized local-geo volume; comparison only,Separate overlapping signals; do not add explicit and local-geo searches,2026-09-03
226,Cardiff,Performance and dance,Acting classes,acting classes Cardiff,170,1.8526,30,acting classes near me,10,0.0000,43,40,50% log-normalized explicit-city volume plus 50% log-normalized local-geo volume; comparison only,Separate overlapping signals; do not add explicit and local-geo searches,2026-09-03
227,Cardiff,Tabletop and games,Chess clubs,chess club Cardiff,170,0.0000,0,chess club near me,10,0.0000,0,40,50% log-normalized explicit-city volume plus 50% log-normalized local-geo volume; comparison only,Separate overlapping signals; do not add explicit and local-geo searches,2026-09-03
228,Cardiff,Craft and making,Sewing classes,sewing classes Cardiff,170,0.5524,27,sewing classes near me,10,10.5317,86,40,50% log-normalized explicit-city volume plus 50% log-normalized local-geo volume; comparison only,Separate overlapping signals; do not add explicit and local-geo searches,2026-09-03
229,Edinburgh,Tabletop and games,Dungeons & Dragons,dungeons and dragons Edinburgh,90,3.1801,4,dungeons and dragons near me,20,0.0144,5,40,50% log-normalized explicit-city volume plus 50% log-normalized local-geo volume; comparison only,Separate overlapping signals; do not add explicit and local-geo searches,2026-09-03
230,Edinburgh,Nature and animals,Nature walks,nature walks Edinburgh,70,0.5635,20,nature walks near me,30,0.0000,9,40,50% log-normalized explicit-city volume plus 50% log-normalized local-geo volume; comparison only,Separate overlapping signals; do not add explicit and local-geo searches,2026-09-03
231,Glasgow,Tabletop and games,Dungeons & Dragons,dungeons and dragons Glasgow,90,0.0000,0,dungeons and dragons near me,20,0.0140,8,40,50% log-normalized explicit-city volume plus 50% log-normalized local-geo volume; comparison only,Separate overlapping signals; do not add explicit and local-geo searches,2026-09-03
232,Glasgow,Racket and team sport,Volleyball,volleyball clubs Glasgow,50,0.0307,1,volleyball clubs near me,40,0.2913,1,40,50% log-normalized explicit-city volume plus 50% log-normalized local-geo volume; comparison only,Separate overlapping signals; do not add explicit and local-geo searches,2026-09-03
233,Leeds,Nature and animals,Nature walks,nature walks Leeds,30,0.1183,15,nature walks near me,70,0.3571,17,40,50% log-normalized explicit-city volume plus 50% log-normalized local-geo volume; comparison only,Separate overlapping signals; do not add explicit and local-geo searches,2026-09-03
234,Manchester,Racket and team sport,Volleyball,volleyball clubs Manchester,50,0.0000,0,volleyball clubs near me,40,0.0000,0,40,50% log-normalized explicit-city volume plus 50% log-normalized local-geo volume; comparison only,Separate overlapping signals; do not add explicit and local-geo searches,2026-09-03
235,Newcastle,Performance and dance,Acting classes,acting classes Newcastle,170,3.9442,41,acting classes near me,10,1.9608,62,40,50% log-normalized explicit-city volume plus 50% log-normalized local-geo volume; comparison only,Separate overlapping signals; do not add explicit and local-geo searches,2026-09-03
236,Newcastle,Tabletop and games,Board-game cafes,board game cafe Newcastle,170,0.0000,1,board game cafe near me,10,0.0000,5,40,50% log-normalized explicit-city volume plus 50% log-normalized local-geo volume; comparison only,Separate overlapping signals; do not add explicit and local-geo searches,2026-09-03
237,Nottingham,Performance and dance,Line dancing,line dancing Nottingham,170,0.6456,3,line dancing near me,10,0.0000,14,40,50% log-normalized explicit-city volume plus 50% log-normalized local-geo volume; comparison only,Separate overlapping signals; do not add explicit and local-geo searches,2026-09-03
238,Nottingham,Outdoor and endurance,Running clubs,running clubs Nottingham,170,2.0400,8,running clubs near me,10,0.0000,18,40,50% log-normalized explicit-city volume plus 50% log-normalized local-geo volume; comparison only,Separate overlapping signals; do not add explicit and local-geo searches,2026-09-03
239,Nottingham,Performance and dance,Salsa classes,salsa classes Nottingham,170,1.7872,6,salsa classes near me,10,0.0000,5,40,50% log-normalized explicit-city volume plus 50% log-normalized local-geo volume; comparison only,Separate overlapping signals; do not add explicit and local-geo searches,2026-09-03
240,Nottingham,Craft and making,Sewing classes,sewing classes Nottingham,170,1.9813,17,sewing classes near me,10,0.0000,0,40,50% log-normalized explicit-city volume plus 50% log-normalized local-geo volume; comparison only,Separate overlapping signals; do not add explicit and local-geo searches,2026-09-03
241,Sheffield,Performance and dance,Salsa classes,salsa classes Sheffield,170,0.0000,2,salsa classes near me,10,0.0000,0,40,50% log-normalized explicit-city volume plus 50% log-normalized local-geo volume; comparison only,Separate overlapping signals; do not add explicit and local-geo searches,2026-09-03
242,Southampton,Food and drink,Cooking classes,cooking classes Southampton,170,0.5438,100,cooking classes near me,10,1.9543,84,40,50% log-normalized explicit-city volume plus 50% log-normalized local-geo volume; comparison only,Separate overlapping signals; do not add explicit and local-geo searches,2026-09-03
243,Belfast,Craft and making,Sip and paint,sip and paint Belfast,140,1.0585,43,sip and paint near me,10,0.0000,33,39,50% log-normalized explicit-city volume plus 50% log-normalized local-geo volume; comparison only,Separate overlapping signals; do not add explicit and local-geo searches,2026-09-03
244,Cardiff,Performance and dance,Salsa classes,salsa classes Cardiff,140,0.3064,5,salsa classes near me,10,0.0000,14,39,50% log-normalized explicit-city volume plus 50% log-normalized local-geo volume; comparison only,Separate overlapping signals; do not add explicit and local-geo searches,2026-09-03
245,Leeds,Racket and team sport,Volleyball,volleyball clubs Leeds,50,0.0000,0,volleyball clubs near me,30,0.0000,0,39,50% log-normalized explicit-city volume plus 50% log-normalized local-geo volume; comparison only,Separate overlapping signals; do not add explicit and local-geo searches,2026-09-03
246,Reading,Outdoor and endurance,Running clubs,running clubs Reading,140,0.8879,8,running clubs near me,10,0.0000,36,39,50% log-normalized explicit-city volume plus 50% log-normalized local-geo volume; comparison only,Separate overlapping signals; do not add explicit and local-geo searches,2026-09-03
247,Southampton,Outdoor and endurance,Running clubs,running clubs Southampton,140,0.9736,4,running clubs near me,10,0.0000,8,39,50% log-normalized explicit-city volume plus 50% log-normalized local-geo volume; comparison only,Separate overlapping signals; do not add explicit and local-geo searches,2026-09-03
248,Southampton,Food and drink,Wine tasting,wine tasting Southampton,140,0.4353,100,wine tasting near me,10,0.9006,73,39,50% log-normalized explicit-city volume plus 50% log-normalized local-geo volume; comparison only,Separate overlapping signals; do not add explicit and local-geo searches,2026-09-03
249,Belfast,Performance and dance,Line dancing,line dancing Belfast,110,0.8344,11,line dancing near me,10,0.0000,5,38,50% log-normalized explicit-city volume plus 50% log-normalized local-geo volume; comparison only,Separate overlapping signals; do not add explicit and local-geo searches,2026-09-03
250,Birmingham,"Wellness, spa and retreats",Spa retreats,spa retreats Birmingham,70,0.6322,100,spa retreat near me,20,0.4496,87,38,50% log-normalized explicit-city volume plus 50% log-normalized local-geo volume; comparison only,Separate overlapping signals; do not add explicit and local-geo searches,2026-09-03
251,Edinburgh,Racket and team sport,Volleyball,volleyball clubs Edinburgh,70,0.0000,0,volleyball clubs near me,20,0.0000,11,38,50% log-normalized explicit-city volume plus 50% log-normalized local-geo volume; comparison only,Separate overlapping signals; do not add explicit and local-geo searches,2026-09-03
252,Liverpool,Tabletop and games,Chess clubs,chess club Liverpool,70,0.0000,0,chess club near me,20,0.0000,0,38,50% log-normalized explicit-city volume plus 50% log-normalized local-geo volume; comparison only,Separate overlapping signals; do not add explicit and local-geo searches,2026-09-03
253,Manchester,Tabletop and games,Dungeons & Dragons,dungeons and dragons Manchester,70,0.0457,4,dungeons and dragons near me,20,0.4951,16,38,50% log-normalized explicit-city volume plus 50% log-normalized local-geo volume; comparison only,Separate overlapping signals; do not add explicit and local-geo searches,2026-09-03
254,Nottingham,Racket and team sport,Netball,netball clubs Nottingham,110,0.0000,1,netball clubs near me,10,0.0000,0,38,50% log-normalized explicit-city volume plus 50% log-normalized local-geo volume; comparison only,Separate overlapping signals; do not add explicit and local-geo searches,2026-09-03
255,Reading,Performance and dance,Line dancing,line dancing Reading,70,10.4202,4,line dancing near me,20,0.0000,2,38,50% log-normalized explicit-city volume plus 50% log-normalized local-geo volume; comparison only,Separate overlapping signals; do not add explicit and local-geo searches,2026-09-03
256,Reading,Craft and making,Sip and paint,sip and paint Reading,110,0.3858,92,sip and paint near me,10,0.3976,51,38,50% log-normalized explicit-city volume plus 50% log-normalized local-geo volume; comparison only,Separate overlapping signals; do not add explicit and local-geo searches,2026-09-03
257,Sheffield,Tabletop and games,Chess clubs,chess club Sheffield,110,0.0000,0,chess club near me,10,0.0000,5,38,50% log-normalized explicit-city volume plus 50% log-normalized local-geo volume; comparison only,Separate overlapping signals; do not add explicit and local-geo searches,2026-09-03
258,Southampton,Craft and making,General art workshops,art workshops Southampton,110,3.2784,34,art workshops near me,10,0.0000,0,38,50% log-normalized explicit-city volume plus 50% log-normalized local-geo volume; comparison only,Separate overlapping signals; do not add explicit and local-geo searches,2026-09-03
259,Southampton,Craft and making,Sip and paint,sip and paint Southampton,110,0.2407,48,sip and paint near me,10,0.0000,90,38,50% log-normalized explicit-city volume plus 50% log-normalized local-geo volume; comparison only,Separate overlapping signals; do not add explicit and local-geo searches,2026-09-03
260,Bristol,Tabletop and games,Dungeons & Dragons,dungeons and dragons Bristol,50,0.0000,2,dungeons and dragons near me,20,0.0000,3,37,50% log-normalized explicit-city volume plus 50% log-normalized local-geo volume; comparison only,Separate overlapping signals; do not add explicit and local-geo searches,2026-09-03
261,Belfast,Tabletop and games,Board-game cafes,board game cafe Belfast,90,0.0138,1,board game cafe near me,10,0.0196,6,36,50% log-normalized explicit-city volume plus 50% log-normalized local-geo volume; comparison only,Separate overlapping signals; do not add explicit and local-geo searches,2026-09-03
262,Belfast,Performance and dance,Salsa classes,salsa classes Belfast,90,0.5558,4,salsa classes near me,10,0.0000,0,36,50% log-normalized explicit-city volume plus 50% log-normalized local-geo volume; comparison only,Separate overlapping signals; do not add explicit and local-geo searches,2026-09-03
263,Cardiff,Nature and animals,Nature walks,nature walks Cardiff,30,0.4062,12,nature walks near me,30,0.4081,10,36,50% log-normalized explicit-city volume plus 50% log-normalized local-geo volume; comparison only,Separate overlapping signals; do not add explicit and local-geo searches,2026-09-03
264,Manchester,Craft and making,General art workshops,art workshops Manchester,90,0.7391,100,art workshops near me,10,0.0145,88,36,50% log-normalized explicit-city volume plus 50% log-normalized local-geo volume; comparison only,Separate overlapping signals; do not add explicit and local-geo searches,2026-09-03
265,Newcastle,Performance and dance,Salsa classes,salsa classes Newcastle,90,1.1854,10,salsa classes near me,10,0.0000,10,36,50% log-normalized explicit-city volume plus 50% log-normalized local-geo volume; comparison only,Separate overlapping signals; do not add explicit and local-geo searches,2026-09-03
266,Newcastle,Craft and making,Sewing classes,sewing classes Newcastle,90,1.0160,9,sewing classes near me,10,0.3555,60,36,50% log-normalized explicit-city volume plus 50% log-normalized local-geo volume; comparison only,Separate overlapping signals; do not add explicit and local-geo searches,2026-09-03
267,Reading,Performance and dance,Salsa classes,salsa classes Reading,90,0.3938,8,salsa classes near me,10,0.0000,1,36,50% log-normalized explicit-city volume plus 50% log-normalized local-geo volume; comparison only,Separate overlapping signals; do not add explicit and local-geo searches,2026-09-03
268,Bristol,Craft and making,General art workshops,art workshops Bristol,70,1.1309,100,art workshops near me,10,0.2604,100,35,50% log-normalized explicit-city volume plus 50% log-normalized local-geo volume; comparison only,Separate overlapping signals; do not add explicit and local-geo searches,2026-09-03
269,Cardiff,Racket and team sport,Netball,netball clubs Cardiff,70,0.9807,4,netball clubs near me,10,0.0000,0,35,50% log-normalized explicit-city volume plus 50% log-normalized local-geo volume; comparison only,Separate overlapping signals; do not add explicit and local-geo searches,2026-09-03
270,Edinburgh,Racket and team sport,Netball,netball clubs Edinburgh,70,0.7548,2,netball clubs near me,10,0.0000,0,35,50% log-normalized explicit-city volume plus 50% log-normalized local-geo volume; comparison only,Separate overlapping signals; do not add explicit and local-geo searches,2026-09-03
271,Glasgow,Racket and team sport,Netball,netball clubs Glasgow,40,0.0000,1,netball clubs near me,20,0.0000,0,35,50% log-normalized explicit-city volume plus 50% log-normalized local-geo volume; comparison only,Separate overlapping signals; do not add explicit and local-geo searches,2026-09-03
272,Liverpool,Racket and team sport,Netball,netball clubs Liverpool,40,1.0915,7,netball clubs near me,20,0.0000,3,35,50% log-normalized explicit-city volume plus 50% log-normalized local-geo volume; comparison only,Separate overlapping signals; do not add explicit and local-geo searches,2026-09-03
273,Nottingham,Tabletop and games,Chess clubs,chess club Nottingham,70,2.6264,3,chess club near me,10,0.0000,0,35,50% log-normalized explicit-city volume plus 50% log-normalized local-geo volume; comparison only,Separate overlapping signals; do not add explicit and local-geo searches,2026-09-03
274,Reading,Craft and making,Sewing classes,sewing classes Reading,40,0.2509,64,sewing classes near me,20,0.1447,69,35,50% log-normalized explicit-city volume plus 50% log-normalized local-geo volume; comparison only,Separate overlapping signals; do not add explicit and local-geo searches,2026-09-03
275,Birmingham,Tabletop and games,Dungeons & Dragons,dungeons and dragons Birmingham,30,0.0000,1,dungeons and dragons near me,20,0.7738,8,34,50% log-normalized explicit-city volume plus 50% log-normalized local-geo volume; comparison only,Separate overlapping signals; do not add explicit and local-geo searches,2026-09-03
276,Belfast,Tabletop and games,Dungeons & Dragons,dungeons and dragons Belfast,50,0.0000,0,dungeons and dragons near me,10,0.0146,7,33,50% log-normalized explicit-city volume plus 50% log-normalized local-geo volume; comparison only,Separate overlapping signals; do not add explicit and local-geo searches,2026-09-03
277,Cardiff,Tabletop and games,Dungeons & Dragons,dungeons and dragons Cardiff,50,0.0287,1,dungeons and dragons near me,10,0.0604,14,33,50% log-normalized explicit-city volume plus 50% log-normalized local-geo volume; comparison only,Separate overlapping signals; do not add explicit and local-geo searches,2026-09-03
278,Cardiff,Craft and making,General art workshops,art workshops Cardiff,50,0.2700,92,art workshops near me,10,0.0000,0,33,50% log-normalized explicit-city volume plus 50% log-normalized local-geo volume; comparison only,Separate overlapping signals; do not add explicit and local-geo searches,2026-09-03
279,Edinburgh,Craft and making,General art workshops,art workshops Edinburgh,50,1.0835,98,art workshops near me,10,0.0000,12,33,50% log-normalized explicit-city volume plus 50% log-normalized local-geo volume; comparison only,Separate overlapping signals; do not add explicit and local-geo searches,2026-09-03
280,Liverpool,Tabletop and games,Dungeons & Dragons,dungeons and dragons Liverpool,50,0.0000,1,dungeons and dragons near me,10,0.0000,11,33,50% log-normalized explicit-city volume plus 50% log-normalized local-geo volume; comparison only,Separate overlapping signals; do not add explicit and local-geo searches,2026-09-03
281,Nottingham,Tabletop and games,Dungeons & Dragons,dungeons and dragons Nottingham,50,0.0000,0,dungeons and dragons near me,10,0.0140,21,33,50% log-normalized explicit-city volume plus 50% log-normalized local-geo volume; comparison only,Separate overlapping signals; do not add explicit and local-geo searches,2026-09-03
282,Southampton,Performance and dance,Salsa classes,salsa classes Southampton,50,2.6604,3,salsa classes near me,10,0.0000,4,33,50% log-normalized explicit-city volume plus 50% log-normalized local-geo volume; comparison only,Separate overlapping signals; do not add explicit and local-geo searches,2026-09-03
283,Southampton,Craft and making,Sewing classes,sewing classes Southampton,50,1.1585,18,sewing classes near me,10,0.3781,44,33,50% log-normalized explicit-city volume plus 50% log-normalized local-geo volume; comparison only,Separate overlapping signals; do not add explicit and local-geo searches,2026-09-03
284,Belfast,Tabletop and games,Chess clubs,chess club Belfast,40,0.0000,0,chess club near me,10,0.0000,7,32,50% log-normalized explicit-city volume plus 50% log-normalized local-geo volume; comparison only,Separate overlapping signals; do not add explicit and local-geo searches,2026-09-03
285,Belfast,Nature and animals,Nature walks,nature walks Belfast,20,1.0471,12,nature walks near me,20,0.0000,3,32,50% log-normalized explicit-city volume plus 50% log-normalized local-geo volume; comparison only,Separate overlapping signals; do not add explicit and local-geo searches,2026-09-03
286,Birmingham,Craft and making,General art workshops,art workshops Birmingham,40,0.8492,100,art workshops near me,10,0.4610,86,32,50% log-normalized explicit-city volume plus 50% log-normalized local-geo volume; comparison only,Separate overlapping signals; do not add explicit and local-geo searches,2026-09-03
287,Glasgow,Craft and making,General art workshops,art workshops Glasgow,40,0.0000,19,art workshops near me,10,0.0000,0,32,50% log-normalized explicit-city volume plus 50% log-normalized local-geo volume; comparison only,Separate overlapping signals; do not add explicit and local-geo searches,2026-09-03
288,Leeds,Tabletop and games,Dungeons & Dragons,dungeons and dragons Leeds,40,0.0000,1,dungeons and dragons near me,10,0.1503,9,32,50% log-normalized explicit-city volume plus 50% log-normalized local-geo volume; comparison only,Separate overlapping signals; do not add explicit and local-geo searches,2026-09-03
289,Liverpool,"Wellness, spa and retreats",Spa retreats,spa retreats Liverpool,40,0.9189,99,spa retreat near me,10,0.0000,61,32,50% log-normalized explicit-city volume plus 50% log-normalized local-geo volume; comparison only,Separate overlapping signals; do not add explicit and local-geo searches,2026-09-03
290,Newcastle,Tabletop and games,Chess clubs,chess club Newcastle,40,0.0000,0,chess club near me,10,0.0000,0,32,50% log-normalized explicit-city volume plus 50% log-normalized local-geo volume; comparison only,Separate overlapping signals; do not add explicit and local-geo searches,2026-09-03
291,Newcastle,"Wellness, spa and retreats",Spa retreats,spa retreats Newcastle,40,0.5726,100,spa retreat near me,10,0.7995,100,32,50% log-normalized explicit-city volume plus 50% log-normalized local-geo volume; comparison only,Separate overlapping signals; do not add explicit and local-geo searches,2026-09-03
292,Nottingham,Craft and making,General art workshops,art workshops Nottingham,40,0.6621,73,art workshops near me,10,0.0000,0,32,50% log-normalized explicit-city volume plus 50% log-normalized local-geo volume; comparison only,Separate overlapping signals; do not add explicit and local-geo searches,2026-09-03
293,Sheffield,Nature and animals,Nature walks,nature walks Sheffield,20,0.8469,15,nature walks near me,20,0.0000,13,32,50% log-normalized explicit-city volume plus 50% log-normalized local-geo volume; comparison only,Separate overlapping signals; do not add explicit and local-geo searches,2026-09-03
294,Southampton,Performance and dance,Acting classes,acting classes Southampton,40,0.8614,38,acting classes near me,10,1.8325,54,32,50% log-normalized explicit-city volume plus 50% log-normalized local-geo volume; comparison only,Separate overlapping signals; do not add explicit and local-geo searches,2026-09-03
295,Southampton,Racket and team sport,Netball,netball clubs Southampton,40,0.0000,0,netball clubs near me,10,0.0000,2,32,50% log-normalized explicit-city volume plus 50% log-normalized local-geo volume; comparison only,Separate overlapping signals; do not add explicit and local-geo searches,2026-09-03
296,Bristol,"Wellness, spa and retreats",Yoga retreats,yoga retreats Bristol,30,0.5463,52,yoga retreat near me,10,0.7057,44,31,50% log-normalized explicit-city volume plus 50% log-normalized local-geo volume; comparison only,Separate overlapping signals; do not add explicit and local-geo searches,2026-09-03
297,Newcastle,Craft and making,General art workshops,art workshops Newcastle,30,0.4631,34,art workshops near me,10,0.0000,0,31,50% log-normalized explicit-city volume plus 50% log-normalized local-geo volume; comparison only,Separate overlapping signals; do not add explicit and local-geo searches,2026-09-03
298,Newcastle,Nature and animals,Nature walks,nature walks Newcastle,30,0.7704,9,nature walks near me,10,1.0455,8,31,50% log-normalized explicit-city volume plus 50% log-normalized local-geo volume; comparison only,Separate overlapping signals; do not add explicit and local-geo searches,2026-09-03
299,Newcastle,Tabletop and games,Quiz nights,quiz night Newcastle,30,0.0000,1,quiz night near me,10,0.0000,0,31,50% log-normalized explicit-city volume plus 50% log-normalized local-geo volume; comparison only,Separate overlapping signals; do not add explicit and local-geo searches,2026-09-03
300,Nottingham,Nature and animals,Nature walks,nature walks Nottingham,30,0.3553,18,nature walks near me,10,0.0000,5,31,50% log-normalized explicit-city volume plus 50% log-normalized local-geo volume; comparison only,Separate overlapping signals; do not add explicit and local-geo searches,2026-09-03
301,Reading,Performance and dance,Acting classes,acting classes Reading,30,2.4298,33,acting classes near me,10,0.3816,71,31,50% log-normalized explicit-city volume plus 50% log-normalized local-geo volume; comparison only,Separate overlapping signals; do not add explicit and local-geo searches,2026-09-03
302,Reading,Tabletop and games,Chess clubs,chess club Reading,30,0.0000,4,chess club near me,10,0.0000,2,31,50% log-normalized explicit-city volume plus 50% log-normalized local-geo volume; comparison only,Separate overlapping signals; do not add explicit and local-geo searches,2026-09-03
303,Sheffield,Tabletop and games,Dungeons & Dragons,dungeons and dragons Sheffield,30,0.0000,0,dungeons and dragons near me,10,0.0000,71,31,50% log-normalized explicit-city volume plus 50% log-normalized local-geo volume; comparison only,Separate overlapping signals; do not add explicit and local-geo searches,2026-09-03
304,Sheffield,Racket and team sport,Netball,netball clubs Sheffield,30,0.7306,3,netball clubs near me,10,0.0000,10,31,50% log-normalized explicit-city volume plus 50% log-normalized local-geo volume; comparison only,Separate overlapping signals; do not add explicit and local-geo searches,2026-09-03
305,Southampton,Tabletop and games,Dungeons & Dragons,dungeons and dragons Southampton,30,0.0000,0,dungeons and dragons near me,10,0.0000,14,31,50% log-normalized explicit-city volume plus 50% log-normalized local-geo volume; comparison only,Separate overlapping signals; do not add explicit and local-geo searches,2026-09-03
306,Belfast,Racket and team sport,Netball,netball clubs Belfast,20,0.0000,0,netball clubs near me,10,0.0000,0,29,50% log-normalized explicit-city volume plus 50% log-normalized local-geo volume; comparison only,Separate overlapping signals; do not add explicit and local-geo searches,2026-09-03
307,Liverpool,"Wellness, spa and retreats",Yoga retreats,yoga retreats Liverpool,20,0.4100,34,yoga retreat near me,10,1.1649,76,29,50% log-normalized explicit-city volume plus 50% log-normalized local-geo volume; comparison only,Separate overlapping signals; do not add explicit and local-geo searches,2026-09-03
308,Newcastle,Tabletop and games,Dungeons & Dragons,dungeons and dragons Newcastle,20,0.0000,0,dungeons and dragons near me,10,0.0000,0,29,50% log-normalized explicit-city volume plus 50% log-normalized local-geo volume; comparison only,Separate overlapping signals; do not add explicit and local-geo searches,2026-09-03
309,Newcastle,Racket and team sport,Netball,netball clubs Newcastle,20,0.0000,0,netball clubs near me,10,0.0000,0,29,50% log-normalized explicit-city volume plus 50% log-normalized local-geo volume; comparison only,Separate overlapping signals; do not add explicit and local-geo searches,2026-09-03
310,Newcastle,"Wellness, spa and retreats",Yoga retreats,yoga retreats Newcastle,20,0.6680,30,yoga retreat near me,10,0.0000,0,29,50% log-normalized explicit-city volume plus 50% log-normalized local-geo volume; comparison only,Separate overlapping signals; do not add explicit and local-geo searches,2026-09-03
311,Reading,Racket and team sport,Netball,netball clubs Reading,20,0.0000,4,netball clubs near me,10,0.0000,0,29,50% log-normalized explicit-city volume plus 50% log-normalized local-geo volume; comparison only,Separate overlapping signals; do not add explicit and local-geo searches,2026-09-03
312,Southampton,Tabletop and games,Chess clubs,chess club Southampton,20,0.0000,0,chess club near me,10,0.0000,0,29,50% log-normalized explicit-city volume plus 50% log-normalized local-geo volume; comparison only,Separate overlapping signals; do not add explicit and local-geo searches,2026-09-03
313,Liverpool,Racket and team sport,Volleyball,volleyball clubs Liverpool,10,0.0000,0,volleyball clubs near me,20,0.0000,4,28,50% log-normalized explicit-city volume plus 50% log-normalized local-geo volume; comparison only,Separate overlapping signals; do not add explicit and local-geo searches,2026-09-03
314,Newcastle,Racket and team sport,Volleyball,volleyball clubs Newcastle,10,0.0000,0,volleyball clubs near me,10,0.0000,4,25,50% log-normalized explicit-city volume plus 50% log-normalized local-geo volume; comparison only,Separate overlapping signals; do not add explicit and local-geo searches,2026-09-03
315,Reading,Tabletop and games,Dungeons & Dragons,dungeons and dragons Reading,10,0.0000,0,dungeons and dragons near me,10,0.0463,12,25,50% log-normalized explicit-city volume plus 50% log-normalized local-geo volume; comparison only,Separate overlapping signals; do not add explicit and local-geo searches,2026-09-03
316,Southampton,Tabletop and games,Quiz nights,quiz night Southampton,10,0.0000,10,quiz night near me,10,0.0000,0,25,50% log-normalized explicit-city volume plus 50% log-normalized local-geo volume; comparison only,Separate overlapping signals; do not add explicit and local-geo searches,2026-09-03
317,Birmingham,Social and relationship,Speed dating,speed dating Birmingham,0,0.0000,0,speed dating near me,50,1.1586,34,20,50% log-normalized explicit-city volume plus 50% log-normalized local-geo volume; comparison only,Separate overlapping signals; do not add explicit and local-geo searches,2026-09-03
318,Bristol,"Wellness, spa and retreats",Spa retreats,spa retreats Bristol,0,0.0000,0,spa retreat near me,20,0.7790,95,15,50% log-normalized explicit-city volume plus 50% log-normalized local-geo volume; comparison only,Separate overlapping signals; do not add explicit and local-geo searches,2026-09-03
319,Bristol,Social and relationship,Speed dating,speed dating Bristol,0,0.0000,0,speed dating near me,20,0.8501,40,15,50% log-normalized explicit-city volume plus 50% log-normalized local-geo volume; comparison only,Separate overlapping signals; do not add explicit and local-geo searches,2026-09-03
320,Leeds,Social and relationship,Speed dating,speed dating Leeds,0,0.0000,0,speed dating near me,20,0.6243,38,15,50% log-normalized explicit-city volume plus 50% log-normalized local-geo volume; comparison only,Separate overlapping signals; do not add explicit and local-geo searches,2026-09-03
321,Manchester,Social and relationship,Speed dating,speed dating Manchester,0,0.0000,0,speed dating near me,20,2.1293,44,15,50% log-normalized explicit-city volume plus 50% log-normalized local-geo volume; comparison only,Separate overlapping signals; do not add explicit and local-geo searches,2026-09-03
322,Reading,Nature and animals,Nature walks,nature walks Reading,0,0.0000,0,nature walks near me,20,0.5249,9,15,50% log-normalized explicit-city volume plus 50% log-normalized local-geo volume; comparison only,Separate overlapping signals; do not add explicit and local-geo searches,2026-09-03
323,Belfast,"Wellness, spa and retreats",Spa retreats,spa retreats Belfast,0,0.0000,0,spa retreat near me,10,0.0000,100,12,50% log-normalized explicit-city volume plus 50% log-normalized local-geo volume; comparison only,Separate overlapping signals; do not add explicit and local-geo searches,2026-09-03
324,Belfast,Racket and team sport,Volleyball,volleyball clubs Belfast,0,0.0000,0,volleyball clubs near me,10,0.0000,0,12,50% log-normalized explicit-city volume plus 50% log-normalized local-geo volume; comparison only,Separate overlapping signals; do not add explicit and local-geo searches,2026-09-03
325,Belfast,"Wellness, spa and retreats",Yoga retreats,yoga retreats Belfast,0,0.0000,0,yoga retreat near me,10,0.0000,0,12,50% log-normalized explicit-city volume plus 50% log-normalized local-geo volume; comparison only,Separate overlapping signals; do not add explicit and local-geo searches,2026-09-03
326,Birmingham,"Wellness, spa and retreats",Yoga retreats,yoga retreats Birmingham,0,0.0000,0,yoga retreat near me,10,0.6421,51,12,50% log-normalized explicit-city volume plus 50% log-normalized local-geo volume; comparison only,Separate overlapping signals; do not add explicit and local-geo searches,2026-09-03
327,Cardiff,"Wellness, spa and retreats",Spa retreats,spa retreats Cardiff,0,0.0000,0,spa retreat near me,10,0.5472,100,12,50% log-normalized explicit-city volume plus 50% log-normalized local-geo volume; comparison only,Separate overlapping signals; do not add explicit and local-geo searches,2026-09-03
328,Cardiff,Social and relationship,Speed dating,speed dating Cardiff,0,0.0000,0,speed dating near me,10,0.0000,0,12,50% log-normalized explicit-city volume plus 50% log-normalized local-geo volume; comparison only,Separate overlapping signals; do not add explicit and local-geo searches,2026-09-03
329,Cardiff,Racket and team sport,Volleyball,volleyball clubs Cardiff,0,0.0000,0,volleyball clubs near me,10,0.0000,0,12,50% log-normalized explicit-city volume plus 50% log-normalized local-geo volume; comparison only,Separate overlapping signals; do not add explicit and local-geo searches,2026-09-03
330,Cardiff,"Wellness, spa and retreats",Yoga retreats,yoga retreats Cardiff,0,0.0000,0,yoga retreat near me,10,1.0108,86,12,50% log-normalized explicit-city volume plus 50% log-normalized local-geo volume; comparison only,Separate overlapping signals; do not add explicit and local-geo searches,2026-09-03
331,Edinburgh,"Wellness, spa and retreats",Spa retreats,spa retreats Edinburgh,0,0.0000,0,spa retreat near me,10,0.2948,100,12,50% log-normalized explicit-city volume plus 50% log-normalized local-geo volume; comparison only,Separate overlapping signals; do not add explicit and local-geo searches,2026-09-03
332,Edinburgh,Social and relationship,Speed dating,speed dating Edinburgh,0,0.0000,0,speed dating near me,10,1.8098,48,12,50% log-normalized explicit-city volume plus 50% log-normalized local-geo volume; comparison only,Separate overlapping signals; do not add explicit and local-geo searches,2026-09-03
333,Edinburgh,"Wellness, spa and retreats",Yoga retreats,yoga retreats Edinburgh,0,0.0000,0,yoga retreat near me,10,0.5488,79,12,50% log-normalized explicit-city volume plus 50% log-normalized local-geo volume; comparison only,Separate overlapping signals; do not add explicit and local-geo searches,2026-09-03
334,Glasgow,"Wellness, spa and retreats",Spa retreats,spa retreats Glasgow,0,0.0000,0,spa retreat near me,10,0.4300,100,12,50% log-normalized explicit-city volume plus 50% log-normalized local-geo volume; comparison only,Separate overlapping signals; do not add explicit and local-geo searches,2026-09-03
335,Glasgow,Social and relationship,Speed dating,speed dating Glasgow,0,0.0000,0,speed dating near me,10,1.8202,63,12,50% log-normalized explicit-city volume plus 50% log-normalized local-geo volume; comparison only,Separate overlapping signals; do not add explicit and local-geo searches,2026-09-03
336,Glasgow,"Wellness, spa and retreats",Yoga retreats,yoga retreats Glasgow,0,0.0000,0,yoga retreat near me,10,0.4336,52,12,50% log-normalized explicit-city volume plus 50% log-normalized local-geo volume; comparison only,Separate overlapping signals; do not add explicit and local-geo searches,2026-09-03
337,Leeds,"Wellness, spa and retreats",Spa retreats,spa retreats Leeds,0,0.0000,0,spa retreat near me,10,0.6973,91,12,50% log-normalized explicit-city volume plus 50% log-normalized local-geo volume; comparison only,Separate overlapping signals; do not add explicit and local-geo searches,2026-09-03
338,Leeds,"Wellness, spa and retreats",Yoga retreats,yoga retreats Leeds,0,0.0000,0,yoga retreat near me,10,1.0150,64,12,50% log-normalized explicit-city volume plus 50% log-normalized local-geo volume; comparison only,Separate overlapping signals; do not add explicit and local-geo searches,2026-09-03
339,Liverpool,Social and relationship,Speed dating,speed dating Liverpool,0,0.0000,0,speed dating near me,10,1.2369,52,12,50% log-normalized explicit-city volume plus 50% log-normalized local-geo volume; comparison only,Separate overlapping signals; do not add explicit and local-geo searches,2026-09-03
340,Manchester,"Wellness, spa and retreats",Yoga retreats,yoga retreats Manchester,0,0.0000,0,yoga retreat near me,10,0.9355,71,12,50% log-normalized explicit-city volume plus 50% log-normalized local-geo volume; comparison only,Separate overlapping signals; do not add explicit and local-geo searches,2026-09-03
341,Newcastle,Social and relationship,Speed dating,speed dating Newcastle,0,0.0000,0,speed dating near me,10,4.1001,21,12,50% log-normalized explicit-city volume plus 50% log-normalized local-geo volume; comparison only,Separate overlapping signals; do not add explicit and local-geo searches,2026-09-03
342,Nottingham,"Wellness, spa and retreats",Spa retreats,spa retreats Nottingham,0,0.0000,0,spa retreat near me,10,0.5071,54,12,50% log-normalized explicit-city volume plus 50% log-normalized local-geo volume; comparison only,Separate overlapping signals; do not add explicit and local-geo searches,2026-09-03
343,Nottingham,Social and relationship,Speed dating,speed dating Nottingham,0,0.0000,0,speed dating near me,10,0.0000,24,12,50% log-normalized explicit-city volume plus 50% log-normalized local-geo volume; comparison only,Separate overlapping signals; do not add explicit and local-geo searches,2026-09-03
344,Nottingham,Racket and team sport,Volleyball,volleyball clubs Nottingham,0,0.0000,0,volleyball clubs near me,10,0.0000,0,12,50% log-normalized explicit-city volume plus 50% log-normalized local-geo volume; comparison only,Separate overlapping signals; do not add explicit and local-geo searches,2026-09-03
345,Nottingham,"Wellness, spa and retreats",Yoga retreats,yoga retreats Nottingham,0,0.0000,0,yoga retreat near me,10,0.0000,0,12,50% log-normalized explicit-city volume plus 50% log-normalized local-geo volume; comparison only,Separate overlapping signals; do not add explicit and local-geo searches,2026-09-03
346,Reading,Craft and making,General art workshops,art workshops Reading,0,0.0000,0,art workshops near me,10,0.0000,25,12,50% log-normalized explicit-city volume plus 50% log-normalized local-geo volume; comparison only,Separate overlapping signals; do not add explicit and local-geo searches,2026-09-03
347,Reading,Tabletop and games,Quiz nights,quiz night Reading,0,0.0000,0,quiz night near me,10,0.0000,0,12,50% log-normalized explicit-city volume plus 50% log-normalized local-geo volume; comparison only,Separate overlapping signals; do not add explicit and local-geo searches,2026-09-03
348,Reading,"Wellness, spa and retreats",Spa retreats,spa retreats Reading,0,0.0000,0,spa retreat near me,10,0.0000,0,12,50% log-normalized explicit-city volume plus 50% log-normalized local-geo volume; comparison only,Separate overlapping signals; do not add explicit and local-geo searches,2026-09-03
349,Reading,Social and relationship,Speed dating,speed dating Reading,0,0.0000,0,speed dating near me,10,0.0000,14,12,50% log-normalized explicit-city volume plus 50% log-normalized local-geo volume; comparison only,Separate overlapping signals; do not add explicit and local-geo searches,2026-09-03
350,Reading,Racket and team sport,Volleyball,volleyball clubs Reading,0,0.0000,0,volleyball clubs near me,10,0.0000,3,12,50% log-normalized explicit-city volume plus 50% log-normalized local-geo volume; comparison only,Separate overlapping signals; do not add explicit and local-geo searches,2026-09-03
351,Reading,"Wellness, spa and retreats",Yoga retreats,yoga retreats Reading,0,0.0000,0,yoga retreat near me,10,0.0000,86,12,50% log-normalized explicit-city volume plus 50% log-normalized local-geo volume; comparison only,Separate overlapping signals; do not add explicit and local-geo searches,2026-09-03
352,Sheffield,"Wellness, spa and retreats",Spa retreats,spa retreats Sheffield,0,0.0000,0,spa retreat near me,10,0.3130,100,12,50% log-normalized explicit-city volume plus 50% log-normalized local-geo volume; comparison only,Separate overlapping signals; do not add explicit and local-geo searches,2026-09-03
353,Sheffield,Social and relationship,Speed dating,speed dating Sheffield,0,0.0000,0,speed dating near me,10,1.6732,33,12,50% log-normalized explicit-city volume plus 50% log-normalized local-geo volume; comparison only,Separate overlapping signals; do not add explicit and local-geo searches,2026-09-03
354,Sheffield,Racket and team sport,Volleyball,volleyball clubs Sheffield,0,0.0000,0,volleyball clubs near me,10,0.0000,0,12,50% log-normalized explicit-city volume plus 50% log-normalized local-geo volume; comparison only,Separate overlapping signals; do not add explicit and local-geo searches,2026-09-03
355,Sheffield,"Wellness, spa and retreats",Yoga retreats,yoga retreats Sheffield,0,0.0000,0,yoga retreat near me,10,0.0000,0,12,50% log-normalized explicit-city volume plus 50% log-normalized local-geo volume; comparison only,Separate overlapping signals; do not add explicit and local-geo searches,2026-09-03
356,Southampton,Nature and animals,Nature walks,nature walks Southampton,0,0.0000,0,nature walks near me,10,0.0484,8,12,50% log-normalized explicit-city volume plus 50% log-normalized local-geo volume; comparison only,Separate overlapping signals; do not add explicit and local-geo searches,2026-09-03
357,Southampton,"Wellness, spa and retreats",Spa retreats,spa retreats Southampton,0,0.0000,0,spa retreat near me,10,1.5303,100,12,50% log-normalized explicit-city volume plus 50% log-normalized local-geo volume; comparison only,Separate overlapping signals; do not add explicit and local-geo searches,2026-09-03
358,Southampton,Social and relationship,Speed dating,speed dating Southampton,0,0.0000,0,speed dating near me,10,0.0000,43,12,50% log-normalized explicit-city volume plus 50% log-normalized local-geo volume; comparison only,Separate overlapping signals; do not add explicit and local-geo searches,2026-09-03
359,Southampton,Racket and team sport,Volleyball,volleyball clubs Southampton,0,0.0000,0,volleyball clubs near me,10,0.0000,0,12,50% log-normalized explicit-city volume plus 50% log-normalized local-geo volume; comparison only,Separate overlapping signals; do not add explicit and local-geo searches,2026-09-03
360,Southampton,"Wellness, spa and retreats",Yoga retreats,yoga retreats Southampton,0,0.0000,0,yoga retreat near me,10,1.3996,79,12,50% log-normalized explicit-city volume plus 50% log-normalized local-geo volume; comparison only,Separate overlapping signals; do not add explicit and local-geo searches,2026-09-03
