rank,family,format,archetype,primary_keyword,returned_keyword,close_variant_group,primary_average_monthly_searches,support_keyword_observations,competition,competition_index,average_cpc_gbp,peak_month,peak_searches,low_month,low_searches,peak_to_low_ratio,demand_score_20,commercial_intent_rating_5,repeatability_rating_5,social_design_rating_5,operating_ease_rating_5,revenue_depth_rating_5,eventization_headroom_rating_5,launch_potential_score_100,decision,recommended_entry_model,intent_caveat,evidence_class,evidence_coverage,largest_unknown,observed_at
1,Competitive experiences,Darts,tabletop,darts near me,darts near me,darts near me,12100,darts club near me:880,LOW,33,0.2922,2026-january,22200,2026-june,6600,3.36,20,5,5,5,4,5,4,95,priority_pilot,"recurring hosted night, ladder or league in a hospitality venue","Local discovery signal may mix classes, venues, clubs and events",observed_demand_plus_inference_score,national_keyword_demand_and_format_structure,"city-level paid conversion, fill rate, repeat attendance and event-level contribution",2026-09-03
2,Performance and dance,Line dancing,social_dance,line dancing near me,line dancing near me,line dancing near me,9900,line dancing classes near me:9900,LOW,3,3.0434,2025-september,14800,2025-december,6600,2.24,18,5,5,5,4,4,4,91,priority_pilot,recurring beginner-friendly dance night in a partner venue,"Local discovery signal may mix classes, venues, clubs and events",observed_demand_plus_inference_score,national_keyword_demand_and_format_structure,"city-level paid conversion, fill rate, repeat attendance and event-level contribution",2026-09-03
3,Performance and dance,Salsa classes,social_dance,salsa classes near me,salsa classes near me,salsa classes near me,2900,salsa dancing near me:880,LOW,19,0.7731,2025-august,3600,2026-april,2400,1.50,16,5,5,5,4,4,4,89,priority_pilot,recurring beginner-friendly dance night in a partner venue,"Local discovery signal may mix classes, venues, clubs and events",observed_demand_plus_inference_score,national_keyword_demand_and_format_structure,"city-level paid conversion, fill rate, repeat attendance and event-level contribution",2026-09-03
4,Tabletop and games,Board-game cafes,tabletop,board game cafe near me,board game cafe near me,board game cafe near me,6600,board game cafe:12100,LOW,17,0.1821,2026-january,9900,2026-april,5400,1.83,18,5,4,5,3,5,4,88,priority_pilot,"recurring hosted night, ladder or league in a hospitality venue","Local discovery signal may mix classes, venues, clubs and events",observed_demand_plus_inference_score,national_keyword_demand_and_format_structure,"city-level paid conversion, fill rate, repeat attendance and event-level contribution",2026-09-03
5,Performance and dance,Ballroom dancing,social_dance,ballroom dancing near me,ballroom dancing near me,ballroom dancing near me,1000,ballroom dance classes near me:2400,LOW,11,0.7535,2025-october,2400,2026-june,480,5.00,14,5,5,5,4,4,4,87,priority_pilot,recurring beginner-friendly dance night in a partner venue,"Local discovery signal may mix classes, venues, clubs and events",observed_demand_plus_inference_score,national_keyword_demand_and_format_structure,"city-level paid conversion, fill rate, repeat attendance and event-level contribution",2026-09-03
6,Craft and making,Pottery painting,studio_craft,pottery painting near me,pottery painting near me,pottery painting near me,40500,pottery painting:33100,LOW,16,0.3083,2025-august,60500,2025-december,27100,2.23,20,5,4,4,2,5,4,85,strong_test,portable workshop or studio-capacity partnership before a lease,"Local discovery signal may mix classes, venues, clubs and events",observed_demand_plus_inference_score,national_keyword_demand_and_format_structure,"city-level paid conversion, fill rate, repeat attendance and event-level contribution",2026-09-03
7,Craft and making,Pottery classes,studio_craft,pottery classes near me,pottery classes near me,pottery classes near me,14800,pottery workshop near me:1300,HIGH,90,0.6430,2026-january,22200,2026-may,9900,2.24,20,5,4,4,2,5,4,85,strong_test,portable workshop or studio-capacity partnership before a lease,"Local discovery signal may mix classes, venues, clubs and events",observed_demand_plus_inference_score,national_keyword_demand_and_format_structure,"city-level paid conversion, fill rate, repeat attendance and event-level contribution",2026-09-03
8,Performance and dance,Bachata classes,social_dance,bachata classes near me,bachata classes near me,bachata classes near me,720,bachata near me:320,LOW,23,0.5651,2025-august,880,2026-june,480,1.83,12,5,5,5,4,4,4,85,strong_test,recurring beginner-friendly dance night in a partner venue,"Local discovery signal may mix classes, venues, clubs and events",observed_demand_plus_inference_score,national_keyword_demand_and_format_structure,"city-level paid conversion, fill rate, repeat attendance and event-level contribution",2026-09-03
9,Performance and dance,Swing dancing,social_dance,swing dance classes near me,swing dance classes near me,swing dance classes near me,590,swing dancing near me:210,LOW,6,1.5848,2025-august,720,2026-july,390,1.85,12,5,5,5,4,4,4,85,strong_test,recurring beginner-friendly dance night in a partner venue,"Local discovery signal may mix classes, venues, clubs and events",observed_demand_plus_inference_score,national_keyword_demand_and_format_structure,"city-level paid conversion, fill rate, repeat attendance and event-level contribution",2026-09-03
10,Performance and dance,Karaoke,participatory_performance,karaoke near me,karaoke near me,karaoke near me,49500,karaoke events near me:20,LOW,32,0.2583,2025-december,60500,2025-september,40500,1.49,20,4,3,5,4,4,4,84,strong_test,short course or recurring hosted night,"Local discovery signal may mix classes, venues, clubs and events",observed_demand_plus_inference_score,national_keyword_demand_and_format_structure,"city-level paid conversion, fill rate, repeat attendance and event-level contribution",2026-09-03
11,Tabletop and games,Dungeons & Dragons,tabletop,dungeons and dragons near me,dungeons and dragons near me,dungeons and dragons near me,1300,dnd groups near me:480,LOW,9,0.1490,2026-january,1900,2026-june,880,2.16,14,4,5,5,3,5,4,84,strong_test,"recurring hosted night, ladder or league in a hospitality venue","Local discovery signal may mix classes, venues, clubs and events",observed_demand_plus_inference_score,national_keyword_demand_and_format_structure,"city-level paid conversion, fill rate, repeat attendance and event-level contribution",2026-09-03
12,Craft and making,Sewing classes,studio_craft,sewing classes near me,sewing classes near me,sewing classes near me,5400,sewing workshop near me:390,HIGH,74,0.5925,2025-august,8100,2025-november,4400,1.84,18,5,4,4,2,5,4,83,strong_test,portable workshop or studio-capacity partnership before a lease,"Local discovery signal may mix classes, venues, clubs and events",observed_demand_plus_inference_score,national_keyword_demand_and_format_structure,"city-level paid conversion, fill rate, repeat attendance and event-level contribution",2026-09-03
13,Food and drink,Wine tasting,tasting,wine tasting near me,wine tasting near me,wine tasting near me,5400,wine tasting events near me:170,HIGH,100,0.8210,2025-august,8100,2026-february,3600,2.25,18,5,3,4,5,5,3,83,strong_test,producer and venue partnership while the operator owns the audience,"Local discovery signal may mix classes, venues, clubs and events",observed_demand_plus_inference_score,national_keyword_demand_and_format_structure,"city-level paid conversion, fill rate, repeat attendance and event-level contribution",2026-09-03
14,Performance and dance,Acting classes,participatory_performance,acting classes near me,acting classes near me,acting classes near me,3600,adult acting classes near me:590,MEDIUM,51,2.2071,2026-january,6600,2026-may,2400,2.75,16,4,4,5,4,4,4,83,strong_test,short course or recurring hosted night,"Local discovery signal may mix classes, venues, clubs and events",observed_demand_plus_inference_score,national_keyword_demand_and_format_structure,"city-level paid conversion, fill rate, repeat attendance and event-level contribution",2026-09-03
15,Performance and dance,Choirs,hobby_club,choir near me,choir near me,choir near me|choirs near me,3600,choirs near me:3600,LOW,3,2.4854,2025-september,5400,2026-june,2400,2.25,16,3,5,5,5,3,4,83,strong_test,recurring club or season with a facilitator,"Local discovery signal may mix classes, venues, clubs and events",observed_demand_plus_inference_score,national_keyword_demand_and_format_structure,"city-level paid conversion, fill rate, repeat attendance and event-level contribution",2026-09-03
16,Tabletop and games,Quiz nights,tabletop,quiz night near me,quiz night near me,quiz night near me,2900,pub quiz near me:8100,LOW,3,0.6879,2025-august,3600,2025-december,1900,1.89,16,3,5,5,5,3,4,83,strong_test,"recurring hosted night, ladder or league in a hospitality venue","Local discovery signal may mix classes, venues, clubs and events",observed_demand_plus_inference_score,national_keyword_demand_and_format_structure,"city-level paid conversion, fill rate, repeat attendance and event-level contribution",2026-09-03
17,Tabletop and games,Bingo,venue_entertainment,bingo near me,bingo near me,bingo near me,12100,bingo night near me:480,LOW,12,2.2603,2025-august,18100,2025-december,9900,1.83,20,5,4,4,2,5,3,82,strong_test,partner with the asset owner; do not build the venue first,May resolve to venue or facility booking rather than a managed social event,observed_demand_plus_inference_score,national_keyword_demand_and_format_structure,"city-level paid conversion, fill rate, repeat attendance and event-level contribution",2026-09-03
18,Racket and team sport,Volleyball,team_sport,volleyball clubs near me,volleyball clubs near me,volleyball clubs near me,4400,social volleyball near me:20,LOW,3,0.3712,2025-september,5400,2025-december,2900,1.86,16,4,5,5,2,4,4,82,strong_test,prepaid season using rented facility slots,"Local discovery signal may mix classes, venues, clubs and events",observed_demand_plus_inference_score,national_keyword_demand_and_format_structure,"city-level paid conversion, fill rate, repeat attendance and event-level contribution",2026-09-03
19,Racket and team sport,Basketball,team_sport,basketball clubs near me,basketball clubs near me,basketball clubs near me,2900,basketball near me:2900,LOW,6,0.6425,2025-september,4400,2025-august,2400,1.83,16,4,5,5,2,4,4,82,strong_test,prepaid season using rented facility slots,"Local discovery signal may mix classes, venues, clubs and events",observed_demand_plus_inference_score,national_keyword_demand_and_format_structure,"city-level paid conversion, fill rate, repeat attendance and event-level contribution",2026-09-03
20,Racket and team sport,Netball,team_sport,netball clubs near me,netball clubs near me,netball clubs near me,2900,social netball near me:110,LOW,10,1.2329,2025-september,5400,2025-december,1900,2.84,16,4,5,5,2,4,4,82,strong_test,prepaid season using rented facility slots,"Local discovery signal may mix classes, venues, clubs and events",observed_demand_plus_inference_score,national_keyword_demand_and_format_structure,"city-level paid conversion, fill rate, repeat attendance and event-level contribution",2026-09-03
21,Social and relationship,Speed dating,social_first,speed dating near me,speed dating near me,speed dating near me,2900,speed dating:5400,MEDIUM,42,1.6623,2025-august,3600,2025-december,2400,1.50,16,4,4,5,5,4,3,82,strong_test,owned hosted series in a partner venue,"Local discovery signal may mix classes, venues, clubs and events",observed_demand_plus_inference_score,national_keyword_demand_and_format_structure,"city-level paid conversion, fill rate, repeat attendance and event-level contribution",2026-09-03
22,Outdoor and endurance,Running clubs,outdoor_club,running clubs near me,running clubs near me,running clubs near me|run club near me,4400,run club near me:4400,LOW,15,1.3924,2025-august,5400,2025-december,3600,1.50,16,3,5,5,4,3,4,81,strong_test,host-led club or bounded paid cohort,"Local discovery signal may mix classes, venues, clubs and events",observed_demand_plus_inference_score,national_keyword_demand_and_format_structure,"city-level paid conversion, fill rate, repeat attendance and event-level contribution",2026-09-03
23,Tabletop and games,Chess clubs,tabletop,chess club near me,chess club near me,chess club near me|chess clubs near me,2400,chess clubs near me:2400,LOW,4,0.7754,2025-august,2900,2025-december,2400,1.21,14,3,5,5,5,3,4,81,strong_test,"recurring hosted night, ladder or league in a hospitality venue","Local discovery signal may mix classes, venues, clubs and events",observed_demand_plus_inference_score,national_keyword_demand_and_format_structure,"city-level paid conversion, fill rate, repeat attendance and event-level contribution",2026-09-03
24,Live culture,Open-mic nights,participatory_performance,open mic night near me,open mic night near me,open mic night near me,2400,open mic near me:2400,LOW,2,0.0711,2025-august,3600,2025-december,1900,1.89,14,4,4,5,4,4,4,81,strong_test,short course or recurring hosted night,"Local discovery signal may mix classes, venues, clubs and events",observed_demand_plus_inference_score,national_keyword_demand_and_format_structure,"city-level paid conversion, fill rate, repeat attendance and event-level contribution",2026-09-03
25,"Wellness, spa and retreats",Yoga retreats,retreat,yoga retreats uk,yoga retreats uk,yoga retreats uk,2400,yoga retreat near me:880,HIGH,70,1.1447,2025-september,3600,2025-november,1900,1.89,14,5,4,4,3,5,4,81,strong_test,hosted weekend using partner accommodation and practitioners,Format-specific phrase still may contain informational or non-commercial intent,observed_demand_plus_inference_score,national_keyword_demand_and_format_structure,"city-level paid conversion, fill rate, repeat attendance and event-level contribution",2026-09-03
26,Racket and team sport,Padel,facility_sport,padel near me,padel near me,padel near me,49500,padel clubs near me:2400,LOW,15,0.3852,2026-april,60500,2025-december,27100,2.23,20,5,4,4,2,4,3,80,strong_test,managed social session through an existing facility,May resolve to venue or facility booking rather than a managed social event,observed_demand_plus_inference_score,national_keyword_demand_and_format_structure,"city-level paid conversion, fill rate, repeat attendance and event-level contribution",2026-09-03
27,Nature and animals,Horse riding,facility_sport,horse riding near me,horse riding near me,horse riding near me,22200,horse riding lessons near me:14800,LOW,11,1.0619,2025-august,40500,2025-december,14800,2.74,20,5,4,4,2,4,3,80,strong_test,managed social session through an existing facility,May resolve to venue or facility booking rather than a managed social event,observed_demand_plus_inference_score,national_keyword_demand_and_format_structure,"city-level paid conversion, fill rate, repeat attendance and event-level contribution",2026-09-03
28,Outdoor and endurance,Climbing,facility_sport,climbing near me,climbing near me,climbing near me,14800,climbing clubs near me:720,LOW,23,0.2230,2025-august,18100,2025-december,12100,1.50,20,5,4,4,2,4,3,80,strong_test,managed social session through an existing facility,May resolve to venue or facility booking rather than a managed social event,observed_demand_plus_inference_score,national_keyword_demand_and_format_structure,"city-level paid conversion, fill rate, repeat attendance and event-level contribution",2026-09-03
29,Outdoor and endurance,Roller skating,facility_sport,roller skating near me,roller skating near me,roller skating near me,14800,roller disco near me:2900,LOW,16,0.4500,2026-january,22200,2026-june,8100,2.74,20,5,4,4,2,4,3,80,strong_test,managed social session through an existing facility,May resolve to venue or facility booking rather than a managed social event,observed_demand_plus_inference_score,national_keyword_demand_and_format_structure,"city-level paid conversion, fill rate, repeat attendance and event-level contribution",2026-09-03
30,Outdoor and endurance,Bouldering,facility_sport,bouldering near me,bouldering near me,bouldering near me,12100,bouldering clubs near me:30,LOW,21,0.1760,2025-august,14800,2025-november,9900,1.49,20,5,4,4,2,4,3,80,strong_test,managed social session through an existing facility,May resolve to venue or facility booking rather than a managed social event,observed_demand_plus_inference_score,national_keyword_demand_and_format_structure,"city-level paid conversion, fill rate, repeat attendance and event-level contribution",2026-09-03
31,Racket and team sport,Tennis,facility_sport,tennis clubs near me,tennis clubs near me,tennis clubs near me,12100,tennis lessons near me:4400,LOW,12,0.3437,2026-july,14800,2025-december,5400,2.74,20,5,4,4,2,4,3,80,strong_test,managed social session through an existing facility,May resolve to venue or facility booking rather than a managed social event,observed_demand_plus_inference_score,national_keyword_demand_and_format_structure,"city-level paid conversion, fill rate, repeat attendance and event-level contribution",2026-09-03
32,Racket and team sport,Five-a-side football,team_sport,5 a side football near me,5 a side football near me,5 a side football near me,1900,five a side football near me:1900,LOW,14,1.0579,2025-september,2400,2025-december,1300,1.85,14,4,5,5,2,4,4,80,strong_test,prepaid season using rented facility slots,"Local discovery signal may mix classes, venues, clubs and events",observed_demand_plus_inference_score,national_keyword_demand_and_format_structure,"city-level paid conversion, fill rate, repeat attendance and event-level contribution",2026-09-03
33,Racket and team sport,Hockey,team_sport,hockey clubs near me,hockey clubs near me,hockey clubs near me,1900,social hockey near me:10,LOW,1,0.0123,2026-february,3600,2026-april,1000,3.60,14,4,5,5,2,4,4,80,strong_test,prepaid season using rented facility slots,"Local discovery signal may mix classes, venues, clubs and events",observed_demand_plus_inference_score,national_keyword_demand_and_format_structure,"city-level paid conversion, fill rate, repeat attendance and event-level contribution",2026-09-03
34,Tabletop and games,Backgammon clubs,tabletop,backgammon club near me,backgammon club near me,backgammon club near me,170,backgammon near me:90,LOW,1,0.0000,2025-december,260,2026-july,90,2.89,8,4,5,5,5,4,4,80,strong_test,"recurring hosted night, ladder or league in a hospitality venue","Local discovery signal may mix classes, venues, clubs and events",observed_demand_plus_inference_score,national_keyword_demand_and_format_structure,"city-level paid conversion, fill rate, repeat attendance and event-level contribution",2026-09-03
35,Tabletop and games,Mahjong,tabletop,mahjong near me,mahjong near me,mahjong near me,140,mahjong club near me:90,LOW,3,0.0000,2026-march,210,2025-august,110,1.91,8,4,5,5,5,4,4,80,strong_test,"recurring hosted night, ladder or league in a hospitality venue","Local discovery signal may mix classes, venues, clubs and events",observed_demand_plus_inference_score,national_keyword_demand_and_format_structure,"city-level paid conversion, fill rate, repeat attendance and event-level contribution",2026-09-03
36,Competitive experiences,Bowling,venue_entertainment,bowling near me,bowling near me,bowling near me,110000,bowling alley near me:33100,LOW,27,0.4499,2025-august,165000,2026-june,74000,2.23,20,5,3,4,2,5,3,79,strong_test,partner with the asset owner; do not build the venue first,May resolve to venue or facility booking rather than a managed social event,observed_demand_plus_inference_score,national_keyword_demand_and_format_structure,"city-level paid conversion, fill rate, repeat attendance and event-level contribution",2026-09-03
37,Tabletop and games,Escape rooms,venue_entertainment,escape rooms near me,escape rooms near me,escape rooms near me|escape room near me,60500,escape room near me:60500,MEDIUM,47,0.9487,2025-august,90500,2026-june,40500,2.23,20,5,3,4,2,5,3,79,strong_test,partner with the asset owner; do not build the venue first,May resolve to venue or facility booking rather than a managed social event,observed_demand_plus_inference_score,national_keyword_demand_and_format_structure,"city-level paid conversion, fill rate, repeat attendance and event-level contribution",2026-09-03
38,Competitive experiences,Go-karting,venue_entertainment,go karting near me,go karting near me,go karting near me|go karts near me,60500,go karts near me:60500,MEDIUM,37,0.6462,2025-august,110000,2025-november,49500,2.22,20,5,3,4,2,5,3,79,strong_test,partner with the asset owner; do not build the venue first,May resolve to venue or facility booking rather than a managed social event,observed_demand_plus_inference_score,national_keyword_demand_and_format_structure,"city-level paid conversion, fill rate, repeat attendance and event-level contribution",2026-09-03
39,Competitive experiences,Crazy golf,venue_entertainment,crazy golf near me,crazy golf near me,crazy golf near me,33100,mini golf near me:49500,LOW,24,0.4127,2025-august,90500,2025-december,14800,6.11,20,5,3,4,2,5,3,79,strong_test,partner with the asset owner; do not build the venue first,May resolve to venue or facility booking rather than a managed social event,observed_demand_plus_inference_score,national_keyword_demand_and_format_structure,"city-level paid conversion, fill rate, repeat attendance and event-level contribution",2026-09-03
40,Competitive experiences,Paintball,venue_entertainment,paintball near me,paintball near me,paintball near me|paintballing near me,22200,paintballing near me:22200,MEDIUM,41,0.9365,2025-august,33100,2025-december,14800,2.24,20,5,3,4,2,5,3,79,strong_test,partner with the asset owner; do not build the venue first,May resolve to venue or facility booking rather than a managed social event,observed_demand_plus_inference_score,national_keyword_demand_and_format_structure,"city-level paid conversion, fill rate, repeat attendance and event-level contribution",2026-09-03
41,Competitive experiences,Airsoft,venue_entertainment,airsoft near me,airsoft near me,airsoft near me,14800,airsoft events near me:140,LOW,10,0.4570,2025-august,22200,2025-december,12100,1.83,20,5,3,4,2,5,3,79,strong_test,partner with the asset owner; do not build the venue first,May resolve to venue or facility booking rather than a managed social event,observed_demand_plus_inference_score,national_keyword_demand_and_format_structure,"city-level paid conversion, fill rate, repeat attendance and event-level contribution",2026-09-03
42,Competitive experiences,Laser tag,venue_entertainment,laser tag near me,laser tag near me,laser tag near me,12100,laser quest near me:5400,LOW,30,0.7881,2025-august,18100,2025-december,9900,1.83,20,5,3,4,2,5,3,79,strong_test,partner with the asset owner; do not build the venue first,May resolve to venue or facility booking rather than a managed social event,observed_demand_plus_inference_score,national_keyword_demand_and_format_structure,"city-level paid conversion, fill rate, repeat attendance and event-level contribution",2026-09-03
43,Food and drink,Cooking classes,food_class,cooking classes near me,cooking classes near me,cooking classes near me,8100,cookery courses near me:1000,HIGH,99,0.7675,2025-november,9900,2026-april,5400,1.83,18,5,3,4,3,5,3,79,strong_test,licensed kitchen or hospitality partnership,"Local discovery signal may mix classes, venues, clubs and events",observed_demand_plus_inference_score,national_keyword_demand_and_format_structure,"city-level paid conversion, fill rate, repeat attendance and event-level contribution",2026-09-03
44,Nature and animals,Nature walks,nature_class,nature walks near me,nature walks near me,nature walks near me,6600,guided nature walks near me:20,LOW,11,1.0187,2025-august,9900,2025-november,3600,2.75,18,4,3,4,4,4,4,79,strong_test,guided session with a qualified facilitator and land partner,"Local discovery signal may mix classes, venues, clubs and events",observed_demand_plus_inference_score,national_keyword_demand_and_format_structure,"city-level paid conversion, fill rate, repeat attendance and event-level contribution",2026-09-03
45,Social and relationship,Social clubs,hobby_club,social clubs near me,social clubs near me,social clubs near me|social club near me,6600,social club near me:6600,LOW,6,0.5775,2025-august,8100,2025-december,5400,1.50,18,2,5,5,5,3,3,79,strong_test,recurring club or season with a facilitator,"Mixed with private members clubs, sports clubs and venue discovery",observed_demand_plus_inference_score,national_keyword_demand_and_format_structure,"city-level paid conversion, fill rate, repeat attendance and event-level contribution",2026-09-03
46,Fitness and mind-body,Sound baths,fitness_class,sound bath near me,sound bath near me,sound bath near me,6600,sound healing near me:480,LOW,14,0.7217,2026-january,9900,2025-december,4400,2.25,18,5,4,2,4,4,4,79,strong_test,themed social cohort through an instructor and venue partner,"Local discovery signal may mix classes, venues, clubs and events",observed_demand_plus_inference_score,national_keyword_demand_and_format_structure,"city-level paid conversion, fill rate, repeat attendance and event-level contribution",2026-09-03
47,Outdoor and endurance,Walking groups,outdoor_club,walking groups near me,walking groups near me,walking groups near me,2400,walking club near me:210,LOW,8,3.4717,2026-january,3600,2025-november,1900,1.89,14,3,5,5,4,3,4,79,strong_test,host-led club or bounded paid cohort,"Local discovery signal may mix classes, venues, clubs and events",observed_demand_plus_inference_score,national_keyword_demand_and_format_structure,"city-level paid conversion, fill rate, repeat attendance and event-level contribution",2026-09-03
48,Outdoor and endurance,Cycling clubs,outdoor_club,cycling clubs near me,cycling clubs near me,cycling clubs near me,1900,bike clubs near me:1900,LOW,9,1.6667,2025-august,2900,2025-november,1300,2.23,14,3,5,5,4,3,4,79,strong_test,host-led club or bounded paid cohort,"Local discovery signal may mix classes, venues, clubs and events",observed_demand_plus_inference_score,national_keyword_demand_and_format_structure,"city-level paid conversion, fill rate, repeat attendance and event-level contribution",2026-09-03
49,Craft and making,Floristry,studio_craft,floristry courses near me,floristry courses near me,floristry courses near me,1900,floristry workshops near me:2900,MEDIUM,65,0.7347,2025-september,2400,2025-november,1600,1.50,14,5,4,4,2,5,4,79,strong_test,portable workshop or studio-capacity partnership before a lease,"Local discovery signal may mix classes, venues, clubs and events",observed_demand_plus_inference_score,national_keyword_demand_and_format_structure,"city-level paid conversion, fill rate, repeat attendance and event-level contribution",2026-09-03
50,Craft and making,Woodworking,studio_craft,woodworking courses near me,woodworking courses near me,woodworking courses near me,1600,woodworking classes near me:720,HIGH,71,1.2236,2025-september,1900,2026-june,1000,1.90,14,5,4,4,2,5,4,79,strong_test,portable workshop or studio-capacity partnership before a lease,"Local discovery signal may mix classes, venues, clubs and events",observed_demand_plus_inference_score,national_keyword_demand_and_format_structure,"city-level paid conversion, fill rate, repeat attendance and event-level contribution",2026-09-03
51,Craft and making,Jewellery making,studio_craft,jewellery making classes near me,jewellery making classes near me,jewellery making classes near me,1000,jewellery making workshop near me:260,HIGH,100,0.7121,2025-august,1300,2026-april,880,1.48,14,5,4,4,2,5,4,79,strong_test,portable workshop or studio-capacity partnership before a lease,"Local discovery signal may mix classes, venues, clubs and events",observed_demand_plus_inference_score,national_keyword_demand_and_format_structure,"city-level paid conversion, fill rate, repeat attendance and event-level contribution",2026-09-03
52,Craft and making,Knitting groups,hobby_club,knitting groups near me,knitting groups near me,knitting groups near me,880,knitting club near me:480,LOW,1,0.0000,2025-november,1300,2026-july,480,2.71,12,3,5,5,5,3,4,79,strong_test,recurring club or season with a facilitator,"Local discovery signal may mix classes, venues, clubs and events",observed_demand_plus_inference_score,national_keyword_demand_and_format_structure,"city-level paid conversion, fill rate, repeat attendance and event-level contribution",2026-09-03
53,Technical and maker hobbies,Motorcycle clubs,hobby_club,motorcycle clubs near me,motorcycle clubs near me,motorcycle clubs near me,880,motorbike clubs near me:880,LOW,1,0.3359,2025-august,1300,2025-december,590,2.20,12,3,5,5,5,3,4,79,strong_test,recurring club or season with a facilitator,"Local discovery signal may mix classes, venues, clubs and events",observed_demand_plus_inference_score,national_keyword_demand_and_format_structure,"city-level paid conversion, fill rate, repeat attendance and event-level contribution",2026-09-03
54,Performance and dance,Singing groups,hobby_club,singing groups near me,singing groups near me,singing groups near me|singing group near me,880,singing group near me:880,LOW,5,3.1802,2025-august,1300,2026-july,480,2.71,12,3,5,5,5,3,4,79,strong_test,recurring club or season with a facilitator,"Local discovery signal may mix classes, venues, clubs and events",observed_demand_plus_inference_score,national_keyword_demand_and_format_structure,"city-level paid conversion, fill rate, repeat attendance and event-level contribution",2026-09-03
55,Technical and maker hobbies,Car clubs,hobby_club,car clubs near me,car clubs near me,car clubs near me,720,classic car clubs near me:210,MEDIUM,36,1.0202,2026-march,1000,2025-november,590,1.69,12,3,5,5,5,3,4,79,strong_test,recurring club or season with a facilitator,"Local discovery signal may mix classes, venues, clubs and events",observed_demand_plus_inference_score,national_keyword_demand_and_format_structure,"city-level paid conversion, fill rate, repeat attendance and event-level contribution",2026-09-03
56,Nature and animals,Gardening clubs,hobby_club,gardening clubs near me,gardening clubs near me,gardening clubs near me|garden club near me,720,garden club near me:720,LOW,3,0.8892,2026-march,1000,2025-december,390,2.56,12,3,5,5,5,3,4,79,strong_test,recurring club or season with a facilitator,"Local discovery signal may mix classes, venues, clubs and events",observed_demand_plus_inference_score,national_keyword_demand_and_format_structure,"city-level paid conversion, fill rate, repeat attendance and event-level contribution",2026-09-03
57,Technical and maker hobbies,Makerspaces,hobby_club,makerspace near me,makerspace near me,makerspace near me,720,maker space near me:260,LOW,12,0.8784,2026-may,2900,2025-december,390,7.44,12,3,5,5,5,3,4,79,strong_test,recurring club or season with a facilitator,"Local discovery signal may mix classes, venues, clubs and events",observed_demand_plus_inference_score,national_keyword_demand_and_format_structure,"city-level paid conversion, fill rate, repeat attendance and event-level contribution",2026-09-03
58,Performance and dance,Burlesque classes,participatory_performance,burlesque classes near me,burlesque classes near me,burlesque classes near me,590,burlesque workshop:40,LOW,6,0.7952,2026-january,880,2025-november,480,1.83,12,4,4,5,4,4,4,79,strong_test,short course or recurring hosted night,"Local discovery signal may mix classes, venues, clubs and events",observed_demand_plus_inference_score,national_keyword_demand_and_format_structure,"city-level paid conversion, fill rate, repeat attendance and event-level contribution",2026-09-03
59,"Wellness, spa and retreats",Writing retreats,retreat,writing retreats uk,writing retreats uk,writing retreats uk,590,writing retreat near me:50,MEDIUM,38,0.8398,2026-january,880,2025-october,590,1.49,12,5,4,4,3,5,4,79,strong_test,hosted weekend using partner accommodation and practitioners,Format-specific phrase still may contain informational or non-commercial intent,observed_demand_plus_inference_score,national_keyword_demand_and_format_structure,"city-level paid conversion, fill rate, repeat attendance and event-level contribution",2026-09-03
60,Outdoor and endurance,Paddleboarding,facility_sport,paddleboarding near me,paddleboarding near me,paddleboarding near me|paddle board near me,9900,paddle board near me:9900,LOW,26,0.4261,2025-august,33100,2025-november,1000,33.10,18,5,4,4,2,4,3,78,strong_test,managed social session through an existing facility,May resolve to venue or facility booking rather than a managed social event,observed_demand_plus_inference_score,national_keyword_demand_and_format_structure,"city-level paid conversion, fill rate, repeat attendance and event-level contribution",2026-09-03
61,Racket and team sport,Pickleball,facility_sport,pickleball near me,pickleball near me,pickleball near me,8100,pickleball clubs near me:480,LOW,10,0.5837,2025-august,9900,2025-november,5400,1.83,18,5,4,4,2,4,3,78,strong_test,managed social session through an existing facility,May resolve to venue or facility booking rather than a managed social event,observed_demand_plus_inference_score,national_keyword_demand_and_format_structure,"city-level paid conversion, fill rate, repeat attendance and event-level contribution",2026-09-03
62,Outdoor and endurance,Kayaking,facility_sport,kayaking near me,kayaking near me,kayaking near me,6600,kayak clubs near me:590,MEDIUM,35,0.5956,2025-august,22200,2025-december,1000,22.20,18,5,4,4,2,4,3,78,strong_test,managed social session through an existing facility,May resolve to venue or facility booking rather than a managed social event,observed_demand_plus_inference_score,national_keyword_demand_and_format_structure,"city-level paid conversion, fill rate, repeat attendance and event-level contribution",2026-09-03
63,Racket and team sport,Badminton,facility_sport,badminton clubs near me,badminton clubs near me,badminton clubs near me,5400,badminton near me:12100,LOW,4,1.0509,2026-february,9900,2026-june,3600,2.75,18,5,4,4,2,4,3,78,strong_test,managed social session through an existing facility,May resolve to venue or facility booking rather than a managed social event,observed_demand_plus_inference_score,national_keyword_demand_and_format_structure,"city-level paid conversion, fill rate, repeat attendance and event-level contribution",2026-09-03
64,"Ideas, books and learning",Book clubs,hobby_club,book club near me,book club near me,book club near me|book clubs near me,4400,book clubs near me:4400,LOW,13,0.9092,2026-january,6600,2025-december,3600,1.83,16,2,5,5,5,2,4,78,strong_test,recurring club or season with a facilitator,"Local discovery signal may mix classes, venues, clubs and events",observed_demand_plus_inference_score,national_keyword_demand_and_format_structure,"city-level paid conversion, fill rate, repeat attendance and event-level contribution",2026-09-03
65,"Ideas, books and learning",Reading groups,hobby_club,reading groups near me,reading groups near me,reading groups near me,4400,reading group near me:4400,LOW,13,0.9092,2026-january,6600,2025-december,3600,1.83,16,2,5,5,5,2,4,78,strong_test,recurring club or season with a facilitator,"Local discovery signal may mix classes, venues, clubs and events",observed_demand_plus_inference_score,national_keyword_demand_and_format_structure,"city-level paid conversion, fill rate, repeat attendance and event-level contribution",2026-09-03
66,"Wellness, spa and retreats",Wellness retreats,retreat,wellness retreats uk,wellness retreats uk,wellness retreats uk,2400,wellness retreat near me:1000,HIGH,94,0.8189,2025-august,2900,2025-november,1900,1.53,14,5,3,4,3,5,4,78,strong_test,hosted weekend using partner accommodation and practitioners,Format-specific phrase still may contain informational or non-commercial intent,observed_demand_plus_inference_score,national_keyword_demand_and_format_structure,"city-level paid conversion, fill rate, repeat attendance and event-level contribution",2026-09-03
67,"Wellness, spa and retreats",Spa retreats,retreat,spa retreats uk,spa retreats uk,spa retreats uk,1300,spa retreat near me:1600,HIGH,100,0.8113,2026-january,1600,2026-june,880,1.82,14,5,3,4,3,5,4,78,strong_test,hosted weekend using partner accommodation and practitioners,Format-specific phrase still may contain informational or non-commercial intent,observed_demand_plus_inference_score,national_keyword_demand_and_format_structure,"city-level paid conversion, fill rate, repeat attendance and event-level contribution",2026-09-03
68,"Wellness, spa and retreats",Meditation retreats,retreat,meditation retreats uk,meditation retreats uk,meditation retreats uk,1000,meditation retreat near me:2400,MEDIUM,48,1.6438,2025-august,1300,2025-november,880,1.48,14,5,3,4,3,5,4,78,strong_test,hosted weekend using partner accommodation and practitioners,Format-specific phrase still may contain informational or non-commercial intent,observed_demand_plus_inference_score,national_keyword_demand_and_format_structure,"city-level paid conversion, fill rate, repeat attendance and event-level contribution",2026-09-03
69,Community and alternative,Silent discos,participatory_performance,silent disco near me,silent disco near me,silent disco near me,1000,silent disco events near me:70,LOW,31,1.6047,2025-august,1600,2025-december,720,2.22,14,4,3,5,4,4,4,78,strong_test,short course or recurring hosted night,"Local discovery signal may mix classes, venues, clubs and events",observed_demand_plus_inference_score,national_keyword_demand_and_format_structure,"city-level paid conversion, fill rate, repeat attendance and event-level contribution",2026-09-03
70,Social and relationship,Singles events,social_first,singles events near me,singles events near me,singles events near me,880,singles events:480,MEDIUM,40,2.3693,2025-august,1000,2025-september,720,1.39,12,4,4,5,5,4,3,78,strong_test,owned hosted series in a partner venue,"Local discovery signal may mix classes, venues, clubs and events",observed_demand_plus_inference_score,national_keyword_demand_and_format_structure,"city-level paid conversion, fill rate, repeat attendance and event-level contribution",2026-09-03
71,"Wellness, spa and retreats",Men's retreats,retreat,mens retreats uk,mens retreats uk,mens retreats uk,140,mens retreat near me:20,LOW,20,1.0583,2025-august,210,2025-november,110,1.91,8,5,3,5,3,5,5,78,strong_test,hosted weekend using partner accommodation and practitioners,Format-specific phrase still may contain informational or non-commercial intent,observed_demand_plus_inference_score,national_keyword_demand_and_format_structure,"city-level paid conversion, fill rate, repeat attendance and event-level contribution",2026-09-03
72,Tabletop and games,Board-game nights,tabletop,board game night near me,board game night near me,board game night near me,90,board game events near me:40,LOW,3,0.0000,2026-january,140,2025-september,50,2.80,6,4,5,5,5,4,4,78,strong_test,"recurring hosted night, ladder or league in a hospitality venue","Local discovery signal may mix classes, venues, clubs and events",observed_demand_plus_inference_score,national_keyword_demand_and_format_structure,"city-level paid conversion, fill rate, repeat attendance and event-level contribution",2026-09-03
73,Competitive experiences,Axe throwing,venue_entertainment,axe throwing near me,axe throwing near me,axe throwing near me,6600,axe throwing:14800,LOW,27,1.1603,2025-august,8100,2026-june,3600,2.25,18,5,3,4,2,5,3,77,partner_led_test,partner with the asset owner; do not build the venue first,May resolve to venue or facility booking rather than a managed social event,observed_demand_plus_inference_score,national_keyword_demand_and_format_structure,"city-level paid conversion, fill rate, repeat attendance and event-level contribution",2026-09-03
74,Outdoor and endurance,Open-water swimming,outdoor_club,open water swimming near me,open water swimming near me,open water swimming near me,5400,wild swimming groups near me:140,LOW,7,0.5340,2025-august,12100,2025-november,1300,9.31,18,3,5,5,1,3,4,77,partner_led_test,host-led club or bounded paid cohort,"Local discovery signal may mix classes, venues, clubs and events",observed_demand_plus_inference_score,national_keyword_demand_and_format_structure,"city-level paid conversion, fill rate, repeat attendance and event-level contribution",2026-09-03
75,Craft and making,Sip and paint,portable_craft,sip and paint near me,sip and paint near me,sip and paint near me,3600,sip and paint:12100,HIGH,98,0.5167,2025-august,4400,2025-november,2900,1.52,16,4,3,4,4,4,4,77,partner_led_test,venue-partnered workshop series,"Local discovery signal may mix classes, venues, clubs and events",observed_demand_plus_inference_score,national_keyword_demand_and_format_structure,"city-level paid conversion, fill rate, repeat attendance and event-level contribution",2026-09-03
76,Food and drink,Gin tasting,tasting,gin tasting near me,gin tasting near me,gin tasting near me,720,gin tasting experience:720,HIGH,100,0.8598,2025-august,880,2026-january,590,1.49,12,5,3,4,5,5,3,77,partner_led_test,producer and venue partnership while the operator owns the audience,"Local discovery signal may mix classes, venues, clubs and events",observed_demand_plus_inference_score,national_keyword_demand_and_format_structure,"city-level paid conversion, fill rate, repeat attendance and event-level contribution",2026-09-03
77,Craft and making,Glassblowing,studio_craft,glass blowing near me,glass blowing near me,glass blowing near me,720,glass blowing experience:1300,MEDIUM,49,0.5773,2025-august,880,2025-december,590,1.49,12,5,4,4,2,5,4,77,partner_led_test,portable workshop or studio-capacity partnership before a lease,"Local discovery signal may mix classes, venues, clubs and events",observed_demand_plus_inference_score,national_keyword_demand_and_format_structure,"city-level paid conversion, fill rate, repeat attendance and event-level contribution",2026-09-03
78,Food and drink,Whisky tasting,tasting,whisky tasting near me,whisky tasting near me,whisky tasting near me|whiskey tasting near me,720,whiskey tasting near me:720,HIGH,100,0.7704,2025-november,880,2026-january,480,1.83,12,5,3,4,5,5,3,77,partner_led_test,producer and venue partnership while the operator owns the audience,"Local discovery signal may mix classes, venues, clubs and events",observed_demand_plus_inference_score,national_keyword_demand_and_format_structure,"city-level paid conversion, fill rate, repeat attendance and event-level contribution",2026-09-03
79,Outdoor and endurance,Hiking groups,outdoor_club,hiking groups near me,hiking groups near me,hiking groups near me,590,hiking club near me:390,MEDIUM,34,1.2747,2026-january,720,2025-october,480,1.50,12,3,5,5,4,3,4,77,partner_led_test,host-led club or bounded paid cohort,"Local discovery signal may mix classes, venues, clubs and events",observed_demand_plus_inference_score,national_keyword_demand_and_format_structure,"city-level paid conversion, fill rate, repeat attendance and event-level contribution",2026-09-03
80,"Wellness, spa and retreats",Fitness retreats,retreat,fitness retreats uk,fitness retreats uk,fitness retreats uk,480,fitness retreat near me:30,MEDIUM,60,0.8632,2025-september,720,2025-november,390,1.85,10,5,4,4,3,5,4,77,partner_led_test,hosted weekend using partner accommodation and practitioners,Format-specific phrase still may contain informational or non-commercial intent,observed_demand_plus_inference_score,national_keyword_demand_and_format_structure,"city-level paid conversion, fill rate, repeat attendance and event-level contribution",2026-09-03
81,Performance and dance,Improv classes,participatory_performance,improv classes near me,improv classes near me,improv classes near me,480,improv workshop near me:10,MEDIUM,35,1.6720,2025-september,720,2026-july,390,1.85,10,4,4,5,4,4,4,77,partner_led_test,short course or recurring hosted night,"Local discovery signal may mix classes, venues, clubs and events",observed_demand_plus_inference_score,national_keyword_demand_and_format_structure,"city-level paid conversion, fill rate, repeat attendance and event-level contribution",2026-09-03
82,Technical and maker hobbies,LEGO clubs,hobby_club,lego club near me,lego club near me,lego club near me,480,adult lego club near me:20,LOW,3,1.2780,2026-january,720,2026-may,320,2.25,10,3,5,5,5,3,4,77,partner_led_test,recurring club or season with a facilitator,"Local discovery signal may mix classes, venues, clubs and events",observed_demand_plus_inference_score,national_keyword_demand_and_format_structure,"city-level paid conversion, fill rate, repeat attendance and event-level contribution",2026-09-03
83,"Ideas, books and learning",Astronomy clubs,hobby_club,astronomy club near me,astronomy club near me,astronomy club near me,390,astronomy groups near me:50,LOW,2,7.3313,2026-january,590,2026-june,210,2.81,10,3,5,5,5,3,4,77,partner_led_test,recurring club or season with a facilitator,"Local discovery signal may mix classes, venues, clubs and events",observed_demand_plus_inference_score,national_keyword_demand_and_format_structure,"city-level paid conversion, fill rate, repeat attendance and event-level contribution",2026-09-03
84,Craft and making,Crochet groups,hobby_club,crochet groups near me,crochet groups near me,crochet groups near me,320,crochet club near me:480,LOW,3,0.0000,2026-january,480,2025-december,260,1.85,10,3,5,5,5,3,4,77,partner_led_test,recurring club or season with a facilitator,"Local discovery signal may mix classes, venues, clubs and events",observed_demand_plus_inference_score,national_keyword_demand_and_format_structure,"city-level paid conversion, fill rate, repeat attendance and event-level contribution",2026-09-03
85,"Ideas, books and learning",Debate clubs,hobby_club,debate club near me,debate club near me,debate club near me,320,debating society near me:90,LOW,8,5.3309,2025-september,480,2026-may,210,2.29,10,3,5,5,5,3,4,77,partner_led_test,recurring club or season with a facilitator,"Local discovery signal may mix classes, venues, clubs and events",observed_demand_plus_inference_score,national_keyword_demand_and_format_structure,"city-level paid conversion, fill rate, repeat attendance and event-level contribution",2026-09-03
86,Live culture,Film clubs,hobby_club,film club near me,film club near me,film club near me,320,cinema club near me:70,LOW,4,14.9328,2025-october,480,2025-december,260,1.85,10,3,5,5,5,3,4,77,partner_led_test,recurring club or season with a facilitator,"Local discovery signal may mix classes, venues, clubs and events",observed_demand_plus_inference_score,national_keyword_demand_and_format_structure,"city-level paid conversion, fill rate, repeat attendance and event-level contribution",2026-09-03
87,"Wellness, spa and retreats",Women's retreats,retreat,womens retreats uk,womens retreats uk,womens retreats uk,320,womens retreat near me:110,MEDIUM,55,0.7937,2026-may,480,2025-december,210,2.29,10,5,3,5,3,5,4,77,partner_led_test,hosted weekend using partner accommodation and practitioners,Format-specific phrase still may contain informational or non-commercial intent,observed_demand_plus_inference_score,national_keyword_demand_and_format_structure,"city-level paid conversion, fill rate, repeat attendance and event-level contribution",2026-09-03
88,"Wellness, spa and retreats",Art retreats,retreat,art retreats uk,art retreats uk,art retreats uk,210,art retreat near me:50,MEDIUM,43,0.5432,2026-january,320,2025-december,170,1.88,10,5,4,4,3,5,4,77,partner_led_test,hosted weekend using partner accommodation and practitioners,Format-specific phrase still may contain informational or non-commercial intent,observed_demand_plus_inference_score,national_keyword_demand_and_format_structure,"city-level paid conversion, fill rate, repeat attendance and event-level contribution",2026-09-03
89,Technical and maker hobbies,Drone clubs,hobby_club,drone club near me,drone club near me,drone club near me,210,drone groups near me:10,LOW,6,1.1715,2025-august,260,2025-october,210,1.24,10,3,5,5,5,3,4,77,partner_led_test,recurring club or season with a facilitator,"Local discovery signal may mix classes, venues, clubs and events",observed_demand_plus_inference_score,national_keyword_demand_and_format_structure,"city-level paid conversion, fill rate, repeat attendance and event-level contribution",2026-09-03
90,Performance and dance,Drumming circles,participatory_performance,drumming circle near me,drumming circle near me,drumming circle near me,210,drumming workshop near me:90,LOW,5,0.0000,2025-august,260,2025-december,140,1.86,10,4,4,5,4,4,4,77,partner_led_test,short course or recurring hosted night,"Local discovery signal may mix classes, venues, clubs and events",observed_demand_plus_inference_score,national_keyword_demand_and_format_structure,"city-level paid conversion, fill rate, repeat attendance and event-level contribution",2026-09-03
91,Racket and team sport,Cricket,team_sport,cricket clubs near me,cricket clubs near me,cricket clubs near me,9900,social cricket near me:30,LOW,3,0.4017,2026-may,14800,2025-december,5400,2.74,18,4,5,4,1,4,3,76,partner_led_test,prepaid season using rented facility slots,"Local discovery signal may mix classes, venues, clubs and events",observed_demand_plus_inference_score,national_keyword_demand_and_format_structure,"city-level paid conversion, fill rate, repeat attendance and event-level contribution",2026-09-03
92,Outdoor and endurance,Canoeing,facility_sport,canoeing near me,canoeing near me,canoeing near me,2900,canoe clubs near me:390,MEDIUM,33,0.5382,2025-august,8100,2025-december,480,16.88,16,5,4,4,2,4,3,76,partner_led_test,managed social session through an existing facility,May resolve to venue or facility booking rather than a managed social event,observed_demand_plus_inference_score,national_keyword_demand_and_format_structure,"city-level paid conversion, fill rate, repeat attendance and event-level contribution",2026-09-03
93,Outdoor and endurance,Sailing clubs,facility_sport,sailing clubs near me,sailing clubs near me,sailing clubs near me|sailing club near me,2900,sailing club near me:2900,LOW,12,0.8537,2025-august,4400,2025-december,1300,3.38,16,5,4,4,2,4,3,76,partner_led_test,managed social session through an existing facility,May resolve to venue or facility booking rather than a managed social event,observed_demand_plus_inference_score,national_keyword_demand_and_format_structure,"city-level paid conversion, fill rate, repeat attendance and event-level contribution",2026-09-03
94,Community and alternative,Community choirs,community_format,community choir near me,community choir near me,community choir near me|community choirs near me,590,community choirs near me:590,LOW,3,5.8421,2025-december,1000,2026-july,320,3.13,12,3,5,5,5,3,3,76,partner_led_test,sponsor or venue-funded community layer rather than ticket-first,"Local discovery signal may mix classes, venues, clubs and events",observed_demand_plus_inference_score,national_keyword_demand_and_format_structure,"city-level paid conversion, fill rate, repeat attendance and event-level contribution",2026-09-03
95,Social and relationship,Supper clubs,social_first,supper club near me,supper club near me,supper club near me,480,supper club:3600,LOW,12,1.1522,2026-march,590,2025-november,390,1.51,10,5,4,4,5,4,3,76,partner_led_test,owned hosted series in a partner venue,"Local discovery signal may mix classes, venues, clubs and events",observed_demand_plus_inference_score,national_keyword_demand_and_format_structure,"city-level paid conversion, fill rate, repeat attendance and event-level contribution",2026-09-03
96,Racket and team sport,Touch rugby,team_sport,touch rugby near me,touch rugby near me,touch rugby near me,390,social rugby near me:10,LOW,6,0.6873,2025-september,480,2025-december,260,1.85,10,4,5,5,2,4,4,76,partner_led_test,prepaid season using rented facility slots,"Local discovery signal may mix classes, venues, clubs and events",observed_demand_plus_inference_score,national_keyword_demand_and_format_structure,"city-level paid conversion, fill rate, repeat attendance and event-level contribution",2026-09-03
97,Social and relationship,General social events,social_first,social events near me,social events near me,social events near me,320,social events:480,LOW,12,1.8870,2025-august,390,2025-december,210,1.86,10,4,4,5,5,4,3,76,partner_led_test,owned hosted series in a partner venue,"Local discovery signal may mix classes, venues, clubs and events",observed_demand_plus_inference_score,national_keyword_demand_and_format_structure,"city-level paid conversion, fill rate, repeat attendance and event-level contribution",2026-09-03
98,Tabletop and games,Poker nights,tabletop,poker nights near me,poker nights near me,poker nights near me,170,poker club near me:140,LOW,6,0.0000,2025-september,260,2026-june,110,2.36,8,4,5,5,3,4,4,76,partner_led_test,"recurring hosted night, ladder or league in a hospitality venue","Local discovery signal may mix classes, venues, clubs and events",observed_demand_plus_inference_score,national_keyword_demand_and_format_structure,"city-level paid conversion, fill rate, repeat attendance and event-level contribution",2026-09-03
99,Community and alternative,Phone-free events,social_first,phone free events,phone free events,phone free events,20,offline events near me:10,LOW,0,0.0000,2026-march,30,2025-august,10,3.00,4,4,4,5,5,4,5,76,partner_led_test,owned hosted series in a partner venue,Format-specific phrase still may contain informational or non-commercial intent,observed_demand_plus_inference_score,national_keyword_demand_and_format_structure,"city-level paid conversion, fill rate, repeat attendance and event-level contribution",2026-09-03
100,Social and relationship,Sober socials,social_first,sober social events,sober social events,sober social events,10,sober events near me:40,LOW,0,0.0000,2025-august,10,2025-august,10,1.00,4,4,4,5,5,4,5,76,partner_led_test,owned hosted series in a partner venue,Format-specific phrase still may contain informational or non-commercial intent,observed_demand_plus_inference_score,national_keyword_demand_and_format_structure,"city-level paid conversion, fill rate, repeat attendance and event-level contribution",2026-09-03
101,Fitness and mind-body,Yoga classes,fitness_class,yoga classes near me,yoga classes near me,yoga classes near me,27100,yoga near me:40500,LOW,21,1.3680,2026-january,33100,2025-december,18100,1.83,20,5,5,2,4,4,1,75,partner_led_test,themed social cohort through an instructor and venue partner,"Local discovery signal may mix classes, venues, clubs and events",observed_demand_plus_inference_score,national_keyword_demand_and_format_structure,"city-level paid conversion, fill rate, repeat attendance and event-level contribution",2026-09-03
102,Fitness and mind-body,Pilates classes,fitness_class,pilates classes near me,pilates classes near me,pilates classes near me,18100,pilates near me:74000,LOW,28,1.2947,2026-january,22200,2025-december,12100,1.83,20,5,5,2,4,4,1,75,partner_led_test,themed social cohort through an instructor and venue partner,"Local discovery signal may mix classes, venues, clubs and events",observed_demand_plus_inference_score,national_keyword_demand_and_format_structure,"city-level paid conversion, fill rate, repeat attendance and event-level contribution",2026-09-03
103,Competitive experiences,Shuffleboard,venue_entertainment,shuffleboard near me,shuffleboard near me,shuffleboard near me,3600,shuffleboard bar near me:50,LOW,30,0.3205,2025-october,4400,2026-june,2400,1.83,16,5,3,4,2,5,3,75,partner_led_test,partner with the asset owner; do not build the venue first,May resolve to venue or facility booking rather than a managed social event,observed_demand_plus_inference_score,national_keyword_demand_and_format_structure,"city-level paid conversion, fill rate, repeat attendance and event-level contribution",2026-09-03
104,Technical and maker hobbies,Repair cafes,community_format,repair cafe near me,repair cafe near me,repair cafe near me|repair cafes near me,2900,repair cafes near me:2900,LOW,3,1.3777,2026-february,5400,2025-december,1900,2.84,16,2,5,5,5,2,3,75,partner_led_test,sponsor or venue-funded community layer rather than ticket-first,"Local discovery signal may mix classes, venues, clubs and events",observed_demand_plus_inference_score,national_keyword_demand_and_format_structure,"city-level paid conversion, fill rate, repeat attendance and event-level contribution",2026-09-03
105,Craft and making,Painting classes,portable_craft,painting classes near me,painting classes near me,painting classes near me,1900,painting workshop near me:320,HIGH,83,0.8669,2026-january,2400,2025-december,1600,1.50,14,4,3,4,4,4,4,75,partner_led_test,venue-partnered workshop series,"Local discovery signal may mix classes, venues, clubs and events",observed_demand_plus_inference_score,national_keyword_demand_and_format_structure,"city-level paid conversion, fill rate, repeat attendance and event-level contribution",2026-09-03
106,Food and drink,Baking classes,food_class,baking classes near me,baking classes near me,baking classes near me,1600,baking courses near me:1300,HIGH,91,0.7691,2025-august,1900,2026-july,1000,1.90,14,5,3,4,3,5,3,75,partner_led_test,licensed kitchen or hospitality partnership,"Local discovery signal may mix classes, venues, clubs and events",observed_demand_plus_inference_score,national_keyword_demand_and_format_structure,"city-level paid conversion, fill rate, repeat attendance and event-level contribution",2026-09-03
107,Food and drink,Cake decorating,food_class,cake decorating classes near me,cake decorating classes near me,cake decorating classes near me,1600,cake decorating course near me:720,HIGH,100,0.4378,2025-august,1900,2026-april,1300,1.46,14,5,3,4,3,5,3,75,partner_led_test,licensed kitchen or hospitality partnership,"Local discovery signal may mix classes, venues, clubs and events",observed_demand_plus_inference_score,national_keyword_demand_and_format_structure,"city-level paid conversion, fill rate, repeat attendance and event-level contribution",2026-09-03
108,Craft and making,Drawing classes,portable_craft,drawing classes near me,drawing classes near me,drawing classes near me,1300,adult drawing classes near me:40,MEDIUM,36,1.3041,2026-january,1900,2026-april,1000,1.90,14,4,3,4,4,4,4,75,partner_led_test,venue-partnered workshop series,"Local discovery signal may mix classes, venues, clubs and events",observed_demand_plus_inference_score,national_keyword_demand_and_format_structure,"city-level paid conversion, fill rate, repeat attendance and event-level contribution",2026-09-03
109,"Ideas, books and learning",Creative-writing classes,technical_workshop,creative writing classes near me,creative writing classes near me,creative writing classes near me,1000,creative writing workshops near me:1000,HIGH,70,2.1169,2025-september,1600,2025-december,880,1.82,14,4,3,4,3,5,4,75,partner_led_test,short course in a maker or education venue,"Local discovery signal may mix classes, venues, clubs and events",observed_demand_plus_inference_score,national_keyword_demand_and_format_structure,"city-level paid conversion, fill rate, repeat attendance and event-level contribution",2026-09-03
110,Nature and animals,Foraging courses,nature_class,foraging courses near me,foraging courses near me,foraging courses near me,1000,foraging walks near me:70,HIGH,100,0.5487,2025-october,1900,2026-january,590,3.22,14,4,3,4,4,4,4,75,partner_led_test,guided session with a qualified facilitator and land partner,"Local discovery signal may mix classes, venues, clubs and events",observed_demand_plus_inference_score,national_keyword_demand_and_format_structure,"city-level paid conversion, fill rate, repeat attendance and event-level contribution",2026-09-03
111,Craft and making,Watercolour classes,portable_craft,watercolour classes near me,watercolour classes near me,watercolour classes near me,1000,watercolour workshop near me:110,MEDIUM,63,1.1495,2026-january,1600,2026-april,720,2.22,14,4,3,4,4,4,4,75,partner_led_test,venue-partnered workshop series,"Local discovery signal may mix classes, venues, clubs and events",observed_demand_plus_inference_score,national_keyword_demand_and_format_structure,"city-level paid conversion, fill rate, repeat attendance and event-level contribution",2026-09-03
112,Craft and making,Silversmithing,studio_craft,silversmithing courses near me,silversmithing courses near me,silversmithing courses near me,480,silversmithing workshop near me:50,HIGH,96,0.5826,2025-november,590,2026-june,320,1.84,10,5,4,4,2,5,4,75,partner_led_test,portable workshop or studio-capacity partnership before a lease,"Local discovery signal may mix classes, venues, clubs and events",observed_demand_plus_inference_score,national_keyword_demand_and_format_structure,"city-level paid conversion, fill rate, repeat attendance and event-level contribution",2026-09-03
113,Craft and making,Stained glass,studio_craft,stained glass courses near me,stained glass courses near me,stained glass courses near me,480,stained glass workshop near me:480,HIGH,98,0.9815,2025-november,720,2026-may,260,2.77,10,5,4,4,2,5,4,75,partner_led_test,portable workshop or studio-capacity partnership before a lease,"Local discovery signal may mix classes, venues, clubs and events",observed_demand_plus_inference_score,national_keyword_demand_and_format_structure,"city-level paid conversion, fill rate, repeat attendance and event-level contribution",2026-09-03
114,Outdoor and endurance,Triathlon clubs,outdoor_club,triathlon clubs near me,triathlon clubs near me,triathlon clubs near me|triathlon club near me,480,triathlon club near me:480,LOW,7,0.5280,2025-august,590,2025-december,320,1.84,10,3,5,5,4,3,4,75,partner_led_test,host-led club or bounded paid cohort,"Local discovery signal may mix classes, venues, clubs and events",observed_demand_plus_inference_score,national_keyword_demand_and_format_structure,"city-level paid conversion, fill rate, repeat attendance and event-level contribution",2026-09-03
115,Food and drink,Cocktail masterclasses,tasting,cocktail making class near me,cocktail making class near me,cocktail making class near me,390,cocktail masterclass near me:110,HIGH,100,1.2436,2025-august,480,2026-april,320,1.50,10,5,3,4,5,5,3,75,partner_led_test,producer and venue partnership while the operator owns the audience,"Local discovery signal may mix classes, venues, clubs and events",observed_demand_plus_inference_score,national_keyword_demand_and_format_structure,"city-level paid conversion, fill rate, repeat attendance and event-level contribution",2026-09-03
116,Nature and animals,Dog-walking groups,outdoor_club,dog walking groups near me,dog walking groups near me,dog walking groups near me,390,group dog walks near me:170,LOW,2,1.6514,2026-january,720,2025-december,320,2.25,10,3,5,5,4,3,4,75,partner_led_test,host-led club or bounded paid cohort,"Local discovery signal may mix classes, venues, clubs and events",observed_demand_plus_inference_score,national_keyword_demand_and_format_structure,"city-level paid conversion, fill rate, repeat attendance and event-level contribution",2026-09-03
117,Tabletop and games,Murder-mystery dinners,venue_entertainment,murder mystery dinner near me,murder mystery dinner near me,murder mystery dinner near me,390,murder mystery events near me:390,HIGH,100,0.5793,2025-september,720,2026-april,170,4.24,10,5,3,5,2,5,4,75,partner_led_test,partner with the asset owner; do not build the venue first,May resolve to venue or facility booking rather than a managed social event,observed_demand_plus_inference_score,national_keyword_demand_and_format_structure,"city-level paid conversion, fill rate, repeat attendance and event-level contribution",2026-09-03
118,Food and drink,Beer tasting,tasting,beer tasting near me,beer tasting near me,beer tasting near me,320,beer tasting experience:480,HIGH,100,0.7245,2025-september,480,2026-january,260,1.85,10,5,3,4,5,5,3,75,partner_led_test,producer and venue partnership while the operator owns the audience,"Local discovery signal may mix classes, venues, clubs and events",observed_demand_plus_inference_score,national_keyword_demand_and_format_structure,"city-level paid conversion, fill rate, repeat attendance and event-level contribution",2026-09-03
119,Craft and making,Furniture restoration,studio_craft,furniture restoration courses near me,furniture restoration courses near me,furniture restoration courses near me,260,furniture restoration workshop near me:0,MEDIUM,37,0.7918,2025-august,390,2026-may,140,2.79,10,5,4,4,2,5,4,75,partner_led_test,portable workshop or studio-capacity partnership before a lease,"Local discovery signal may mix classes, venues, clubs and events",observed_demand_plus_inference_score,national_keyword_demand_and_format_structure,"city-level paid conversion, fill rate, repeat attendance and event-level contribution",2026-09-03
120,Craft and making,Woodturning,studio_craft,woodturning courses near me,woodturning courses near me,woodturning courses near me,260,woodturning classes near me:260,MEDIUM,42,1.0544,2025-november,390,2026-july,140,2.79,10,5,4,4,2,5,4,75,partner_led_test,portable workshop or studio-capacity partnership before a lease,"Local discovery signal may mix classes, venues, clubs and events",observed_demand_plus_inference_score,national_keyword_demand_and_format_structure,"city-level paid conversion, fill rate, repeat attendance and event-level contribution",2026-09-03
121,Craft and making,Quilting groups,hobby_club,quilting groups near me,quilting groups near me,quilting groups near me,170,quilting club near me:30,LOW,4,3.8479,2025-august,210,2025-december,110,1.91,8,3,5,5,5,3,4,75,partner_led_test,recurring club or season with a facilitator,"Local discovery signal may mix classes, venues, clubs and events",observed_demand_plus_inference_score,national_keyword_demand_and_format_structure,"city-level paid conversion, fill rate, repeat attendance and event-level contribution",2026-09-03
122,Performance and dance,Music jam sessions,hobby_club,jam sessions near me,jam sessions near me,jam sessions near me,110,music jam near me:20,LOW,2,6.1610,2026-january,140,2026-june,70,2.00,8,3,5,5,5,3,4,75,partner_led_test,recurring club or season with a facilitator,"Local discovery signal may mix classes, venues, clubs and events",observed_demand_plus_inference_score,national_keyword_demand_and_format_structure,"city-level paid conversion, fill rate, repeat attendance and event-level contribution",2026-09-03
123,Community and alternative,Volunteering,community_format,volunteering near me,volunteering near me,volunteering near me,12100,volunteer events near me:12100,MEDIUM,42,2.5567,2025-september,14800,2026-april,8100,1.83,20,1,5,5,5,1,3,74,partner_led_test,sponsor or venue-funded community layer rather than ticket-first,Participation demand is real but consumer ticket intent is weak,observed_demand_plus_inference_score,national_keyword_demand_and_format_structure,"city-level paid conversion, fill rate, repeat attendance and event-level contribution",2026-09-03
124,Outdoor and endurance,Rowing clubs,facility_sport,rowing clubs near me,rowing clubs near me,rowing clubs near me|rowing club near me,2400,rowing club near me:2400,LOW,2,0.0682,2026-february,2900,2025-december,1300,2.23,14,5,4,4,2,4,3,74,partner_led_test,managed social session through an existing facility,May resolve to venue or facility booking rather than a managed social event,observed_demand_plus_inference_score,national_keyword_demand_and_format_structure,"city-level paid conversion, fill rate, repeat attendance and event-level contribution",2026-09-03
125,Racket and team sport,Table tennis,facility_sport,table tennis clubs near me,table tennis clubs near me,table tennis clubs near me,2400,table tennis near me:6600,LOW,3,0.3410,2025-september,2900,2026-may,1600,1.81,14,5,4,4,2,4,3,74,partner_led_test,managed social session through an existing facility,May resolve to venue or facility booking rather than a managed social event,observed_demand_plus_inference_score,national_keyword_demand_and_format_structure,"city-level paid conversion, fill rate, repeat attendance and event-level contribution",2026-09-03
126,Outdoor and endurance,Disc golf,facility_sport,disc golf near me,disc golf near me,disc golf near me,1900,disc golf clubs near me:10,LOW,4,1.6304,2026-july,3600,2025-december,880,4.09,14,5,4,4,2,4,3,74,partner_led_test,managed social session through an existing facility,May resolve to venue or facility booking rather than a managed social event,observed_demand_plus_inference_score,national_keyword_demand_and_format_structure,"city-level paid conversion, fill rate, repeat attendance and event-level contribution",2026-09-03
127,Outdoor and endurance,Surfing,facility_sport,surfing near me,surfing near me,surfing near me,1600,surf clubs near me:70,LOW,20,0.3327,2025-august,3600,2025-november,590,6.10,14,5,4,4,2,4,3,74,partner_led_test,managed social session through an existing facility,May resolve to venue or facility booking rather than a managed social event,observed_demand_plus_inference_score,national_keyword_demand_and_format_structure,"city-level paid conversion, fill rate, repeat attendance and event-level contribution",2026-09-03
128,Outdoor and endurance,Swimming clubs,facility_sport,swimming clubs near me,swimming clubs near me,swimming clubs near me,1600,adult swimming club near me:70,LOW,16,0.6512,2025-september,2400,2025-december,1000,2.40,14,5,4,4,2,4,3,74,partner_led_test,managed social session through an existing facility,May resolve to venue or facility booking rather than a managed social event,observed_demand_plus_inference_score,national_keyword_demand_and_format_structure,"city-level paid conversion, fill rate, repeat attendance and event-level contribution",2026-09-03
129,Racket and team sport,Squash,facility_sport,squash clubs near me,squash clubs near me,squash clubs near me,1300,squash courts near me:6600,LOW,10,0.2350,2026-february,3600,2026-april,880,4.09,14,5,4,4,2,4,3,74,partner_led_test,managed social session through an existing facility,May resolve to venue or facility booking rather than a managed social event,observed_demand_plus_inference_score,national_keyword_demand_and_format_structure,"city-level paid conversion, fill rate, repeat attendance and event-level contribution",2026-09-03
130,Social and relationship,Dinner with strangers,social_first,dinner with strangers,dinner with strangers,dinner with strangers,170,dinner with strangers near me:10,LOW,8,2.7000,2025-august,260,2026-june,90,2.89,8,4,4,5,5,4,3,74,partner_led_test,owned hosted series in a partner venue,Format-specific phrase still may contain informational or non-commercial intent,observed_demand_plus_inference_score,national_keyword_demand_and_format_structure,"city-level paid conversion, fill rate, repeat attendance and event-level contribution",2026-09-03
131,Racket and team sport,Dodgeball,team_sport,dodgeball near me,dodgeball near me,dodgeball near me,170,dodgeball clubs near me:320,LOW,11,0.2638,2026-january,260,2026-may,110,2.36,8,4,5,5,2,4,4,74,partner_led_test,prepaid season using rented facility slots,"Local discovery signal may mix classes, venues, clubs and events",observed_demand_plus_inference_score,national_keyword_demand_and_format_structure,"city-level paid conversion, fill rate, repeat attendance and event-level contribution",2026-09-03
132,Tabletop and games,Tabletop role-playing,tabletop,tabletop rpg near me,tabletop rpg near me,tabletop rpg near me,10,tabletop roleplaying groups near me:0,LOW,6,0.2575,2026-july,20,2025-august,10,2.00,4,4,5,5,3,5,4,74,partner_led_test,"recurring hosted night, ladder or league in a hospitality venue","Local discovery signal may mix classes, venues, clubs and events",observed_demand_plus_inference_score,national_keyword_demand_and_format_structure,"city-level paid conversion, fill rate, repeat attendance and event-level contribution",2026-09-03
133,Performance and dance,Pole dancing,fitness_class,pole dancing classes near me,pole dancing classes near me,pole dancing classes near me,8100,pole fitness near me:3600,LOW,9,0.5467,2025-october,9900,2025-december,6600,1.50,18,5,5,2,4,4,1,73,partner_led_test,themed social cohort through an instructor and venue partner,"Local discovery signal may mix classes, venues, clubs and events",observed_demand_plus_inference_score,national_keyword_demand_and_format_structure,"city-level paid conversion, fill rate, repeat attendance and event-level contribution",2026-09-03
134,Fitness and mind-body,Tai chi,fitness_class,tai chi classes near me,tai chi classes near me,tai chi classes near me,8100,tai chi near me:18100,LOW,16,1.9544,2026-january,12100,2025-december,5400,2.24,18,5,5,2,4,4,1,73,partner_led_test,themed social cohort through an instructor and venue partner,"Local discovery signal may mix classes, venues, clubs and events",observed_demand_plus_inference_score,national_keyword_demand_and_format_structure,"city-level paid conversion, fill rate, repeat attendance and event-level contribution",2026-09-03
135,Fitness and mind-body,Boxing classes,fitness_class,boxing classes near me,boxing classes near me,boxing classes near me,6600,boxing club near me:14800,MEDIUM,35,1.0760,2025-september,9900,2025-december,5400,1.83,18,5,5,2,4,4,1,73,partner_led_test,themed social cohort through an instructor and venue partner,"Local discovery signal may mix classes, venues, clubs and events",observed_demand_plus_inference_score,national_keyword_demand_and_format_structure,"city-level paid conversion, fill rate, repeat attendance and event-level contribution",2026-09-03
136,Nature and animals,Alpaca walks,nature_class,alpaca walking near me,alpaca walking near me,alpaca walking near me|alpaca walks near me,5400,alpaca walks near me:5400,HIGH,82,0.3108,2025-august,9900,2025-november,2900,3.41,18,4,2,3,4,4,4,73,partner_led_test,guided session with a qualified facilitator and land partner,"Local discovery signal may mix classes, venues, clubs and events",observed_demand_plus_inference_score,national_keyword_demand_and_format_structure,"city-level paid conversion, fill rate, repeat attendance and event-level contribution",2026-09-03
137,Tabletop and games,Video-game bars,venue_entertainment,gaming bar near me,gaming bar near me,gaming bar near me,2400,video game bar near me:140,MEDIUM,45,0.3133,2025-october,2900,2026-july,1600,1.81,14,5,3,4,2,5,3,73,partner_led_test,partner with the asset owner; do not build the venue first,May resolve to venue or facility booking rather than a managed social event,observed_demand_plus_inference_score,national_keyword_demand_and_format_structure,"city-level paid conversion, fill rate, repeat attendance and event-level contribution",2026-09-03
138,Community and alternative,Community gardening,community_format,community gardening near me,community gardening near me,community gardening near me,1300,community garden events:10,LOW,3,2.4409,2025-august,1600,2025-december,720,2.22,14,2,5,5,5,2,3,73,partner_led_test,sponsor or venue-funded community layer rather than ticket-first,"Local discovery signal may mix classes, venues, clubs and events",observed_demand_plus_inference_score,national_keyword_demand_and_format_structure,"city-level paid conversion, fill rate, repeat attendance and event-level contribution",2026-09-03
139,Food and drink,Bread making,food_class,bread making course near me,bread making course near me,bread making course near me,880,bread making class near me:880,HIGH,99,0.7469,2025-november,1300,2026-july,480,2.71,12,5,3,4,3,5,3,73,partner_led_test,licensed kitchen or hospitality partnership,"Local discovery signal may mix classes, venues, clubs and events",observed_demand_plus_inference_score,national_keyword_demand_and_format_structure,"city-level paid conversion, fill rate, repeat attendance and event-level contribution",2026-09-03
140,Craft and making,General art workshops,portable_craft,art workshops near me,art workshops near me,art workshops near me,880,adult art workshops near me:10,HIGH,90,0.5673,2025-october,1000,2025-december,590,1.69,12,4,3,4,4,4,4,73,partner_led_test,venue-partnered workshop series,"Local discovery signal may mix classes, venues, clubs and events",observed_demand_plus_inference_score,national_keyword_demand_and_format_structure,"city-level paid conversion, fill rate, repeat attendance and event-level contribution",2026-09-03
141,Craft and making,Candle making,portable_craft,candle making workshop near me,candle making workshop near me,candle making workshop near me,720,candle making class near me:90,HIGH,100,0.6579,2025-october,1000,2026-june,390,2.56,12,4,3,4,4,4,4,73,partner_led_test,venue-partnered workshop series,"Local discovery signal may mix classes, venues, clubs and events",observed_demand_plus_inference_score,national_keyword_demand_and_format_structure,"city-level paid conversion, fill rate, repeat attendance and event-level contribution",2026-09-03
142,Craft and making,Life drawing,portable_craft,life drawing near me,life drawing near me,life drawing near me,590,life drawing classes near me:1300,LOW,12,4.5820,2026-january,880,2025-december,390,2.26,12,4,3,4,4,4,4,73,partner_led_test,venue-partnered workshop series,"Local discovery signal may mix classes, venues, clubs and events",observed_demand_plus_inference_score,national_keyword_demand_and_format_structure,"city-level paid conversion, fill rate, repeat attendance and event-level contribution",2026-09-03
143,Craft and making,Leatherworking,studio_craft,leather workshop near me,leather workshop near me,leather workshop near me,170,leather craft course near me:0,HIGH,73,0.5569,2025-november,210,2026-january,140,1.50,8,5,4,4,2,5,4,73,partner_led_test,portable workshop or studio-capacity partnership before a lease,"Local discovery signal may mix classes, venues, clubs and events",observed_demand_plus_inference_score,national_keyword_demand_and_format_structure,"city-level paid conversion, fill rate, repeat attendance and event-level contribution",2026-09-03
144,Craft and making,Printmaking,studio_craft,printmaking workshops near me,printmaking workshops near me,printmaking workshops near me,140,printmaking classes near me:40,MEDIUM,64,0.8412,2026-january,210,2026-july,90,2.33,8,5,4,4,2,5,4,73,partner_led_test,portable workshop or studio-capacity partnership before a lease,"Local discovery signal may mix classes, venues, clubs and events",observed_demand_plus_inference_score,national_keyword_demand_and_format_structure,"city-level paid conversion, fill rate, repeat attendance and event-level contribution",2026-09-03
145,Craft and making,Sculpture,studio_craft,sculpture classes near me,sculpture classes near me,sculpture classes near me,140,sculpture workshop near me:40,HIGH,69,1.5551,2025-september,210,2026-april,110,1.91,8,5,4,4,2,5,4,73,partner_led_test,portable workshop or studio-capacity partnership before a lease,"Local discovery signal may mix classes, venues, clubs and events",observed_demand_plus_inference_score,national_keyword_demand_and_format_structure,"city-level paid conversion, fill rate, repeat attendance and event-level contribution",2026-09-03
146,Nature and animals,Birdwatching groups,outdoor_club,bird watching groups near me,bird watching groups near me,bird watching groups near me,110,birdwatching club near me:10,LOW,3,6.7150,2026-may,170,2025-august,70,2.43,8,3,5,5,4,3,4,73,partner_led_test,host-led club or bounded paid cohort,"Local discovery signal may mix classes, venues, clubs and events",observed_demand_plus_inference_score,national_keyword_demand_and_format_structure,"city-level paid conversion, fill rate, repeat attendance and event-level contribution",2026-09-03
147,"Wellness, spa and retreats",Corporate retreats,retreat,corporate retreats uk,corporate retreats uk,corporate retreats uk,90,team retreat uk:0,MEDIUM,63,16.0730,2025-september,170,2025-october,50,3.40,6,5,3,5,3,5,4,73,partner_led_test,hosted weekend using partner accommodation and practitioners,Format-specific phrase still may contain informational or non-commercial intent,observed_demand_plus_inference_score,national_keyword_demand_and_format_structure,"city-level paid conversion, fill rate, repeat attendance and event-level contribution",2026-09-03
148,"Ideas, books and learning",Philosophy groups,hobby_club,philosophy groups near me,philosophy groups near me,philosophy groups near me,70,philosophy club near me:40,LOW,4,0.0000,2026-january,90,2025-august,50,1.80,6,3,5,5,5,3,4,73,partner_led_test,recurring club or season with a facilitator,"Local discovery signal may mix classes, venues, clubs and events",observed_demand_plus_inference_score,national_keyword_demand_and_format_structure,"city-level paid conversion, fill rate, repeat attendance and event-level contribution",2026-09-03
149,Performance and dance,Circus skills,participatory_performance,circus skills classes near me,circus skills classes near me,circus skills classes near me,50,circus workshop near me:30,LOW,20,0.8597,2025-august,70,2025-december,30,2.33,6,4,4,5,4,4,4,73,partner_led_test,short course or recurring hosted night,"Local discovery signal may mix classes, venues, clubs and events",observed_demand_plus_inference_score,national_keyword_demand_and_format_structure,"city-level paid conversion, fill rate, repeat attendance and event-level contribution",2026-09-03
150,Craft and making,Wreath making,portable_craft,wreath making workshop near me,wreath making workshop near me,wreath making workshop near me,1300,wreath making near me:1600,LOW,32,0.7407,2025-november,5400,2026-may,50,108.00,14,4,2,4,4,4,4,72,partner_led_test,venue-partnered workshop series,"Local discovery signal may mix classes, venues, clubs and events",observed_demand_plus_inference_score,national_keyword_demand_and_format_structure,"city-level paid conversion, fill rate, repeat attendance and event-level contribution",2026-09-03
151,"Wellness, spa and retreats",Couples retreats,retreat,couples retreats uk,couples retreats uk,couples retreats uk,1000,couples retreat near me:480,HIGH,100,0.5831,2025-august,1300,2025-november,880,1.48,14,5,3,2,3,5,4,72,partner_led_test,hosted weekend using partner accommodation and practitioners,Format-specific phrase still may contain informational or non-commercial intent,observed_demand_plus_inference_score,national_keyword_demand_and_format_structure,"city-level paid conversion, fill rate, repeat attendance and event-level contribution",2026-09-03
152,"Wellness, spa and retreats",Silent retreats,retreat,silent retreat uk,silent retreat uk,silent retreat uk,1000,silent retreat near me:390,MEDIUM,36,1.5091,2025-august,1300,2026-june,880,1.48,14,5,3,1,3,5,5,72,partner_led_test,hosted weekend using partner accommodation and practitioners,Format-specific phrase still may contain informational or non-commercial intent,observed_demand_plus_inference_score,national_keyword_demand_and_format_structure,"city-level paid conversion, fill rate, repeat attendance and event-level contribution",2026-09-03
153,Racket and team sport,Rounders,team_sport,rounders clubs near me,rounders clubs near me,rounders clubs near me,70,social rounders near me:0,LOW,0,0.0000,2026-june,140,2025-december,10,14.00,6,4,5,5,2,4,4,72,partner_led_test,prepaid season using rented facility slots,"Local discovery signal may mix classes, venues, clubs and events",observed_demand_plus_inference_score,national_keyword_demand_and_format_structure,"city-level paid conversion, fill rate, repeat attendance and event-level contribution",2026-09-03
154,Racket and team sport,Social football,team_sport,social football near me,social football near me,social football near me,70,football groups near me:70,LOW,13,0.7817,2025-august,110,2026-february,40,2.75,6,4,5,5,2,4,4,72,partner_led_test,prepaid season using rented facility slots,"Local discovery signal may mix classes, venues, clubs and events",observed_demand_plus_inference_score,national_keyword_demand_and_format_structure,"city-level paid conversion, fill rate, repeat attendance and event-level contribution",2026-09-03
155,Racket and team sport,Softball,team_sport,softball clubs near me,softball clubs near me,softball clubs near me,70,softball near me:110,LOW,2,1.8480,2026-may,110,2025-december,20,5.50,6,4,5,5,2,4,4,72,partner_led_test,prepaid season using rented facility slots,"Local discovery signal may mix classes, venues, clubs and events",observed_demand_plus_inference_score,national_keyword_demand_and_format_structure,"city-level paid conversion, fill rate, repeat attendance and event-level contribution",2026-09-03
156,Racket and team sport,Korfball,team_sport,korfball near me,korfball near me,korfball near me,50,korfball clubs near me:20,LOW,0,0.0000,2025-september,70,2025-december,30,2.33,6,4,5,5,2,4,4,72,partner_led_test,prepaid season using rented facility slots,"Local discovery signal may mix classes, venues, clubs and events",observed_demand_plus_inference_score,national_keyword_demand_and_format_structure,"city-level paid conversion, fill rate, repeat attendance and event-level contribution",2026-09-03
157,Fitness and mind-body,Sauna sessions,spa_asset,sauna near me,sauna near me,sauna near me,90500,sauna sessions near me:70,MEDIUM,34,0.5703,2026-january,110000,2025-august,60500,1.82,20,5,5,2,1,5,1,71,partner_led_test,package existing spa inventory; do not build the asset,Measures spa inventory demand rather than demand for a hosted social cohort,observed_demand_plus_inference_score,national_keyword_demand_and_format_structure,"city-level paid conversion, fill rate, repeat attendance and event-level contribution",2026-09-03
158,Fitness and mind-body,Dance fitness,fitness_class,dance fitness classes near me,dance fitness classes near me,dance fitness classes near me,2900,dance workout near me:70,LOW,16,1.5915,2026-january,5400,2025-december,1900,2.84,16,5,5,2,4,4,1,71,partner_led_test,themed social cohort through an instructor and venue partner,"Local discovery signal may mix classes, venues, clubs and events",observed_demand_plus_inference_score,national_keyword_demand_and_format_structure,"city-level paid conversion, fill rate, repeat attendance and event-level contribution",2026-09-03
159,Fitness and mind-body,Meditation classes,fitness_class,meditation classes near me,meditation classes near me,meditation classes near me,2900,group meditation near me:390,LOW,28,2.1961,2025-august,3600,2026-may,1900,1.89,16,5,5,2,4,4,1,71,partner_led_test,themed social cohort through an instructor and venue partner,"Local discovery signal may mix classes, venues, clubs and events",observed_demand_plus_inference_score,national_keyword_demand_and_format_structure,"city-level paid conversion, fill rate, repeat attendance and event-level contribution",2026-09-03
160,Tabletop and games,Bridge clubs,tabletop,bridge club near me,bridge club near me,bridge club near me|bridge clubs near me,720,bridge clubs near me:720,LOW,1,1.2012,2026-january,1000,2025-december,590,1.69,12,2,5,5,5,2,3,71,partner_led_test,"recurring hosted night, ladder or league in a hospitality venue","Local discovery signal may mix classes, venues, clubs and events",observed_demand_plus_inference_score,national_keyword_demand_and_format_structure,"city-level paid conversion, fill rate, repeat attendance and event-level contribution",2026-09-03
161,Nature and animals,Beekeeping courses,nature_class,beekeeping courses near me,beekeeping courses near me,beekeeping courses near me,480,beekeeping experience near me:320,HIGH,95,0.4992,2026-may,720,2025-october,320,2.25,10,4,3,4,4,4,4,71,partner_led_test,guided session with a qualified facilitator and land partner,"Local discovery signal may mix classes, venues, clubs and events",observed_demand_plus_inference_score,national_keyword_demand_and_format_structure,"city-level paid conversion, fill rate, repeat attendance and event-level contribution",2026-09-03
162,Fitness and mind-body,Breathwork,fitness_class,breathwork near me,breathwork near me,breathwork near me,480,breathwork classes near me:880,LOW,26,1.2448,2025-september,720,2025-december,260,2.77,10,5,4,2,4,4,4,71,partner_led_test,themed social cohort through an instructor and venue partner,"Local discovery signal may mix classes, venues, clubs and events",observed_demand_plus_inference_score,national_keyword_demand_and_format_structure,"city-level paid conversion, fill rate, repeat attendance and event-level contribution",2026-09-03
163,Nature and animals,Forest bathing,nature_class,forest bathing near me,forest bathing near me,forest bathing near me,480,forest bathing events:10,LOW,9,1.6412,2025-august,590,2025-december,260,2.27,10,4,3,4,4,4,4,71,partner_led_test,guided session with a qualified facilitator and land partner,"Local discovery signal may mix classes, venues, clubs and events",observed_demand_plus_inference_score,national_keyword_demand_and_format_structure,"city-level paid conversion, fill rate, repeat attendance and event-level contribution",2026-09-03
164,Craft and making,Calligraphy,portable_craft,calligraphy classes near me,calligraphy classes near me,calligraphy classes near me,390,calligraphy workshop near me:110,HIGH,92,0.4687,2026-january,590,2026-july,210,2.81,10,4,3,4,4,4,4,71,partner_led_test,venue-partnered workshop series,"Local discovery signal may mix classes, venues, clubs and events",observed_demand_plus_inference_score,national_keyword_demand_and_format_structure,"city-level paid conversion, fill rate, repeat attendance and event-level contribution",2026-09-03
165,"Wellness, spa and retreats",Detox retreats,retreat,detox retreats uk,detox retreats uk,detox retreats uk,390,detox retreat near me:70,MEDIUM,48,0.2972,2025-august,480,2026-june,260,1.85,10,5,3,3,3,5,4,71,partner_led_test,hosted weekend using partner accommodation and practitioners,Format-specific phrase still may contain informational or non-commercial intent,observed_demand_plus_inference_score,national_keyword_demand_and_format_structure,"city-level paid conversion, fill rate, repeat attendance and event-level contribution",2026-09-03
166,Craft and making,Basket weaving,portable_craft,basket weaving courses near me,basket weaving courses near me,basket weaving courses near me,320,basket weaving workshop near me:30,MEDIUM,38,0.7340,2025-august,390,2025-october,210,1.86,10,4,3,4,4,4,4,71,partner_led_test,venue-partnered workshop series,"Local discovery signal may mix classes, venues, clubs and events",observed_demand_plus_inference_score,national_keyword_demand_and_format_structure,"city-level paid conversion, fill rate, repeat attendance and event-level contribution",2026-09-03
167,Nature and animals,Mushroom foraging,nature_class,mushroom foraging near me,mushroom foraging near me,mushroom foraging near me,320,mushroom foraging course:170,HIGH,92,0.4662,2025-september,1000,2026-july,70,14.29,10,4,3,4,4,4,4,71,partner_led_test,guided session with a qualified facilitator and land partner,"Local discovery signal may mix classes, venues, clubs and events",observed_demand_plus_inference_score,national_keyword_demand_and_format_structure,"city-level paid conversion, fill rate, repeat attendance and event-level contribution",2026-09-03
168,Craft and making,Mosaic making,portable_craft,mosaic workshops near me,mosaic workshops near me,mosaic workshops near me,260,mosaic classes near me:260,HIGH,97,0.6825,2026-march,390,2025-december,170,2.29,10,4,3,4,4,4,4,71,partner_led_test,venue-partnered workshop series,"Local discovery signal may mix classes, venues, clubs and events",observed_demand_plus_inference_score,national_keyword_demand_and_format_structure,"city-level paid conversion, fill rate, repeat attendance and event-level contribution",2026-09-03
169,Craft and making,Soap making,portable_craft,soap making courses near me,soap making courses near me,soap making courses near me,260,soap making workshop near me:70,HIGH,100,0.4982,2025-october,390,2026-june,210,1.86,10,4,3,4,4,4,4,71,partner_led_test,venue-partnered workshop series,"Local discovery signal may mix classes, venues, clubs and events",observed_demand_plus_inference_score,national_keyword_demand_and_format_structure,"city-level paid conversion, fill rate, repeat attendance and event-level contribution",2026-09-03
170,Craft and making,Terrarium making,portable_craft,terrarium workshop near me,terrarium workshop near me,terrarium workshop near me,260,terrarium making near me:20,HIGH,100,0.5397,2025-november,320,2025-august,210,1.52,10,4,3,4,4,4,4,71,partner_led_test,venue-partnered workshop series,"Local discovery signal may mix classes, venues, clubs and events",observed_demand_plus_inference_score,national_keyword_demand_and_format_structure,"city-level paid conversion, fill rate, repeat attendance and event-level contribution",2026-09-03
171,Food and drink,Pasta making,food_class,pasta making class near me,pasta making class near me,pasta making class near me,210,pasta workshop near me:10,HIGH,100,0.6606,2025-october,320,2026-april,140,2.29,10,5,3,4,3,5,3,71,partner_led_test,licensed kitchen or hospitality partnership,"Local discovery signal may mix classes, venues, clubs and events",observed_demand_plus_inference_score,national_keyword_demand_and_format_structure,"city-level paid conversion, fill rate, repeat attendance and event-level contribution",2026-09-03
172,Craft and making,Photography workshops,technical_workshop,photography workshops near me,photography workshops near me,photography workshops near me,210,photography classes near me:2400,MEDIUM,42,1.3813,2025-august,320,2025-november,170,1.88,10,4,3,4,3,5,4,71,partner_led_test,short course in a maker or education venue,"Local discovery signal may mix classes, venues, clubs and events",observed_demand_plus_inference_score,national_keyword_demand_and_format_structure,"city-level paid conversion, fill rate, repeat attendance and event-level contribution",2026-09-03
173,Food and drink,Sushi making,food_class,sushi making class near me,sushi making class near me,sushi making class near me,210,sushi workshop near me:20,HIGH,100,0.7420,2025-november,260,2026-april,140,1.86,10,5,3,4,3,5,3,71,partner_led_test,licensed kitchen or hospitality partnership,"Local discovery signal may mix classes, venues, clubs and events",observed_demand_plus_inference_score,national_keyword_demand_and_format_structure,"city-level paid conversion, fill rate, repeat attendance and event-level contribution",2026-09-03
174,Craft and making,Screen printing,studio_craft,screen printing workshop near me,screen printing workshop near me,screen printing workshop near me,70,screen printing course near me:140,HIGH,85,0.6974,2025-october,90,2025-september,50,1.80,6,5,4,4,2,5,4,71,partner_led_test,portable workshop or studio-capacity partnership before a lease,"Local discovery signal may mix classes, venues, clubs and events",observed_demand_plus_inference_score,national_keyword_demand_and_format_structure,"city-level paid conversion, fill rate, repeat attendance and event-level contribution",2026-09-03
175,Food and drink,Tea tasting,tasting,tea tasting near me,tea tasting near me,tea tasting near me,70,tea tasting experience:140,HIGH,92,0.2378,2025-august,90,2026-may,40,2.25,6,5,3,4,5,5,3,71,partner_led_test,producer and venue partnership while the operator owns the audience,"Local discovery signal may mix classes, venues, clubs and events",observed_demand_plus_inference_score,national_keyword_demand_and_format_structure,"city-level paid conversion, fill rate, repeat attendance and event-level contribution",2026-09-03
176,Craft and making,Tufting,studio_craft,tufting workshop near me,tufting workshop near me,tufting workshop near me,70,rug tufting near me:50,HIGH,100,0.3130,2026-january,140,2026-june,30,4.67,6,5,4,4,2,5,4,71,partner_led_test,portable workshop or studio-capacity partnership before a lease,"Local discovery signal may mix classes, venues, clubs and events",observed_demand_plus_inference_score,national_keyword_demand_and_format_structure,"city-level paid conversion, fill rate, repeat attendance and event-level contribution",2026-09-03
177,Food and drink,Coffee workshops,tasting,coffee workshop near me,coffee workshop near me,coffee workshop near me,50,barista course near me:1900,HIGH,90,0.3393,2026-february,70,2025-august,30,2.33,6,5,3,4,5,5,3,71,partner_led_test,producer and venue partnership while the operator owns the audience,"Local discovery signal may mix classes, venues, clubs and events",observed_demand_plus_inference_score,national_keyword_demand_and_format_structure,"city-level paid conversion, fill rate, repeat attendance and event-level contribution",2026-09-03
178,Performance and dance,Comedy classes,participatory_performance,comedy classes near me,comedy classes near me,comedy classes near me,40,stand up comedy course:390,LOW,22,0.0000,2025-september,50,2026-june,20,2.50,4,4,4,5,4,4,4,71,partner_led_test,short course or recurring hosted night,"Local discovery signal may mix classes, venues, clubs and events",observed_demand_plus_inference_score,national_keyword_demand_and_format_structure,"city-level paid conversion, fill rate, repeat attendance and event-level contribution",2026-09-03
179,Social and relationship,Language exchange,hobby_club,language exchange near me,language exchange near me,language exchange near me,40,language exchange events:10,LOW,25,0.7994,2025-august,70,2026-march,20,3.50,4,3,5,5,5,3,4,71,partner_led_test,recurring club or season with a facilitator,"Local discovery signal may mix classes, venues, clubs and events",observed_demand_plus_inference_score,national_keyword_demand_and_format_structure,"city-level paid conversion, fill rate, repeat attendance and event-level contribution",2026-09-03
180,Technical and maker hobbies,Model-making clubs,hobby_club,model making clubs near me,model making clubs near me,model making clubs near me,40,model railway clubs near me:720,LOW,0,0.0000,2025-october,70,2026-june,20,3.50,4,3,5,5,5,3,4,71,partner_led_test,recurring club or season with a facilitator,"Local discovery signal may mix classes, venues, clubs and events",observed_demand_plus_inference_score,national_keyword_demand_and_format_structure,"city-level paid conversion, fill rate, repeat attendance and event-level contribution",2026-09-03
181,Live culture,Immersive theatre,participatory_performance,immersive theatre near me,immersive theatre near me,immersive theatre near me,20,immersive theatre:1300,LOW,13,0.0139,2025-august,30,2026-may,10,3.00,4,4,4,5,4,4,4,71,partner_led_test,short course or recurring hosted night,"Local discovery signal may mix classes, venues, clubs and events",observed_demand_plus_inference_score,national_keyword_demand_and_format_structure,"city-level paid conversion, fill rate, repeat attendance and event-level contribution",2026-09-03
182,Nature and animals,Farm experiences,nature_class,farm experiences near me,farm experiences near me,farm experiences near me,590,farm events near me:110,HIGH,100,0.4918,2025-august,720,2025-november,320,2.25,12,4,2,4,4,4,4,70,partner_led_test,guided session with a qualified facilitator and land partner,"Local discovery signal may mix classes, venues, clubs and events",observed_demand_plus_inference_score,national_keyword_demand_and_format_structure,"city-level paid conversion, fill rate, repeat attendance and event-level contribution",2026-09-03
183,Fitness and mind-body,Martial arts,fitness_class,martial arts classes near me,martial arts classes near me,martial arts classes near me,1900,martial arts near me:14800,LOW,28,1.0966,2025-september,2900,2025-december,1300,2.23,14,5,5,2,4,4,1,69,selective_or_watchlist,themed social cohort through an instructor and venue partner,"Local discovery signal may mix classes, venues, clubs and events",observed_demand_plus_inference_score,national_keyword_demand_and_format_structure,"city-level paid conversion, fill rate, repeat attendance and event-level contribution",2026-09-03
184,Fitness and mind-body,Barre classes,fitness_class,barre classes near me,barre classes near me,barre classes near me,1600,barre fitness near me:90,LOW,27,1.2808,2026-january,2400,2025-november,1000,2.40,14,5,5,2,4,4,1,69,selective_or_watchlist,themed social cohort through an instructor and venue partner,"Local discovery signal may mix classes, venues, clubs and events",observed_demand_plus_inference_score,national_keyword_demand_and_format_structure,"city-level paid conversion, fill rate, repeat attendance and event-level contribution",2026-09-03
185,Fitness and mind-body,Bootcamps,fitness_class,bootcamp near me,bootcamp near me,bootcamp near me,1600,fitness bootcamp near me:1600,LOW,30,1.2090,2025-august,1900,2025-december,1000,1.90,14,5,5,2,4,4,1,69,selective_or_watchlist,themed social cohort through an instructor and venue partner,"Local discovery signal may mix classes, venues, clubs and events",observed_demand_plus_inference_score,national_keyword_demand_and_format_structure,"city-level paid conversion, fill rate, repeat attendance and event-level contribution",2026-09-03
186,Fitness and mind-body,Kickboxing,fitness_class,kickboxing classes near me,kickboxing classes near me,kickboxing classes near me,1600,kickboxing near me:12100,LOW,28,1.2131,2025-august,1900,2025-december,1300,1.46,14,5,5,2,4,4,1,69,selective_or_watchlist,themed social cohort through an instructor and venue partner,"Local discovery signal may mix classes, venues, clubs and events",observed_demand_plus_inference_score,national_keyword_demand_and_format_structure,"city-level paid conversion, fill rate, repeat attendance and event-level contribution",2026-09-03
187,Fitness and mind-body,Calisthenics,fitness_class,calisthenics classes near me,calisthenics classes near me,calisthenics classes near me,1000,calisthenics near me:2900,MEDIUM,37,1.2470,2026-january,1300,2025-august,880,1.48,14,5,5,2,4,4,1,69,selective_or_watchlist,themed social cohort through an instructor and venue partner,"Local discovery signal may mix classes, venues, clubs and events",observed_demand_plus_inference_score,national_keyword_demand_and_format_structure,"city-level paid conversion, fill rate, repeat attendance and event-level contribution",2026-09-03
188,Nature and animals,Conservation volunteering,community_format,conservation volunteering near me,conservation volunteering near me,conservation volunteering near me,320,wildlife volunteering near me:390,LOW,14,5.9710,2025-october,390,2025-december,170,2.29,10,2,5,5,5,2,3,69,selective_or_watchlist,sponsor or venue-funded community layer rather than ticket-first,"Local discovery signal may mix classes, venues, clubs and events",observed_demand_plus_inference_score,national_keyword_demand_and_format_structure,"city-level paid conversion, fill rate, repeat attendance and event-level contribution",2026-09-03
189,Food and drink,Cheese making,food_class,cheese making courses near me,cheese making courses near me,cheese making courses near me,170,cheese making experience:110,HIGH,100,0.9310,2025-november,260,2026-march,90,2.89,8,5,3,4,3,5,3,69,selective_or_watchlist,licensed kitchen or hospitality partnership,"Local discovery signal may mix classes, venues, clubs and events",observed_demand_plus_inference_score,national_keyword_demand_and_format_structure,"city-level paid conversion, fill rate, repeat attendance and event-level contribution",2026-09-03
190,"Ideas, books and learning",Poetry workshops,technical_workshop,poetry workshops near me,poetry workshops near me,poetry workshops near me,170,poetry class near me:170,LOW,33,1.2937,2025-august,260,2025-december,140,1.86,8,4,3,4,3,5,4,69,selective_or_watchlist,short course in a maker or education venue,"Local discovery signal may mix classes, venues, clubs and events",observed_demand_plus_inference_score,national_keyword_demand_and_format_structure,"city-level paid conversion, fill rate, repeat attendance and event-level contribution",2026-09-03
191,Food and drink,Vegan cooking,food_class,vegan cooking classes near me,vegan cooking classes near me,vegan cooking classes near me,170,vegan cookery course:210,HIGH,100,1.0023,2025-august,260,2026-july,90,2.89,8,5,3,4,3,5,3,69,selective_or_watchlist,licensed kitchen or hospitality partnership,"Local discovery signal may mix classes, venues, clubs and events",observed_demand_plus_inference_score,national_keyword_demand_and_format_structure,"city-level paid conversion, fill rate, repeat attendance and event-level contribution",2026-09-03
192,Nature and animals,Gardening workshops,nature_class,gardening workshops near me,gardening workshops near me,gardening workshops near me,140,gardening classes near me:880,HIGH,86,1.7402,2025-august,210,2025-november,90,2.33,8,4,3,4,4,4,4,69,selective_or_watchlist,guided session with a qualified facilitator and land partner,"Local discovery signal may mix classes, venues, clubs and events",observed_demand_plus_inference_score,national_keyword_demand_and_format_structure,"city-level paid conversion, fill rate, repeat attendance and event-level contribution",2026-09-03
193,Craft and making,Lino printing,portable_craft,lino printing workshop near me,lino printing workshop near me,lino printing workshop near me,140,lino printing course near me:140,HIGH,79,1.6195,2026-january,210,2026-july,70,3.00,8,4,3,4,4,4,4,69,selective_or_watchlist,venue-partnered workshop series,"Local discovery signal may mix classes, venues, clubs and events",observed_demand_plus_inference_score,national_keyword_demand_and_format_structure,"city-level paid conversion, fill rate, repeat attendance and event-level contribution",2026-09-03
194,Craft and making,Resin art,portable_craft,resin art classes near me,resin art classes near me,resin art classes near me,140,resin workshop near me:170,HIGH,100,1.3221,2025-september,210,2026-june,70,3.00,8,4,3,4,4,4,4,69,selective_or_watchlist,venue-partnered workshop series,"Local discovery signal may mix classes, venues, clubs and events",observed_demand_plus_inference_score,national_keyword_demand_and_format_structure,"city-level paid conversion, fill rate, repeat attendance and event-level contribution",2026-09-03
195,"Ideas, books and learning",Guided walking tours,hosted_content,walking tours near me,walking tours near me,walking tours near me,140,guided walks near me:70,MEDIUM,62,0.6135,2025-august,210,2025-november,110,1.91,8,4,3,3,5,4,4,68,selective_or_watchlist,touring programme in partner venues,"Local discovery signal may mix classes, venues, clubs and events",observed_demand_plus_inference_score,national_keyword_demand_and_format_structure,"city-level paid conversion, fill rate, repeat attendance and event-level contribution",2026-09-03
196,"Ideas, books and learning",History talks,hosted_content,history talks near me,history talks near me,history talks near me,110,local history talks:10,LOW,2,16.3254,2025-september,140,2026-may,90,1.56,8,4,3,3,5,4,4,68,selective_or_watchlist,touring programme in partner venues,"Local discovery signal may mix classes, venues, clubs and events",observed_demand_plus_inference_score,national_keyword_demand_and_format_structure,"city-level paid conversion, fill rate, repeat attendance and event-level contribution",2026-09-03
197,Performance and dance,Contemporary dance,fitness_class,contemporary dance classes near me,contemporary dance classes near me,contemporary dance classes near me,880,adult contemporary dance near me:10,LOW,17,1.0768,2025-september,1300,2026-april,590,2.20,12,5,5,2,4,4,1,67,selective_or_watchlist,themed social cohort through an instructor and venue partner,"Local discovery signal may mix classes, venues, clubs and events",observed_demand_plus_inference_score,national_keyword_demand_and_format_structure,"city-level paid conversion, fill rate, repeat attendance and event-level contribution",2026-09-03
198,Community and alternative,Clothes swaps,community_format,clothes swap near me,clothes swap near me,clothes swap near me,170,clothes swap events near me:10,LOW,1,0.0000,2025-september,210,2025-december,90,2.33,8,2,5,5,5,2,3,67,selective_or_watchlist,sponsor or venue-funded community layer rather than ticket-first,"Local discovery signal may mix classes, venues, clubs and events",observed_demand_plus_inference_score,national_keyword_demand_and_format_structure,"city-level paid conversion, fill rate, repeat attendance and event-level contribution",2026-09-03
199,Craft and making,Bookbinding,portable_craft,bookbinding courses near me,bookbinding courses near me,bookbinding courses near me,90,bookbinding workshop near me:70,MEDIUM,59,0.9545,2025-august,140,2026-march,70,2.00,6,4,3,4,4,4,4,67,selective_or_watchlist,venue-partnered workshop series,"Local discovery signal may mix classes, venues, clubs and events",observed_demand_plus_inference_score,national_keyword_demand_and_format_structure,"city-level paid conversion, fill rate, repeat attendance and event-level contribution",2026-09-03
200,Food and drink,Chocolate making,food_class,chocolate making workshop near me,chocolate making workshop near me,chocolate making workshop near me,90,chocolate making experience:720,HIGH,94,0.4166,2025-november,140,2026-july,50,2.80,6,5,3,4,3,5,3,67,selective_or_watchlist,licensed kitchen or hospitality partnership,"Local discovery signal may mix classes, venues, clubs and events",observed_demand_plus_inference_score,national_keyword_demand_and_format_structure,"city-level paid conversion, fill rate, repeat attendance and event-level contribution",2026-09-03
201,Technical and maker hobbies,DIY workshops,technical_workshop,diy workshops near me,diy workshops near me,diy workshops near me,90,diy classes near me:210,MEDIUM,63,0.7311,2026-january,110,2025-december,70,1.57,6,4,3,4,3,5,4,67,selective_or_watchlist,short course in a maker or education venue,"Local discovery signal may mix classes, venues, clubs and events",observed_demand_plus_inference_score,national_keyword_demand_and_format_structure,"city-level paid conversion, fill rate, repeat attendance and event-level contribution",2026-09-03
202,"Ideas, books and learning",Stargazing events,nature_class,stargazing events near me,stargazing events near me,stargazing events near me,90,stargazing near me:720,LOW,23,0.5979,2025-august,110,2026-may,50,2.20,6,4,3,4,4,4,4,67,selective_or_watchlist,guided session with a qualified facilitator and land partner,"Local discovery signal may mix classes, venues, clubs and events",observed_demand_plus_inference_score,national_keyword_demand_and_format_structure,"city-level paid conversion, fill rate, repeat attendance and event-level contribution",2026-09-03
203,Craft and making,Embroidery workshops,portable_craft,embroidery workshops near me,embroidery workshops near me,embroidery workshops near me,70,embroidery classes near me:320,HIGH,85,0.7009,2025-november,90,2025-september,50,1.80,6,4,3,4,4,4,4,67,selective_or_watchlist,venue-partnered workshop series,"Local discovery signal may mix classes, venues, clubs and events",observed_demand_plus_inference_score,national_keyword_demand_and_format_structure,"city-level paid conversion, fill rate, repeat attendance and event-level contribution",2026-09-03
204,Food and drink,Fermentation,food_class,fermentation courses near me,fermentation courses near me,fermentation courses near me,50,fermentation workshop near me:20,HIGH,70,0.9961,2025-september,70,2026-may,20,3.50,6,5,3,4,3,5,3,67,selective_or_watchlist,licensed kitchen or hospitality partnership,"Local discovery signal may mix classes, venues, clubs and events",observed_demand_plus_inference_score,national_keyword_demand_and_format_structure,"city-level paid conversion, fill rate, repeat attendance and event-level contribution",2026-09-03
205,Food and drink,Food tours,hosted_content,food tours near me,food tours near me,food tours near me,90,food walking tour near me:0,HIGH,97,2.0241,2025-september,210,2026-february,40,5.25,6,5,2,3,5,4,4,66,selective_or_watchlist,touring programme in partner venues,"Local discovery signal may mix classes, venues, clubs and events",observed_demand_plus_inference_score,national_keyword_demand_and_format_structure,"city-level paid conversion, fill rate, repeat attendance and event-level contribution",2026-09-03
206,Live culture,Poetry nights,hosted_content,poetry night near me,poetry night near me,poetry night near me,90,poetry events near me:70,LOW,2,0.5944,2026-january,140,2025-december,50,2.80,6,4,3,3,5,4,4,66,selective_or_watchlist,touring programme in partner venues,"Local discovery signal may mix classes, venues, clubs and events",observed_demand_plus_inference_score,national_keyword_demand_and_format_structure,"city-level paid conversion, fill rate, repeat attendance and event-level contribution",2026-09-03
207,"Ideas, books and learning",Public lectures,hosted_content,public lectures near me,public lectures near me,public lectures near me,50,public lectures:210,LOW,3,0.0000,2025-august,70,2026-april,40,1.75,6,4,3,3,5,4,4,66,selective_or_watchlist,touring programme in partner venues,"Local discovery signal may mix classes, venues, clubs and events",observed_demand_plus_inference_score,national_keyword_demand_and_format_structure,"city-level paid conversion, fill rate, repeat attendance and event-level contribution",2026-09-03
208,Tabletop and games,Gaming tournaments,venue_entertainment,gaming tournaments near me,gaming tournaments near me,gaming tournaments near me,20,video game tournaments near me:10,LOW,4,0.0000,2025-august,30,2025-december,10,3.00,4,5,4,4,2,5,3,66,selective_or_watchlist,partner with the asset owner; do not build the venue first,May resolve to venue or facility booking rather than a managed social event,observed_demand_plus_inference_score,national_keyword_demand_and_format_structure,"city-level paid conversion, fill rate, repeat attendance and event-level contribution",2026-09-03
209,Social and relationship,Expat events,social_first,expat events near me,expat events near me,expat events near me,0,expat events:10,UNSPECIFIED,0,0.0000,,0,,0,,0,4,4,5,5,4,3,66,selective_or_watchlist,owned hosted series in a partner venue,"Local discovery signal may mix classes, venues, clubs and events",observed_demand_plus_inference_score,national_keyword_demand_and_format_structure,"city-level paid conversion, fill rate, repeat attendance and event-level contribution",2026-09-03
210,Social and relationship,Friendship events,social_first,friendship events near me,friendship events near me,friendship events near me,0,friendship events:40,UNSPECIFIED,0,0.0000,,0,,0,,0,4,4,5,5,4,3,66,selective_or_watchlist,owned hosted series in a partner venue,"Local discovery signal may mix classes, venues, clubs and events",observed_demand_plus_inference_score,national_keyword_demand_and_format_structure,"city-level paid conversion, fill rate, repeat attendance and event-level contribution",2026-09-03
211,Fitness and mind-body,Mindfulness courses,fitness_class,mindfulness courses near me,mindfulness courses near me,mindfulness courses near me,480,mindfulness classes near me:480,MEDIUM,42,3.5769,2025-september,720,2026-july,260,2.77,10,5,5,2,4,4,1,65,selective_or_watchlist,themed social cohort through an instructor and venue partner,"Local discovery signal may mix classes, venues, clubs and events",observed_demand_plus_inference_score,national_keyword_demand_and_format_structure,"city-level paid conversion, fill rate, repeat attendance and event-level contribution",2026-09-03
212,Performance and dance,Street dance,fitness_class,adult street dance classes near me,adult street dance classes near me,adult street dance classes near me,390,street dance classes near me:1600,LOW,13,2.5911,2025-october,480,2025-august,390,1.23,10,5,5,2,4,4,1,65,selective_or_watchlist,themed social cohort through an instructor and venue partner,"Local discovery signal may mix classes, venues, clubs and events",observed_demand_plus_inference_score,national_keyword_demand_and_format_structure,"city-level paid conversion, fill rate, repeat attendance and event-level contribution",2026-09-03
213,Craft and making,Perfume making,portable_craft,perfume making workshop near me,perfume making workshop near me,perfume making workshop near me,40,perfume making experience:480,HIGH,100,0.8306,2026-january,70,2025-september,20,3.50,4,4,3,4,4,4,4,65,selective_or_watchlist,venue-partnered workshop series,"Local discovery signal may mix classes, venues, clubs and events",observed_demand_plus_inference_score,national_keyword_demand_and_format_structure,"city-level paid conversion, fill rate, repeat attendance and event-level contribution",2026-09-03
214,Nature and animals,Wildlife-photography workshops,nature_class,wildlife photography workshops uk,wildlife photography workshops uk,wildlife photography workshops uk,40,wildlife photography courses near me:90,HIGH,76,5.8879,2025-august,50,2025-september,20,2.50,4,4,3,4,4,4,4,65,selective_or_watchlist,guided session with a qualified facilitator and land partner,Format-specific phrase still may contain informational or non-commercial intent,observed_demand_plus_inference_score,national_keyword_demand_and_format_structure,"city-level paid conversion, fill rate, repeat attendance and event-level contribution",2026-09-03
215,Technical and maker hobbies,3D-printing workshops,technical_workshop,3d printing workshops near me,3d printing workshops near me,3d printing workshops near me,20,3d printing course near me:170,LOW,16,0.0000,2025-december,30,2026-may,10,3.00,4,4,3,4,3,5,4,65,selective_or_watchlist,short course in a maker or education venue,"Local discovery signal may mix classes, venues, clubs and events",observed_demand_plus_inference_score,national_keyword_demand_and_format_structure,"city-level paid conversion, fill rate, repeat attendance and event-level contribution",2026-09-03
216,Performance and dance,DJ workshops,technical_workshop,dj workshops near me,dj workshops near me,dj workshops near me,20,dj course near me:320,MEDIUM,47,2.2672,2026-july,40,2026-february,10,4.00,4,4,3,4,3,5,4,65,selective_or_watchlist,short course in a maker or education venue,"Local discovery signal may mix classes, venues, clubs and events",observed_demand_plus_inference_score,national_keyword_demand_and_format_structure,"city-level paid conversion, fill rate, repeat attendance and event-level contribution",2026-09-03
217,Craft and making,Upcycling,technical_workshop,upcycling workshops near me,upcycling workshops near me,upcycling workshops near me,20,upcycling classes near me:10,HIGH,80,0.0000,2025-august,40,2025-december,10,4.00,4,4,3,4,3,5,4,65,selective_or_watchlist,short course in a maker or education venue,"Local discovery signal may mix classes, venues, clubs and events",observed_demand_plus_inference_score,national_keyword_demand_and_format_structure,"city-level paid conversion, fill rate, repeat attendance and event-level contribution",2026-09-03
218,Technical and maker hobbies,Coding workshops,technical_workshop,coding workshops near me,coding workshops near me,coding workshops near me,10,coding classes near me:260,LOW,18,0.0000,2025-august,10,2025-august,10,1.00,4,4,3,4,3,5,4,65,selective_or_watchlist,short course in a maker or education venue,"Local discovery signal may mix classes, venues, clubs and events",observed_demand_plus_inference_score,national_keyword_demand_and_format_structure,"city-level paid conversion, fill rate, repeat attendance and event-level contribution",2026-09-03
219,Technical and maker hobbies,Robotics workshops,technical_workshop,robotics workshops near me,robotics workshops near me,robotics workshops near me,10,robotics classes near me:50,LOW,7,0.0000,2025-august,10,2025-august,10,1.00,4,4,3,4,3,5,4,65,selective_or_watchlist,short course in a maker or education venue,"Local discovery signal may mix classes, venues, clubs and events",observed_demand_plus_inference_score,national_keyword_demand_and_format_structure,"city-level paid conversion, fill rate, repeat attendance and event-level contribution",2026-09-03
220,Live culture,Outdoor cinema,spectator_culture,outdoor cinema near me,outdoor cinema near me,outdoor cinema near me,4400,open air cinema near me:720,LOW,6,0.7364,2025-august,12100,2025-december,880,13.75,16,5,2,1,2,4,4,64,selective_or_watchlist,niche programme or curation; do not begin with full production,Measures audience or venue discovery rather than stranger interaction,observed_demand_plus_inference_score,national_keyword_demand_and_format_structure,"city-level paid conversion, fill rate, repeat attendance and event-level contribution",2026-09-03
221,"Ideas, books and learning",Science talks,hosted_content,science talks near me,science talks near me,science talks near me,40,science events near me:30,LOW,4,0.7104,2025-september,50,2025-august,20,2.50,4,4,3,3,5,4,4,64,selective_or_watchlist,touring programme in partner venues,"Local discovery signal may mix classes, venues, clubs and events",observed_demand_plus_inference_score,national_keyword_demand_and_format_structure,"city-level paid conversion, fill rate, repeat attendance and event-level contribution",2026-09-03
222,Live culture,Spoken word,hosted_content,spoken word events near me,spoken word events near me,spoken word events near me,30,spoken word night:20,LOW,3,0.0000,2025-november,40,2025-august,20,2.00,4,4,3,3,5,4,4,64,selective_or_watchlist,touring programme in partner venues,"Local discovery signal may mix classes, venues, clubs and events",observed_demand_plus_inference_score,national_keyword_demand_and_format_structure,"city-level paid conversion, fill rate, repeat attendance and event-level contribution",2026-09-03
223,Live culture,Storytelling nights,hosted_content,storytelling events near me,storytelling events near me,storytelling events near me,10,storytelling night:10,LOW,0,0.0000,2025-november,20,2025-august,10,2.00,4,4,3,3,5,4,4,64,selective_or_watchlist,touring programme in partner venues,"Local discovery signal may mix classes, venues, clubs and events",observed_demand_plus_inference_score,national_keyword_demand_and_format_structure,"city-level paid conversion, fill rate, repeat attendance and event-level contribution",2026-09-03
224,Tabletop and games,Esports events,venue_entertainment,esports events near me,esports events near me,esports events near me,10,esports tournaments near me:10,LOW,5,0.0000,2025-december,20,2025-august,10,2.00,4,5,3,4,2,5,3,63,selective_or_watchlist,partner with the asset owner; do not build the venue first,May resolve to venue or facility booking rather than a managed social event,observed_demand_plus_inference_score,national_keyword_demand_and_format_structure,"city-level paid conversion, fill rate, repeat attendance and event-level contribution",2026-09-03
225,"Wellness, spa and retreats",Spa days,spa_asset,spa day near me,spa day near me,spa day near me|spa days near me,60500,spa days near me:60500,HIGH,100,0.5964,2026-january,74000,2026-april,49500,1.49,20,5,2,2,1,5,1,62,selective_or_watchlist,package existing spa inventory; do not build the asset,Measures spa inventory demand rather than demand for a hosted social cohort,observed_demand_plus_inference_score,national_keyword_demand_and_format_structure,"city-level paid conversion, fill rate, repeat attendance and event-level contribution",2026-09-03
226,"Wellness, spa and retreats",Spa breaks,spa_asset,spa breaks uk,spa breaks uk,spa breaks uk,27100,spa break near me:14800,HIGH,100,1.2467,2025-august,33100,2025-november,22200,1.49,20,5,2,2,1,5,1,62,selective_or_watchlist,package existing spa inventory; do not build the asset,Measures spa inventory demand rather than demand for a hosted social cohort,observed_demand_plus_inference_score,national_keyword_demand_and_format_structure,"city-level paid conversion, fill rate, repeat attendance and event-level contribution",2026-09-03
227,Community and alternative,Litter-picking groups,community_format,litter picking groups near me,litter picking groups near me,litter picking groups near me,110,litter picking events near me:10,LOW,5,8.3398,2026-january,210,2025-november,50,4.20,8,1,5,5,5,1,3,62,selective_or_watchlist,sponsor or venue-funded community layer rather than ticket-first,Participation demand is real but consumer ticket intent is weak,observed_demand_plus_inference_score,national_keyword_demand_and_format_structure,"city-level paid conversion, fill rate, repeat attendance and event-level contribution",2026-09-03
228,Nature and animals,Allotment groups,community_format,allotments near me,allotments near me,allotments near me,12100,allotment groups near me:0,LOW,1,3.7319,2025-august,14800,2025-december,5400,2.74,20,1,5,2,5,2,1,61,deprioritise_as_launch_wedge,sponsor or venue-funded community layer rather than ticket-first,Dominated by plot and tenancy discovery rather than paid events,observed_demand_plus_inference_score,national_keyword_demand_and_format_structure,"city-level paid conversion, fill rate, repeat attendance and event-level contribution",2026-09-03
229,Fitness and mind-body,Cold-water therapy,fitness_class,cold water therapy near me,cold water therapy near me,cold water therapy near me,210,cold plunge near me:1600,LOW,32,1.1808,2025-august,320,2026-march,170,1.88,10,5,5,2,2,4,1,61,deprioritise_as_launch_wedge,themed social cohort through an instructor and venue partner,"Local discovery signal may mix classes, venues, clubs and events",observed_demand_plus_inference_score,national_keyword_demand_and_format_structure,"city-level paid conversion, fill rate, repeat attendance and event-level contribution",2026-09-03
230,Technical and maker hobbies,Electronics workshops,technical_workshop,electronics workshops near me,electronics workshops near me,electronics workshops near me,0,electronics courses near me:170,UNSPECIFIED,0,0.0000,,0,,0,,0,4,3,4,3,5,4,61,deprioritise_as_launch_wedge,short course in a maker or education venue,"Local discovery signal may mix classes, venues, clubs and events",observed_demand_plus_inference_score,national_keyword_demand_and_format_structure,"city-level paid conversion, fill rate, repeat attendance and event-level contribution",2026-09-03
231,Live culture,Theatre,spectator_culture,theatre near me,theatre near me,theatre near me,33100,theatre tickets near me:170,LOW,28,0.6414,2025-september,40500,2026-april,27100,1.49,20,5,2,1,1,4,2,60,deprioritise_as_launch_wedge,niche programme or curation; do not begin with full production,Measures audience or venue discovery rather than stranger interaction,observed_demand_plus_inference_score,national_keyword_demand_and_format_structure,"city-level paid conversion, fill rate, repeat attendance and event-level contribution",2026-09-03
232,Live culture,Live music,spectator_culture,live music near me,live music near me,live music near me,22200,live music events near me:390,LOW,23,0.2455,2025-august,33100,2025-november,22200,1.49,20,5,2,1,1,4,2,60,deprioritise_as_launch_wedge,niche programme or curation; do not begin with full production,Measures audience or venue discovery rather than stranger interaction,observed_demand_plus_inference_score,national_keyword_demand_and_format_structure,"city-level paid conversion, fill rate, repeat attendance and event-level contribution",2026-09-03
233,Live culture,Drag shows,spectator_culture,drag show near me,drag show near me,drag show near me,320,drag events near me:70,LOW,15,0.9355,2025-october,390,2025-december,260,1.50,10,5,2,3,3,4,2,60,deprioritise_as_launch_wedge,niche programme or curation; do not begin with full production,Measures audience or venue discovery rather than stranger interaction,observed_demand_plus_inference_score,national_keyword_demand_and_format_structure,"city-level paid conversion, fill rate, repeat attendance and event-level contribution",2026-09-03
234,"Ideas, books and learning",Museum events,hosted_content,museum events near me,museum events near me,museum events near me,20,museum late events:0,LOW,9,0.3012,2025-november,30,2025-august,10,3.00,4,4,3,3,3,4,4,60,deprioritise_as_launch_wedge,touring programme in partner venues,"Local discovery signal may mix classes, venues, clubs and events",observed_demand_plus_inference_score,national_keyword_demand_and_format_structure,"city-level paid conversion, fill rate, repeat attendance and event-level contribution",2026-09-03
235,"Ideas, books and learning",Gallery events,hosted_content,art gallery events near me,art gallery events near me,art gallery events near me,10,gallery talks near me:0,LOW,25,1.1035,2025-august,20,2025-september,10,2.00,4,4,3,3,3,4,4,60,deprioritise_as_launch_wedge,touring programme in partner venues,"Local discovery signal may mix classes, venues, clubs and events",observed_demand_plus_inference_score,national_keyword_demand_and_format_structure,"city-level paid conversion, fill rate, repeat attendance and event-level contribution",2026-09-03
236,"Ideas, books and learning",Live talks,hosted_content,live talks near me,live talks near me,live talks near me,0,talks near me:210,UNSPECIFIED,0,0.0000,,0,,0,,0,4,3,3,5,4,4,60,deprioritise_as_launch_wedge,touring programme in partner venues,"Local discovery signal may mix classes, venues, clubs and events",observed_demand_plus_inference_score,national_keyword_demand_and_format_structure,"city-level paid conversion, fill rate, repeat attendance and event-level contribution",2026-09-03
237,Live culture,Stand-up comedy,spectator_culture,stand up comedy near me,stand up comedy near me,stand up comedy near me,880,comedy club near me:6600,LOW,32,0.8268,2025-august,1000,2025-december,720,1.39,12,5,2,2,3,4,2,59,deprioritise_as_launch_wedge,niche programme or curation; do not begin with full production,Measures audience or venue discovery rather than stranger interaction,observed_demand_plus_inference_score,national_keyword_demand_and_format_structure,"city-level paid conversion, fill rate, repeat attendance and event-level contribution",2026-09-03
238,"Wellness, spa and retreats",Wellbeing workshops,fitness_class,wellbeing workshops near me,wellbeing workshops near me,wellbeing workshops near me,20,wellness workshops near me:20,MEDIUM,33,2.1400,2025-september,70,2025-november,10,7.00,4,5,5,2,4,4,1,59,deprioritise_as_launch_wedge,themed social cohort through an instructor and venue partner,"Local discovery signal may mix classes, venues, clubs and events",observed_demand_plus_inference_score,national_keyword_demand_and_format_structure,"city-level paid conversion, fill rate, repeat attendance and event-level contribution",2026-09-03
239,Live culture,Jazz clubs,spectator_culture,jazz club near me,jazz club near me,jazz club near me,9900,live jazz near me:590,LOW,32,0.1446,2025-august,12100,2026-april,8100,1.49,18,5,2,1,1,4,2,58,deprioritise_as_launch_wedge,niche programme or curation; do not begin with full production,Measures audience or venue discovery rather than stranger interaction,observed_demand_plus_inference_score,national_keyword_demand_and_format_structure,"city-level paid conversion, fill rate, repeat attendance and event-level contribution",2026-09-03
240,"Wellness, spa and retreats",Spa weekends,spa_asset,spa weekends uk,spa weekends uk,spa weekends uk,2400,spa weekend near me:1300,HIGH,100,0.8815,2026-january,2900,2025-november,1900,1.53,14,5,2,2,1,5,1,56,deprioritise_as_launch_wedge,package existing spa inventory; do not build the asset,Measures spa inventory demand rather than demand for a hosted social cohort,observed_demand_plus_inference_score,national_keyword_demand_and_format_structure,"city-level paid conversion, fill rate, repeat attendance and event-level contribution",2026-09-03
241,Live culture,Ballet,spectator_culture,ballet near me,ballet near me,ballet near me,2400,ballet tickets:590,LOW,27,1.2824,2025-september,2900,2026-june,1600,1.81,14,5,2,1,1,4,2,54,deprioritise_as_launch_wedge,niche programme or curation; do not begin with full production,Measures audience or venue discovery rather than stranger interaction,observed_demand_plus_inference_score,national_keyword_demand_and_format_structure,"city-level paid conversion, fill rate, repeat attendance and event-level contribution",2026-09-03
242,Live culture,Opera,spectator_culture,opera near me,opera near me,opera near me,1000,opera tickets:480,LOW,19,1.4468,2025-october,1300,2026-april,880,1.48,14,5,2,1,1,4,2,54,deprioritise_as_launch_wedge,niche programme or curation; do not begin with full production,Measures audience or venue discovery rather than stranger interaction,observed_demand_plus_inference_score,national_keyword_demand_and_format_structure,"city-level paid conversion, fill rate, repeat attendance and event-level contribution",2026-09-03
243,Live culture,Cabaret,spectator_culture,cabaret near me,cabaret near me,cabaret near me,590,cabaret shows near me:70,LOW,24,0.3723,2025-september,720,2026-june,390,1.85,12,5,2,1,1,4,2,52,deprioritise_as_launch_wedge,niche programme or curation; do not begin with full production,Measures audience or venue discovery rather than stranger interaction,observed_demand_plus_inference_score,national_keyword_demand_and_format_structure,"city-level paid conversion, fill rate, repeat attendance and event-level contribution",2026-09-03
244,Live culture,Classical concerts,spectator_culture,classical concerts near me,classical concerts near me,classical concerts near me,480,classical music near me:210,MEDIUM,34,1.8978,2025-november,590,2026-april,320,1.84,10,5,2,1,1,4,2,50,deprioritise_as_launch_wedge,niche programme or curation; do not begin with full production,Measures audience or venue discovery rather than stranger interaction,observed_demand_plus_inference_score,national_keyword_demand_and_format_structure,"city-level paid conversion, fill rate, repeat attendance and event-level contribution",2026-09-03
