city,family,format,submitted_keyword,grouped_submitted_keywords,returned_keyword,close_variants,average_monthly_searches,competition,competition_index,average_cpc_gbp,low_top_of_page_gbp,high_top_of_page_gbp,monthly_search_volumes,geography_method,observed_at
London,Competitive experiences,Darts,darts near me,darts near me,darts near me,,3600,MEDIUM,43,0.3051,0.2898,1.0524,2025-august:3600|2025-september:2900|2025-october:4400|2025-november:4400|2025-december:4400|2026-january:6600|2026-february:4400|2026-march:4400|2026-april:3600|2026-may:2900|2026-june:2400|2026-july:2400,generic_query_inside_local_geo_target,2026-09-03
London,Performance and dance,Line dancing,line dancing near me,line dancing near me,line dancing near me,,590,LOW,20,2.9928,0.4273,3.9733,2025-august:720|2025-september:1000|2025-october:720|2025-november:480|2025-december:390|2026-january:590|2026-february:480|2026-march:720|2026-april:480|2026-may:480|2026-june:390|2026-july:480,generic_query_inside_local_geo_target,2026-09-03
London,Performance and dance,Salsa classes,salsa classes near me,salsa classes near me,salsa classes near me,,590,MEDIUM,44,0.7677,0.2881,0.9912,2025-august:720|2025-september:590|2025-october:590|2025-november:480|2025-december:480|2026-january:720|2026-february:720|2026-march:590|2026-april:480|2026-may:390|2026-june:390|2026-july:480,generic_query_inside_local_geo_target,2026-09-03
London,Tabletop and games,Board-game cafes,board game cafe near me,board game cafe near me,board game cafe near me,,2400,MEDIUM,35,0.2151,0.3677,1.6213,2025-august:2400|2025-september:2400|2025-october:2900|2025-november:2400|2025-december:1900|2026-january:3600|2026-february:2400|2026-march:2400|2026-april:1900|2026-may:1900|2026-june:1600|2026-july:1600,generic_query_inside_local_geo_target,2026-09-03
London,Craft and making,Pottery painting,pottery painting near me,pottery painting near me,pottery painting near me,,4400,MEDIUM,34,0.5730,0.3740,1.3921,2025-august:5400|2025-september:4400|2025-october:5400|2025-november:4400|2025-december:2900|2026-january:5400|2026-february:6600|2026-march:5400|2026-april:3600|2026-may:2900|2026-june:2900|2026-july:4400,generic_query_inside_local_geo_target,2026-09-03
London,Craft and making,Pottery classes,pottery classes near me,pottery classes near me,pottery classes near me,,1600,HIGH,100,0.7953,0.4020,0.8782,2025-august:1900|2025-september:1900|2025-october:1900|2025-november:1600|2025-december:1600|2026-january:2400|2026-february:1900|2026-march:1900|2026-april:1600|2026-may:1300|2026-june:1300|2026-july:1000,generic_query_inside_local_geo_target,2026-09-03
London,Tabletop and games,Dungeons & Dragons,dungeons and dragons near me,dungeons and dragons near me,dungeons and dragons near me,,260,LOW,19,0.1706,0.0000,0.0000,2025-august:210|2025-september:260|2025-october:260|2025-november:260|2025-december:260|2026-january:320|2026-february:260|2026-march:210|2026-april:210|2026-may:210|2026-june:170|2026-july:210,generic_query_inside_local_geo_target,2026-09-03
London,Craft and making,Sewing classes,sewing classes near me,sewing classes near me,sewing classes near me,,720,HIGH,99,0.5498,0.2136,0.7814,2025-august:880|2025-september:1000|2025-october:720|2025-november:590|2025-december:590|2026-january:880|2026-february:590|2026-march:590|2026-april:590|2026-may:590|2026-june:590|2026-july:720,generic_query_inside_local_geo_target,2026-09-03
London,Food and drink,Wine tasting,wine tasting near me,wine tasting near me,wine tasting near me,,720,HIGH,100,0.7771,0.4266,1.1383,2025-august:1300|2025-september:1000|2025-october:880|2025-november:720|2025-december:590|2026-january:720|2026-february:720|2026-march:880|2026-april:590|2026-may:590|2026-june:720|2026-july:720,generic_query_inside_local_geo_target,2026-09-03
London,Performance and dance,Acting classes,acting classes near me,acting classes near me,acting classes near me,,390,MEDIUM,65,2.4008,0.8554,2.4779,2025-august:480|2025-september:590|2025-october:480|2025-november:390|2025-december:390|2026-january:590|2026-february:390|2026-march:390|2026-april:320|2026-may:260|2026-june:260|2026-july:320,generic_query_inside_local_geo_target,2026-09-03
London,Tabletop and games,Quiz nights,quiz night near me,quiz night near me,quiz night near me,,210,LOW,7,0.9391,0.0000,0.0000,2025-august:320|2025-september:260|2025-october:320|2025-november:210|2025-december:170|2026-january:210|2026-february:260|2026-march:210|2026-april:260|2026-may:170|2026-june:140|2026-july:110,generic_query_inside_local_geo_target,2026-09-03
London,Racket and team sport,Volleyball,volleyball clubs near me,volleyball clubs near me,volleyball clubs near me,,590,LOW,9,0.4558,0.1432,0.9902,2025-august:590|2025-september:880|2025-october:720|2025-november:720|2025-december:480|2026-january:880|2026-february:590|2026-march:720|2026-april:590|2026-may:480|2026-june:480|2026-july:480,generic_query_inside_local_geo_target,2026-09-03
London,Racket and team sport,Netball,netball clubs near me,netball clubs near me,netball clubs near me,,390,MEDIUM,34,1.7744,0.4577,1.1203,2025-august:320|2025-september:720|2025-october:720|2025-november:480|2025-december:260|2026-january:880|2026-february:320|2026-march:480|2026-april:320|2026-may:260|2026-june:260|2026-july:260,generic_query_inside_local_geo_target,2026-09-03
London,Outdoor and endurance,Running clubs,running clubs near me,running clubs near me,running clubs near me,,590,LOW,22,1.8143,0.5228,1.5100,2025-august:720|2025-september:720|2025-october:590|2025-november:480|2025-december:390|2026-january:590|2026-february:480|2026-march:480|2026-april:590|2026-may:590|2026-june:390|2026-july:480,generic_query_inside_local_geo_target,2026-09-03
London,Tabletop and games,Chess clubs,chess club near me,chess club near me,chess club near me,,480,LOW,11,0.5296,0.5767,1.7240,2025-august:590|2025-september:720|2025-october:590|2025-november:480|2025-december:480|2026-january:590|2026-february:480|2026-march:390|2026-april:480|2026-may:480|2026-june:390|2026-july:390,generic_query_inside_local_geo_target,2026-09-03
London,"Wellness, spa and retreats",Yoga retreats,yoga retreat near me,yoga retreat near me,yoga retreat near me,,70,MEDIUM,49,1.0298,0.3476,1.7611,2025-august:90|2025-september:90|2025-october:70|2025-november:110|2025-december:50|2026-january:70|2026-february:70|2026-march:70|2026-april:70|2026-may:70|2026-june:50|2026-july:50,generic_query_inside_local_geo_target,2026-09-03
London,Racket and team sport,Padel,padel near me,padel near me,padel near me,,12100,LOW,27,0.2758,0.2666,0.8278,2025-august:14800|2025-september:12100|2025-october:9900|2025-november:8100|2025-december:6600|2026-january:12100|2026-february:9900|2026-march:12100|2026-april:14800|2026-may:14800|2026-june:12100|2026-july:12100,generic_query_inside_local_geo_target,2026-09-03
London,Food and drink,Cooking classes,cooking classes near me,cooking classes near me,cooking classes near me,,720,HIGH,100,0.7315,0.3218,0.9798,2025-august:880|2025-september:880|2025-october:880|2025-november:880|2025-december:880|2026-january:880|2026-february:720|2026-march:720|2026-april:590|2026-may:480|2026-june:590|2026-july:480,generic_query_inside_local_geo_target,2026-09-03
London,Nature and animals,Nature walks,nature walks near me,nature walks near me,nature walks near me,,260,LOW,9,0.6816,0.2543,1.1532,2025-august:590|2025-september:320|2025-october:260|2025-november:170|2025-december:260|2026-january:260|2026-february:140|2026-march:260|2026-april:320|2026-may:320|2026-june:210|2026-july:260,generic_query_inside_local_geo_target,2026-09-03
London,Social and relationship,Speed dating,speed dating near me,speed dating near me,speed dating near me,,260,MEDIUM,58,1.4120,0.3918,1.6661,2025-august:390|2025-september:320|2025-october:320|2025-november:320|2025-december:260|2026-january:320|2026-february:260|2026-march:260|2026-april:260|2026-may:210|2026-june:210|2026-july:210,generic_query_inside_local_geo_target,2026-09-03
London,Performance and dance,Karaoke,karaoke near me,karaoke near me,karaoke near me,,22200,MEDIUM,56,0.2368,0.2501,0.7055,2025-august:22200|2025-september:18100|2025-october:22200|2025-november:22200|2025-december:27100|2026-january:18100|2026-february:18100|2026-march:18100|2026-april:18100|2026-may:22200|2026-june:18100|2026-july:22200,generic_query_inside_local_geo_target,2026-09-03
London,"Wellness, spa and retreats",Spa retreats,spa retreat near me,spa retreat near me,spa retreat near me,,170,HIGH,98,0.4960,0.2522,0.8031,2025-august:210|2025-september:170|2025-october:210|2025-november:110|2025-december:170|2026-january:170|2026-february:170|2026-march:170|2026-april:140|2026-may:170|2026-june:140|2026-july:140,generic_query_inside_local_geo_target,2026-09-03
London,Craft and making,General art workshops,art workshops near me,art workshops near me,art workshops near me,,90,HIGH,87,0.5826,0.3333,1.0167,2025-august:90|2025-september:90|2025-october:140|2025-november:70|2025-december:50|2026-january:70|2026-february:70|2026-march:90|2026-april:70|2026-may:90|2026-june:90|2026-july:70,generic_query_inside_local_geo_target,2026-09-03
London,Craft and making,Sip and paint,sip and paint near me,sip and paint near me,sip and paint near me,,590,HIGH,96,0.6580,0.2798,0.8392,2025-august:590|2025-september:590|2025-october:590|2025-november:590|2025-december:480|2026-january:720|2026-february:1000|2026-march:720|2026-april:590|2026-may:590|2026-june:480|2026-july:480,generic_query_inside_local_geo_target,2026-09-03
Birmingham,Competitive experiences,Darts,darts near me,darts near me,darts near me,,210,LOW,32,0.3014,0.2366,0.3965,2025-august:170|2025-september:140|2025-october:170|2025-november:170|2025-december:210|2026-january:320|2026-february:320|2026-march:210|2026-april:170|2026-may:170|2026-june:110|2026-july:110,generic_query_inside_local_geo_target,2026-09-03
Birmingham,Performance and dance,Line dancing,line dancing near me,line dancing near me,line dancing near me,,170,LOW,1,1.7873,0.0000,0.0000,2025-august:140|2025-september:210|2025-october:260|2025-november:210|2025-december:110|2026-january:260|2026-february:210|2026-march:210|2026-april:210|2026-may:140|2026-june:170|2026-july:140,generic_query_inside_local_geo_target,2026-09-03
Birmingham,Performance and dance,Salsa classes,salsa classes near me,salsa classes near me,salsa classes near me,,70,LOW,14,0.1072,0.0000,0.0000,2025-august:70|2025-september:70|2025-october:90|2025-november:50|2025-december:40|2026-january:90|2026-february:50|2026-march:50|2026-april:70|2026-may:40|2026-june:30|2026-july:50,generic_query_inside_local_geo_target,2026-09-03
Birmingham,Tabletop and games,Board-game cafes,board game cafe near me,board game cafe near me,board game cafe near me,,170,LOW,19,0.0625,0.0000,0.0000,2025-august:140|2025-september:140|2025-october:170|2025-november:170|2025-december:210|2026-january:260|2026-february:210|2026-march:170|2026-april:140|2026-may:210|2026-june:140|2026-july:140,generic_query_inside_local_geo_target,2026-09-03
Birmingham,Craft and making,Pottery painting,pottery painting near me,pottery painting near me,pottery painting near me,,880,LOW,18,0.0916,0.0585,0.2686,2025-august:1300|2025-september:720|2025-october:880|2025-november:880|2025-december:590|2026-january:880|2026-february:1300|2026-march:1000|2026-april:720|2026-may:590|2026-june:590|2026-july:880,generic_query_inside_local_geo_target,2026-09-03
Birmingham,Craft and making,Pottery classes,pottery classes near me,pottery classes near me,pottery classes near me,,210,HIGH,95,0.4685,0.2292,0.6250,2025-august:320|2025-september:260|2025-october:170|2025-november:210|2025-december:210|2026-january:320|2026-february:320|2026-march:210|2026-april:210|2026-may:140|2026-june:140|2026-july:170,generic_query_inside_local_geo_target,2026-09-03
Birmingham,Tabletop and games,Dungeons & Dragons,dungeons and dragons near me,dungeons and dragons near me,dungeons and dragons near me,,20,LOW,8,0.7738,0.0000,0.0000,2025-august:30|2025-september:20|2025-october:30|2025-november:20|2025-december:20|2026-january:20|2026-february:20|2026-march:20|2026-april:20|2026-may:20|2026-june:20|2026-july:10,generic_query_inside_local_geo_target,2026-09-03
Birmingham,Craft and making,Sewing classes,sewing classes near me,sewing classes near me,sewing classes near me,,110,HIGH,67,0.5150,0.2238,0.7854,2025-august:140|2025-september:140|2025-october:110|2025-november:90|2025-december:90|2026-january:110|2026-february:90|2026-march:110|2026-april:140|2026-may:110|2026-june:110|2026-july:110,generic_query_inside_local_geo_target,2026-09-03
Birmingham,Food and drink,Wine tasting,wine tasting near me,wine tasting near me,wine tasting near me,,70,HIGH,94,1.1538,0.4174,1.5261,2025-august:110|2025-september:110|2025-october:70|2025-november:110|2025-december:90|2026-january:70|2026-february:70|2026-march:70|2026-april:70|2026-may:50|2026-june:40|2026-july:90,generic_query_inside_local_geo_target,2026-09-03
Birmingham,Performance and dance,Acting classes,acting classes near me,acting classes near me,acting classes near me,,70,MEDIUM,50,2.7565,0.6005,1.7439,2025-august:70|2025-september:90|2025-october:30|2025-november:50|2025-december:50|2026-january:110|2026-february:50|2026-march:90|2026-april:70|2026-may:30|2026-june:40|2026-july:50,generic_query_inside_local_geo_target,2026-09-03
Birmingham,Tabletop and games,Quiz nights,quiz night near me,quiz night near me,quiz night near me,,50,LOW,5,0.0000,0.0000,0.0000,2025-august:50|2025-september:70|2025-october:50|2025-november:40|2025-december:30|2026-january:50|2026-february:70|2026-march:70|2026-april:40|2026-may:30|2026-june:20|2026-july:30,generic_query_inside_local_geo_target,2026-09-03
Birmingham,Racket and team sport,Volleyball,volleyball clubs near me,volleyball clubs near me,volleyball clubs near me,,90,LOW,1,0.5419,0.0000,0.0000,2025-august:110|2025-september:140|2025-october:110|2025-november:110|2025-december:90|2026-january:110|2026-february:90|2026-march:140|2026-april:110|2026-may:50|2026-june:70|2026-july:70,generic_query_inside_local_geo_target,2026-09-03
Birmingham,Racket and team sport,Netball,netball clubs near me,netball clubs near me,netball clubs near me,,70,LOW,6,0.7564,0.0000,0.0000,2025-august:40|2025-september:110|2025-october:140|2025-november:110|2025-december:50|2026-january:70|2026-february:70|2026-march:90|2026-april:50|2026-may:70|2026-june:50|2026-july:40,generic_query_inside_local_geo_target,2026-09-03
Birmingham,Outdoor and endurance,Running clubs,running clubs near me,running clubs near me,running clubs near me,,70,LOW,18,1.9336,0.4969,1.0817,2025-august:110|2025-september:70|2025-october:70|2025-november:70|2025-december:50|2026-january:70|2026-february:70|2026-march:70|2026-april:90|2026-may:90|2026-june:90|2026-july:70,generic_query_inside_local_geo_target,2026-09-03
Birmingham,Tabletop and games,Chess clubs,chess club near me,chess club near me,chess club near me,,50,LOW,2,0.0000,0.0000,0.0000,2025-august:70|2025-september:40|2025-october:50|2025-november:70|2025-december:70|2026-january:90|2026-february:70|2026-march:50|2026-april:50|2026-may:50|2026-june:50|2026-july:50,generic_query_inside_local_geo_target,2026-09-03
Birmingham,"Wellness, spa and retreats",Yoga retreats,yoga retreat near me,yoga retreat near me,yoga retreat near me,,10,MEDIUM,51,0.6421,0.3184,1.0980,2025-august:10|2025-september:10|2025-october:20|2025-november:10|2025-december:10|2026-january:10|2026-february:10|2026-march:10|2026-april:10|2026-may:10|2026-june:20|2026-july:10,generic_query_inside_local_geo_target,2026-09-03
Birmingham,Racket and team sport,Padel,padel near me,padel near me,padel near me,,880,LOW,8,0.2520,0.2078,0.7961,2025-august:880|2025-september:880|2025-october:880|2025-november:590|2025-december:590|2026-january:880|2026-february:880|2026-march:1000|2026-april:1000|2026-may:1000|2026-june:1000|2026-july:1000,generic_query_inside_local_geo_target,2026-09-03
Birmingham,Food and drink,Cooking classes,cooking classes near me,cooking classes near me,cooking classes near me,,110,HIGH,100,0.8701,0.3150,0.9884,2025-august:140|2025-september:110|2025-october:140|2025-november:140|2025-december:140|2026-january:110|2026-february:140|2026-march:110|2026-april:70|2026-may:70|2026-june:70|2026-july:90,generic_query_inside_local_geo_target,2026-09-03
Birmingham,Nature and animals,Nature walks,nature walks near me,nature walks near me,nature walks near me,,110,LOW,14,0.4070,0.1779,0.8583,2025-august:170|2025-september:70|2025-october:90|2025-november:70|2025-december:50|2026-january:90|2026-february:70|2026-march:140|2026-april:170|2026-may:170|2026-june:90|2026-july:170,generic_query_inside_local_geo_target,2026-09-03
Birmingham,Social and relationship,Speed dating,speed dating near me,speed dating near me,speed dating near me,,50,MEDIUM,34,1.1586,0.2570,1.9864,2025-august:90|2025-september:50|2025-october:50|2025-november:50|2025-december:50|2026-january:40|2026-february:70|2026-march:70|2026-april:50|2026-may:50|2026-june:40|2026-july:50,generic_query_inside_local_geo_target,2026-09-03
Birmingham,Performance and dance,Karaoke,karaoke near me,karaoke near me,karaoke near me,,1000,LOW,20,0.4124,0.2791,1.0118,2025-august:1000|2025-september:1000|2025-october:1000|2025-november:1300|2025-december:1300|2026-january:880|2026-february:1000|2026-march:1000|2026-april:880|2026-may:1300|2026-june:1000|2026-july:1000,generic_query_inside_local_geo_target,2026-09-03
Birmingham,"Wellness, spa and retreats",Spa retreats,spa retreat near me,spa retreat near me,spa retreat near me,,20,HIGH,87,0.4496,0.1529,0.6930,2025-august:40|2025-september:20|2025-october:20|2025-november:10|2025-december:20|2026-january:30|2026-february:30|2026-march:30|2026-april:20|2026-may:20|2026-june:30|2026-july:30,generic_query_inside_local_geo_target,2026-09-03
Birmingham,Craft and making,General art workshops,art workshops near me,art workshops near me,art workshops near me,,10,HIGH,86,0.4610,0.2645,0.5368,2025-august:10|2025-september:10|2025-october:10|2025-november:10|2025-december:10|2026-january:10|2026-february:10|2026-march:20|2026-april:10|2026-may:10|2026-june:10|2026-july:20,generic_query_inside_local_geo_target,2026-09-03
Birmingham,Craft and making,Sip and paint,sip and paint near me,sip and paint near me,sip and paint near me,,70,HIGH,99,0.3550,0.1261,0.4292,2025-august:70|2025-september:70|2025-october:50|2025-november:50|2025-december:50|2026-january:70|2026-february:90|2026-march:70|2026-april:50|2026-may:50|2026-june:50|2026-july:40,generic_query_inside_local_geo_target,2026-09-03
Manchester,Competitive experiences,Darts,darts near me,darts near me,darts near me,,320,MEDIUM,33,0.2506,0.2636,0.6071,2025-august:260|2025-september:210|2025-october:260|2025-november:320|2025-december:480|2026-january:720|2026-february:480|2026-march:390|2026-april:390|2026-may:260|2026-june:170|2026-july:260,generic_query_inside_local_geo_target,2026-09-03
Manchester,Performance and dance,Line dancing,line dancing near me,line dancing near me,line dancing near me,,70,LOW,6,0.0000,0.0000,0.0000,2025-august:90|2025-september:140|2025-october:70|2025-november:50|2025-december:50|2026-january:90|2026-february:70|2026-march:70|2026-april:50|2026-may:90|2026-june:90|2026-july:70,generic_query_inside_local_geo_target,2026-09-03
Manchester,Performance and dance,Salsa classes,salsa classes near me,salsa classes near me,salsa classes near me,,30,LOW,8,0.0000,0.0000,0.0000,2025-august:40|2025-september:30|2025-october:30|2025-november:20|2025-december:30|2026-january:30|2026-february:30|2026-march:30|2026-april:20|2026-may:30|2026-june:20|2026-july:30,generic_query_inside_local_geo_target,2026-09-03
Manchester,Tabletop and games,Board-game cafes,board game cafe near me,board game cafe near me,board game cafe near me,,170,LOW,9,0.0145,0.0000,0.0000,2025-august:170|2025-september:140|2025-october:210|2025-november:170|2025-december:140|2026-january:170|2026-february:170|2026-march:170|2026-april:140|2026-may:170|2026-june:140|2026-july:170,generic_query_inside_local_geo_target,2026-09-03
Manchester,Craft and making,Pottery painting,pottery painting near me,pottery painting near me,pottery painting near me,,480,LOW,18,0.1997,0.0000,0.0000,2025-august:590|2025-september:480|2025-october:390|2025-november:480|2025-december:390|2026-january:590|2026-february:720|2026-march:590|2026-april:480|2026-may:480|2026-june:480|2026-july:590,generic_query_inside_local_geo_target,2026-09-03
Manchester,Craft and making,Pottery classes,pottery classes near me,pottery classes near me,pottery classes near me,,110,HIGH,87,0.6556,0.2930,1.5677,2025-august:170|2025-september:70|2025-october:70|2025-november:90|2025-december:110|2026-january:210|2026-february:140|2026-march:110|2026-april:140|2026-may:90|2026-june:110|2026-july:110,generic_query_inside_local_geo_target,2026-09-03
Manchester,Tabletop and games,Dungeons & Dragons,dungeons and dragons near me,dungeons and dragons near me,dungeons and dragons near me,,20,LOW,16,0.4951,0.0000,0.0000,2025-august:10|2025-september:10|2025-october:30|2025-november:20|2025-december:30|2026-january:30|2026-february:20|2026-march:20|2026-april:10|2026-may:20|2026-june:20|2026-july:20,generic_query_inside_local_geo_target,2026-09-03
Manchester,Craft and making,Sewing classes,sewing classes near me,sewing classes near me,sewing classes near me,,50,HIGH,79,1.0055,0.3258,1.7499,2025-august:70|2025-september:70|2025-october:50|2025-november:40|2025-december:40|2026-january:70|2026-february:50|2026-march:50|2026-april:50|2026-may:70|2026-june:50|2026-july:70,generic_query_inside_local_geo_target,2026-09-03
Manchester,Food and drink,Wine tasting,wine tasting near me,wine tasting near me,wine tasting near me,,40,HIGH,98,0.4893,0.2699,0.7366,2025-august:50|2025-september:50|2025-october:30|2025-november:30|2025-december:50|2026-january:50|2026-february:40|2026-march:20|2026-april:30|2026-may:30|2026-june:40|2026-july:70,generic_query_inside_local_geo_target,2026-09-03
Manchester,Performance and dance,Acting classes,acting classes near me,acting classes near me,acting classes near me,,40,HIGH,67,1.6457,0.6947,3.0579,2025-august:40|2025-september:70|2025-october:30|2025-november:10|2025-december:40|2026-january:70|2026-february:50|2026-march:30|2026-april:20|2026-may:30|2026-june:50|2026-july:20,generic_query_inside_local_geo_target,2026-09-03
Manchester,Tabletop and games,Quiz nights,quiz night near me,quiz night near me,quiz night near me,,30,LOW,8,0.2531,0.0000,0.0000,2025-august:30|2025-september:20|2025-october:20|2025-november:20|2025-december:20|2026-january:20|2026-february:40|2026-march:40|2026-april:40|2026-may:20|2026-june:20|2026-july:10,generic_query_inside_local_geo_target,2026-09-03
Manchester,Racket and team sport,Volleyball,volleyball clubs near me,volleyball clubs near me,volleyball clubs near me,,40,LOW,0,0.0000,0.0000,0.0000,2025-august:50|2025-september:50|2025-october:40|2025-november:30|2025-december:30|2026-january:40|2026-february:40|2026-march:50|2026-april:30|2026-may:40|2026-june:40|2026-july:40,generic_query_inside_local_geo_target,2026-09-03
Manchester,Racket and team sport,Netball,netball clubs near me,netball clubs near me,netball clubs near me,,40,LOW,4,1.4882,0.0000,0.0000,2025-august:30|2025-september:40|2025-october:50|2025-november:40|2025-december:20|2026-january:50|2026-february:30|2026-march:40|2026-april:30|2026-may:30|2026-june:20|2026-july:40,generic_query_inside_local_geo_target,2026-09-03
Manchester,Outdoor and endurance,Running clubs,running clubs near me,running clubs near me,running clubs near me,,40,LOW,18,1.6228,0.0000,0.0000,2025-august:50|2025-september:50|2025-october:40|2025-november:30|2025-december:30|2026-january:50|2026-february:30|2026-march:40|2026-april:30|2026-may:30|2026-june:40|2026-july:40,generic_query_inside_local_geo_target,2026-09-03
Manchester,Tabletop and games,Chess clubs,chess club near me,chess club near me,chess club near me,,30,LOW,1,0.0000,0.0000,0.0000,2025-august:20|2025-september:30|2025-october:30|2025-november:30|2025-december:20|2026-january:50|2026-february:40|2026-march:40|2026-april:30|2026-may:40|2026-june:30|2026-july:50,generic_query_inside_local_geo_target,2026-09-03
Manchester,"Wellness, spa and retreats",Yoga retreats,yoga retreat near me,yoga retreat near me,yoga retreat near me,,10,HIGH,71,0.9355,0.3133,1.1218,2025-august:10|2025-september:10|2025-october:10|2025-november:10|2025-december:10|2026-january:10|2026-february:10|2026-march:10|2026-april:10|2026-may:10|2026-june:10|2026-july:10,generic_query_inside_local_geo_target,2026-09-03
Manchester,Racket and team sport,Padel,padel near me,padel near me,padel near me,,880,LOW,6,0.2445,0.2292,1.1636,2025-august:880|2025-september:720|2025-october:720|2025-november:590|2025-december:590|2026-january:1000|2026-february:880|2026-march:880|2026-april:880|2026-may:880|2026-june:880|2026-july:880,generic_query_inside_local_geo_target,2026-09-03
Manchester,Food and drink,Cooking classes,cooking classes near me,cooking classes near me,cooking classes near me,,50,HIGH,96,0.9461,0.2559,0.8993,2025-august:70|2025-september:40|2025-october:40|2025-november:50|2025-december:70|2026-january:70|2026-february:70|2026-march:50|2026-april:50|2026-may:30|2026-june:70|2026-july:50,generic_query_inside_local_geo_target,2026-09-03
Manchester,Nature and animals,Nature walks,nature walks near me,nature walks near me,nature walks near me,,70,LOW,10,0.7908,0.2153,1.4835,2025-august:140|2025-september:50|2025-october:70|2025-november:30|2025-december:30|2026-january:70|2026-february:50|2026-march:50|2026-april:110|2026-may:70|2026-june:70|2026-july:110,generic_query_inside_local_geo_target,2026-09-03
Manchester,Social and relationship,Speed dating,speed dating near me,speed dating near me,speed dating near me,,20,MEDIUM,44,2.1293,0.3998,2.6670,2025-august:30|2025-september:10|2025-october:10|2025-november:20|2025-december:10|2026-january:50|2026-february:20|2026-march:10|2026-april:20|2026-may:30|2026-june:20|2026-july:20,generic_query_inside_local_geo_target,2026-09-03
Manchester,Performance and dance,Karaoke,karaoke near me,karaoke near me,karaoke near me,,1900,LOW,19,0.1786,0.1907,0.5406,2025-august:1900|2025-september:1600|2025-october:1900|2025-november:1900|2025-december:2400|2026-january:1600|2026-february:1600|2026-march:1900|2026-april:1600|2026-may:1900|2026-june:1900|2026-july:1900,generic_query_inside_local_geo_target,2026-09-03
Manchester,"Wellness, spa and retreats",Spa retreats,spa retreat near me,spa retreat near me,spa retreat near me,,20,HIGH,100,0.3069,0.1878,0.8855,2025-august:40|2025-september:40|2025-october:10|2025-november:10|2025-december:10|2026-january:20|2026-february:30|2026-march:20|2026-april:20|2026-may:20|2026-june:20|2026-july:40,generic_query_inside_local_geo_target,2026-09-03
Manchester,Craft and making,General art workshops,art workshops near me,art workshops near me,art workshops near me,,10,HIGH,88,0.0145,0.0000,0.0000,2025-august:10|2025-september:10|2025-october:10|2025-november:10|2025-december:10|2026-january:10|2026-february:20|2026-march:10|2026-april:10|2026-may:10|2026-june:10|2026-july:10,generic_query_inside_local_geo_target,2026-09-03
Manchester,Craft and making,Sip and paint,sip and paint near me,sip and paint near me,sip and paint near me,,40,HIGH,98,0.4814,0.2618,0.7872,2025-august:50|2025-september:50|2025-october:50|2025-november:40|2025-december:40|2026-january:70|2026-february:70|2026-march:40|2026-april:30|2026-may:30|2026-june:30|2026-july:40,generic_query_inside_local_geo_target,2026-09-03
Leeds,Competitive experiences,Darts,darts near me,darts near me,darts near me,,110,MEDIUM,34,0.1174,0.0000,0.0000,2025-august:90|2025-september:90|2025-october:140|2025-november:110|2025-december:140|2026-january:260|2026-february:140|2026-march:110|2026-april:90|2026-may:110|2026-june:70|2026-july:90,generic_query_inside_local_geo_target,2026-09-03
Leeds,Performance and dance,Line dancing,line dancing near me,line dancing near me,line dancing near me,,70,LOW,3,0.5526,0.0000,0.0000,2025-august:90|2025-september:140|2025-october:110|2025-november:70|2025-december:40|2026-january:70|2026-february:50|2026-march:70|2026-april:40|2026-may:50|2026-june:50|2026-july:70,generic_query_inside_local_geo_target,2026-09-03
Leeds,Performance and dance,Salsa classes,salsa classes near me,salsa classes near me,salsa classes near me,,20,LOW,27,1.2431,0.3143,0.9932,2025-august:20|2025-september:30|2025-october:20|2025-november:20|2025-december:20|2026-january:20|2026-february:30|2026-march:20|2026-april:10|2026-may:20|2026-june:20|2026-july:30,generic_query_inside_local_geo_target,2026-09-03
Leeds,Tabletop and games,Board-game cafes,board game cafe near me,board game cafe near me,board game cafe near me,,50,LOW,11,0.0142,0.0000,0.0000,2025-august:50|2025-september:50|2025-october:70|2025-november:50|2025-december:40|2026-january:70|2026-february:40|2026-march:40|2026-april:40|2026-may:40|2026-june:40|2026-july:40,generic_query_inside_local_geo_target,2026-09-03
Leeds,Craft and making,Pottery painting,pottery painting near me,pottery painting near me,pottery painting near me,,320,LOW,11,0.1339,0.0000,0.0000,2025-august:480|2025-september:390|2025-october:480|2025-november:320|2025-december:260|2026-january:320|2026-february:390|2026-march:320|2026-april:260|2026-may:260|2026-june:260|2026-july:320,generic_query_inside_local_geo_target,2026-09-03
Leeds,Craft and making,Pottery classes,pottery classes near me,pottery classes near me,pottery classes near me,,90,HIGH,96,0.7031,0.1345,1.8159,2025-august:90|2025-september:110|2025-october:110|2025-november:90|2025-december:90|2026-january:110|2026-february:70|2026-march:70|2026-april:50|2026-may:70|2026-june:40|2026-july:50,generic_query_inside_local_geo_target,2026-09-03
Leeds,Tabletop and games,Dungeons & Dragons,dungeons and dragons near me,dungeons and dragons near me,dungeons and dragons near me,,10,LOW,9,0.1503,0.0000,0.0000,2025-august:10|2025-september:10|2025-october:10|2025-november:10|2025-december:10|2026-january:10|2026-february:10|2026-march:10|2026-april:10|2026-may:10|2026-june:10|2026-july:10,generic_query_inside_local_geo_target,2026-09-03
Leeds,Craft and making,Sewing classes,sewing classes near me,sewing classes near me,sewing classes near me,,50,MEDIUM,35,0.5066,0.0000,0.0000,2025-august:70|2025-september:70|2025-october:40|2025-november:50|2025-december:40|2026-january:40|2026-february:30|2026-march:40|2026-april:30|2026-may:70|2026-june:30|2026-july:50,generic_query_inside_local_geo_target,2026-09-03
Leeds,Food and drink,Wine tasting,wine tasting near me,wine tasting near me,wine tasting near me,,40,HIGH,95,0.9367,0.2964,0.9802,2025-august:50|2025-september:40|2025-october:40|2025-november:40|2025-december:40|2026-january:30|2026-february:30|2026-march:20|2026-april:30|2026-may:30|2026-june:40|2026-july:40,generic_query_inside_local_geo_target,2026-09-03
Leeds,Performance and dance,Acting classes,acting classes near me,acting classes near me,acting classes near me,,30,MEDIUM,63,0.7029,0.8867,3.3512,2025-august:40|2025-september:40|2025-october:20|2025-november:20|2025-december:30|2026-january:30|2026-february:40|2026-march:20|2026-april:20|2026-may:20|2026-june:40|2026-july:10,generic_query_inside_local_geo_target,2026-09-03
Leeds,Tabletop and games,Quiz nights,quiz night near me,quiz night near me,quiz night near me,,20,LOW,3,0.0000,0.0000,0.0000,2025-august:30|2025-september:20|2025-october:30|2025-november:20|2025-december:10|2026-january:20|2026-february:20|2026-march:20|2026-april:10|2026-may:30|2026-june:10|2026-july:20,generic_query_inside_local_geo_target,2026-09-03
Leeds,Racket and team sport,Volleyball,volleyball clubs near me,volleyball clubs near me,volleyball clubs near me,,30,LOW,0,0.0000,0.0000,0.0000,2025-august:20|2025-september:40|2025-october:30|2025-november:30|2025-december:20|2026-january:30|2026-february:20|2026-march:20|2026-april:30|2026-may:40|2026-june:20|2026-july:20,generic_query_inside_local_geo_target,2026-09-03
Leeds,Racket and team sport,Netball,netball clubs near me,netball clubs near me,netball clubs near me,,30,LOW,6,2.1761,0.0000,0.0000,2025-august:20|2025-september:50|2025-october:40|2025-november:20|2025-december:20|2026-january:20|2026-february:30|2026-march:40|2026-april:30|2026-may:20|2026-june:20|2026-july:10,generic_query_inside_local_geo_target,2026-09-03
Leeds,Outdoor and endurance,Running clubs,running clubs near me,running clubs near me,running clubs near me,,40,LOW,19,0.6209,0.5163,1.2948,2025-august:50|2025-september:40|2025-october:40|2025-november:30|2025-december:40|2026-january:50|2026-february:30|2026-march:30|2026-april:20|2026-may:40|2026-june:40|2026-july:30,generic_query_inside_local_geo_target,2026-09-03
Leeds,Tabletop and games,Chess clubs,chess club near me,chess club near me,chess club near me,,20,LOW,1,0.0000,0.0000,0.0000,2025-august:20|2025-september:30|2025-october:20|2025-november:30|2025-december:20|2026-january:20|2026-february:20|2026-march:10|2026-april:10|2026-may:20|2026-june:10|2026-july:10,generic_query_inside_local_geo_target,2026-09-03
Leeds,"Wellness, spa and retreats",Yoga retreats,yoga retreat near me,yoga retreat near me,yoga retreat near me,,10,MEDIUM,64,1.0150,0.4616,0.9016,2025-august:10|2025-september:10|2025-october:10|2025-november:10|2025-december:10|2026-january:10|2026-february:10|2026-march:10|2026-april:10|2026-may:10|2026-june:10|2026-july:10,generic_query_inside_local_geo_target,2026-09-03
Leeds,Racket and team sport,Padel,padel near me,padel near me,padel near me,,480,LOW,4,0.5072,0.4934,0.9940,2025-august:590|2025-september:480|2025-october:590|2025-november:480|2025-december:320|2026-january:590|2026-february:480|2026-march:590|2026-april:480|2026-may:590|2026-june:480|2026-july:480,generic_query_inside_local_geo_target,2026-09-03
Leeds,Food and drink,Cooking classes,cooking classes near me,cooking classes near me,cooking classes near me,,50,HIGH,88,0.6088,0.2013,0.9331,2025-august:50|2025-september:50|2025-october:50|2025-november:50|2025-december:50|2026-january:50|2026-february:40|2026-march:40|2026-april:40|2026-may:30|2026-june:30|2026-july:30,generic_query_inside_local_geo_target,2026-09-03
Leeds,Nature and animals,Nature walks,nature walks near me,nature walks near me,nature walks near me,,70,LOW,17,0.3571,0.1982,1.1076,2025-august:170|2025-september:50|2025-october:50|2025-november:40|2025-december:20|2026-january:30|2026-february:40|2026-march:50|2026-april:40|2026-may:70|2026-june:50|2026-july:110,generic_query_inside_local_geo_target,2026-09-03
Leeds,Social and relationship,Speed dating,speed dating near me,speed dating near me,speed dating near me,,20,MEDIUM,38,0.6243,0.3663,2.1981,2025-august:20|2025-september:40|2025-october:20|2025-november:40|2025-december:20|2026-january:10|2026-february:20|2026-march:10|2026-april:10|2026-may:20|2026-june:20|2026-july:10,generic_query_inside_local_geo_target,2026-09-03
Leeds,Performance and dance,Karaoke,karaoke near me,karaoke near me,karaoke near me,,720,LOW,17,0.2258,0.2393,0.5806,2025-august:720|2025-september:720|2025-october:720|2025-november:720|2025-december:880|2026-january:480|2026-february:590|2026-march:590|2026-april:590|2026-may:720|2026-june:590|2026-july:880,generic_query_inside_local_geo_target,2026-09-03
Leeds,"Wellness, spa and retreats",Spa retreats,spa retreat near me,spa retreat near me,spa retreat near me,,10,HIGH,91,0.6973,0.2942,1.1203,2025-august:10|2025-september:10|2025-october:20|2025-november:10|2025-december:10|2026-january:20|2026-february:10|2026-march:10|2026-april:10|2026-may:10|2026-june:20|2026-july:20,generic_query_inside_local_geo_target,2026-09-03
Leeds,Craft and making,General art workshops,art workshops near me,art workshops near me,art workshops near me,,10,LOW,29,0.0000,0.0000,0.0000,2025-august:10|2025-september:10|2025-october:10|2025-november:10|2025-december:10|2026-january:10|2026-february:10|2026-march:10|2026-april:10|2026-may:10|2026-june:10|2026-july:10,generic_query_inside_local_geo_target,2026-09-03
Leeds,Craft and making,Sip and paint,sip and paint near me,sip and paint near me,sip and paint near me,,20,HIGH,100,0.5803,0.1989,0.7280,2025-august:50|2025-september:10|2025-october:30|2025-november:30|2025-december:20|2026-january:30|2026-february:20|2026-march:20|2026-april:10|2026-may:10|2026-june:10|2026-july:20,generic_query_inside_local_geo_target,2026-09-03
Bristol,Competitive experiences,Darts,darts near me,darts near me,darts near me,,210,LOW,32,0.3142,0.0000,0.0000,2025-august:110|2025-september:140|2025-october:170|2025-november:170|2025-december:260|2026-january:480|2026-february:260|2026-march:260|2026-april:210|2026-may:140|2026-june:110|2026-july:90,generic_query_inside_local_geo_target,2026-09-03
Bristol,Performance and dance,Line dancing,line dancing near me,line dancing near me,line dancing near me,,90,LOW,10,0.0000,0.0000,0.0000,2025-august:90|2025-september:110|2025-october:90|2025-november:90|2025-december:50|2026-january:90|2026-february:70|2026-march:140|2026-april:110|2026-may:50|2026-june:40|2026-july:50,generic_query_inside_local_geo_target,2026-09-03
Bristol,Performance and dance,Salsa classes,salsa classes near me,salsa classes near me,salsa classes near me,,30,LOW,21,0.2294,0.0000,0.0000,2025-august:20|2025-september:30|2025-october:30|2025-november:30|2025-december:30|2026-january:30|2026-february:30|2026-march:50|2026-april:20|2026-may:40|2026-june:20|2026-july:20,generic_query_inside_local_geo_target,2026-09-03
Bristol,Tabletop and games,Board-game cafes,board game cafe near me,board game cafe near me,board game cafe near me,,170,LOW,7,0.1325,0.0000,0.0000,2025-august:170|2025-september:170|2025-october:170|2025-november:210|2025-december:170|2026-january:260|2026-february:260|2026-march:170|2026-april:140|2026-may:170|2026-june:110|2026-july:90,generic_query_inside_local_geo_target,2026-09-03
Bristol,Craft and making,Pottery painting,pottery painting near me,pottery painting near me,pottery painting near me,,390,LOW,17,0.1955,0.0000,0.0000,2025-august:480|2025-september:390|2025-october:480|2025-november:320|2025-december:260|2026-january:590|2026-february:590|2026-march:480|2026-april:480|2026-may:320|2026-june:210|2026-july:320,generic_query_inside_local_geo_target,2026-09-03
Bristol,Craft and making,Pottery classes,pottery classes near me,pottery classes near me,pottery classes near me,,170,HIGH,90,0.3903,0.2589,0.6591,2025-august:170|2025-september:140|2025-october:140|2025-november:140|2025-december:170|2026-january:260|2026-february:210|2026-march:170|2026-april:170|2026-may:140|2026-june:110|2026-july:110,generic_query_inside_local_geo_target,2026-09-03
Bristol,Tabletop and games,Dungeons & Dragons,dungeons and dragons near me,dungeons and dragons near me,dungeons and dragons near me,,20,LOW,3,0.0000,0.0000,0.0000,2025-august:10|2025-september:10|2025-october:40|2025-november:20|2025-december:10|2026-january:20|2026-february:20|2026-march:20|2026-april:10|2026-may:10|2026-june:10|2026-july:20,generic_query_inside_local_geo_target,2026-09-03
Bristol,Craft and making,Sewing classes,sewing classes near me,sewing classes near me,sewing classes near me,,40,HIGH,88,0.4259,0.4285,0.8601,2025-august:70|2025-september:50|2025-october:40|2025-november:30|2025-december:30|2026-january:50|2026-february:40|2026-march:30|2026-april:30|2026-may:40|2026-june:30|2026-july:30,generic_query_inside_local_geo_target,2026-09-03
Bristol,Food and drink,Wine tasting,wine tasting near me,wine tasting near me,wine tasting near me,,50,HIGH,92,0.3574,0.2676,0.8409,2025-august:50|2025-september:30|2025-october:50|2025-november:50|2025-december:70|2026-january:70|2026-february:30|2026-march:70|2026-april:50|2026-may:50|2026-june:30|2026-july:50,generic_query_inside_local_geo_target,2026-09-03
Bristol,Performance and dance,Acting classes,acting classes near me,acting classes near me,acting classes near me,,20,MEDIUM,47,1.3917,0.6367,1.6107,2025-august:20|2025-september:30|2025-october:20|2025-november:10|2025-december:20|2026-january:50|2026-february:20|2026-march:10|2026-april:10|2026-may:10|2026-june:30|2026-july:20,generic_query_inside_local_geo_target,2026-09-03
Bristol,Tabletop and games,Quiz nights,quiz night near me,quiz night near me,quiz night near me,,20,LOW,0,0.0000,0.0000,0.0000,2025-august:30|2025-september:20|2025-october:40|2025-november:30|2025-december:20|2026-january:20|2026-february:30|2026-march:30|2026-april:20|2026-may:20|2026-june:10|2026-july:10,generic_query_inside_local_geo_target,2026-09-03
Bristol,Racket and team sport,Volleyball,volleyball clubs near me,volleyball clubs near me,volleyball clubs near me,,30,LOW,0,0.0000,0.0000,0.0000,2025-august:30|2025-september:40|2025-october:50|2025-november:20|2025-december:20|2026-january:20|2026-february:20|2026-march:30|2026-april:40|2026-may:20|2026-june:30|2026-july:20,generic_query_inside_local_geo_target,2026-09-03
Bristol,Racket and team sport,Netball,netball clubs near me,netball clubs near me,netball clubs near me,,30,LOW,11,0.8661,0.0000,0.0000,2025-august:20|2025-september:40|2025-october:50|2025-november:30|2025-december:20|2026-january:40|2026-february:30|2026-march:50|2026-april:30|2026-may:30|2026-june:10|2026-july:10,generic_query_inside_local_geo_target,2026-09-03
Bristol,Outdoor and endurance,Running clubs,running clubs near me,running clubs near me,running clubs near me,,50,LOW,14,0.0000,0.4742,1.3511,2025-august:70|2025-september:50|2025-october:70|2025-november:30|2025-december:70|2026-january:70|2026-february:50|2026-march:20|2026-april:40|2026-may:70|2026-june:30|2026-july:30,generic_query_inside_local_geo_target,2026-09-03
Bristol,Tabletop and games,Chess clubs,chess club near me,chess club near me,chess club near me,,30,LOW,0,0.0000,0.0000,0.0000,2025-august:30|2025-september:40|2025-october:40|2025-november:30|2025-december:20|2026-january:30|2026-february:20|2026-march:20|2026-april:30|2026-may:20|2026-june:20|2026-july:20,generic_query_inside_local_geo_target,2026-09-03
Bristol,"Wellness, spa and retreats",Yoga retreats,yoga retreat near me,yoga retreat near me,yoga retreat near me,,10,MEDIUM,44,0.7057,0.2712,0.7677,2025-august:30|2025-september:10|2025-october:20|2025-november:10|2025-december:10|2026-january:20|2026-february:10|2026-march:10|2026-april:10|2026-may:10|2026-june:10|2026-july:10,generic_query_inside_local_geo_target,2026-09-03
Bristol,Racket and team sport,Padel,padel near me,padel near me,padel near me,,880,LOW,8,0.2357,0.0000,0.0000,2025-august:720|2025-september:720|2025-october:880|2025-november:880|2025-december:590|2026-january:1000|2026-february:880|2026-march:880|2026-april:880|2026-may:880|2026-june:590|2026-july:590,generic_query_inside_local_geo_target,2026-09-03
Bristol,Food and drink,Cooking classes,cooking classes near me,cooking classes near me,cooking classes near me,,50,HIGH,93,0.4301,0.4931,1.1913,2025-august:70|2025-september:70|2025-october:50|2025-november:70|2025-december:70|2026-january:70|2026-february:40|2026-march:40|2026-april:40|2026-may:40|2026-june:20|2026-july:30,generic_query_inside_local_geo_target,2026-09-03
Bristol,Nature and animals,Nature walks,nature walks near me,nature walks near me,nature walks near me,,70,LOW,20,0.3276,0.1116,0.9394,2025-august:70|2025-september:70|2025-october:50|2025-november:40|2025-december:40|2026-january:70|2026-february:70|2026-march:90|2026-april:70|2026-may:90|2026-june:50|2026-july:90,generic_query_inside_local_geo_target,2026-09-03
Bristol,Social and relationship,Speed dating,speed dating near me,speed dating near me,speed dating near me,,20,MEDIUM,40,0.8501,0.4007,1.1996,2025-august:30|2025-september:20|2025-october:20|2025-november:20|2025-december:10|2026-january:10|2026-february:20|2026-march:10|2026-april:10|2026-may:10|2026-june:10|2026-july:10,generic_query_inside_local_geo_target,2026-09-03
Bristol,Performance and dance,Karaoke,karaoke near me,karaoke near me,karaoke near me,,880,LOW,24,0.1529,0.1987,0.5089,2025-august:1300|2025-september:720|2025-october:880|2025-november:880|2025-december:880|2026-january:720|2026-february:880|2026-march:880|2026-april:880|2026-may:880|2026-june:720|2026-july:880,generic_query_inside_local_geo_target,2026-09-03
Bristol,"Wellness, spa and retreats",Spa retreats,spa retreat near me,spa retreat near me,spa retreat near me,,20,HIGH,95,0.7790,0.5325,1.0427,2025-august:30|2025-september:20|2025-october:20|2025-november:30|2025-december:30|2026-january:20|2026-february:10|2026-march:10|2026-april:20|2026-may:30|2026-june:10|2026-july:20,generic_query_inside_local_geo_target,2026-09-03
Bristol,Craft and making,General art workshops,art workshops near me,art workshops near me,art workshops near me,,10,HIGH,100,0.2604,0.0000,0.0000,2025-august:10|2025-september:10|2025-october:10|2025-november:10|2025-december:10|2026-january:20|2026-february:10|2026-march:10|2026-april:10|2026-may:10|2026-june:10|2026-july:10,generic_query_inside_local_geo_target,2026-09-03
Bristol,Craft and making,Sip and paint,sip and paint near me,sip and paint near me,sip and paint near me,,30,HIGH,100,0.2854,0.1601,0.3611,2025-august:40|2025-september:30|2025-october:30|2025-november:30|2025-december:20|2026-january:40|2026-february:40|2026-march:30|2026-april:20|2026-may:30|2026-june:20|2026-july:20,generic_query_inside_local_geo_target,2026-09-03
Nottingham,Competitive experiences,Darts,darts near me,darts near me,darts near me,,40,MEDIUM,42,0.1605,0.0000,0.0000,2025-august:20|2025-september:20|2025-october:40|2025-november:20|2025-december:70|2026-january:90|2026-february:70|2026-march:40|2026-april:50|2026-may:50|2026-june:20|2026-july:20,generic_query_inside_local_geo_target,2026-09-03
Nottingham,Performance and dance,Line dancing,line dancing near me,line dancing near me,line dancing near me,,10,LOW,14,0.0000,0.0000,0.0000,2025-august:10|2025-september:10|2025-october:20|2025-november:10|2025-december:10|2026-january:10|2026-february:10|2026-march:20|2026-april:10|2026-may:10|2026-june:10|2026-july:10,generic_query_inside_local_geo_target,2026-09-03
Nottingham,Performance and dance,Salsa classes,salsa classes near me,salsa classes near me,salsa classes near me,,10,LOW,5,0.0000,0.0000,0.0000,2025-august:10|2025-september:10|2025-october:10|2025-november:10|2025-december:10|2026-january:0|2026-february:0|2026-march:10|2026-april:10|2026-may:10|2026-june:0|2026-july:10,generic_query_inside_local_geo_target,2026-09-03
Nottingham,Tabletop and games,Board-game cafes,board game cafe near me,board game cafe near me,board game cafe near me,,30,LOW,15,0.2344,0.0000,0.0000,2025-august:30|2025-september:30|2025-october:40|2025-november:40|2025-december:20|2026-january:30|2026-february:30|2026-march:30|2026-april:20|2026-may:30|2026-june:20|2026-july:30,generic_query_inside_local_geo_target,2026-09-03
Nottingham,Craft and making,Pottery painting,pottery painting near me,pottery painting near me,pottery painting near me,,50,LOW,21,0.1676,0.0000,0.0000,2025-august:30|2025-september:40|2025-october:50|2025-november:40|2025-december:10|2026-january:50|2026-february:110|2026-march:50|2026-april:50|2026-may:40|2026-june:10|2026-july:20,generic_query_inside_local_geo_target,2026-09-03
Nottingham,Craft and making,Pottery classes,pottery classes near me,pottery classes near me,pottery classes near me,,10,MEDIUM,51,1.8810,0.0000,0.0000,2025-august:10|2025-september:20|2025-october:20|2025-november:10|2025-december:10|2026-january:20|2026-february:10|2026-march:10|2026-april:10|2026-may:10|2026-june:10|2026-july:10,generic_query_inside_local_geo_target,2026-09-03
Nottingham,Tabletop and games,Dungeons & Dragons,dungeons and dragons near me,dungeons and dragons near me,dungeons and dragons near me,,10,LOW,21,0.0140,0.0000,0.0000,2025-august:10|2025-september:10|2025-october:10|2025-november:10|2025-december:10|2026-january:10|2026-february:10|2026-march:10|2026-april:10|2026-may:10|2026-june:10|2026-july:10,generic_query_inside_local_geo_target,2026-09-03
Nottingham,Craft and making,Sewing classes,sewing classes near me,sewing classes near me,sewing classes near me,,10,LOW,0,0.0000,0.0000,0.0000,2025-august:10|2025-september:10|2025-october:10|2025-november:10|2025-december:10|2026-january:10|2026-february:10|2026-march:0|2026-april:10|2026-may:10|2026-june:10|2026-july:10,generic_query_inside_local_geo_target,2026-09-03
Nottingham,Food and drink,Wine tasting,wine tasting near me,wine tasting near me,wine tasting near me,,10,MEDIUM,36,0.0000,0.0000,0.0000,2025-august:10|2025-september:10|2025-october:10|2025-november:10|2025-december:10|2026-january:0|2026-february:10|2026-march:10|2026-april:10|2026-may:10|2026-june:10|2026-july:10,generic_query_inside_local_geo_target,2026-09-03
Nottingham,Performance and dance,Acting classes,acting classes near me,acting classes near me,acting classes near me,,10,HIGH,93,1.0750,0.0000,0.0000,2025-august:0|2025-september:10|2025-october:10|2025-november:0|2025-december:10|2026-january:10|2026-february:10|2026-march:10|2026-april:0|2026-may:10|2026-june:10|2026-july:10,generic_query_inside_local_geo_target,2026-09-03
Nottingham,Tabletop and games,Quiz nights,quiz night near me,quiz night near me,quiz night near me,,10,UNSPECIFIED,0,0.0000,0.0000,0.0000,2025-august:10|2025-september:10|2025-october:0|2025-november:10|2025-december:0|2026-january:10|2026-february:10|2026-march:0|2026-april:0|2026-may:10|2026-june:0|2026-july:0,generic_query_inside_local_geo_target,2026-09-03
Nottingham,Racket and team sport,Volleyball,volleyball clubs near me,volleyball clubs near me,volleyball clubs near me,,10,UNSPECIFIED,0,0.0000,0.0000,0.0000,2025-august:10|2025-september:0|2025-october:10|2025-november:0|2025-december:10|2026-january:10|2026-february:10|2026-march:10|2026-april:10|2026-may:10|2026-june:10|2026-july:0,generic_query_inside_local_geo_target,2026-09-03
Nottingham,Racket and team sport,Netball,netball clubs near me,netball clubs near me,netball clubs near me,,10,UNSPECIFIED,0,0.0000,0.0000,0.0000,2025-august:0|2025-september:10|2025-october:10|2025-november:0|2025-december:10|2026-january:0|2026-february:0|2026-march:10|2026-april:10|2026-may:10|2026-june:0|2026-july:0,generic_query_inside_local_geo_target,2026-09-03
Nottingham,Outdoor and endurance,Running clubs,running clubs near me,running clubs near me,running clubs near me,,10,LOW,18,0.0000,0.0000,0.0000,2025-august:0|2025-september:10|2025-october:10|2025-november:10|2025-december:10|2026-january:10|2026-february:10|2026-march:10|2026-april:10|2026-may:0|2026-june:10|2026-july:10,generic_query_inside_local_geo_target,2026-09-03
Nottingham,Tabletop and games,Chess clubs,chess club near me,chess club near me,chess club near me,,10,UNSPECIFIED,0,0.0000,0.0000,0.0000,2025-august:0|2025-september:10|2025-october:10|2025-november:10|2025-december:10|2026-january:0|2026-february:0|2026-march:10|2026-april:10|2026-may:10|2026-june:10|2026-july:0,generic_query_inside_local_geo_target,2026-09-03
Nottingham,"Wellness, spa and retreats",Yoga retreats,yoga retreat near me,yoga retreat near me,yoga retreat near me,,10,UNSPECIFIED,0,0.0000,0.0000,0.0000,2025-august:0|2025-september:0|2025-october:0|2025-november:10|2025-december:10|2026-january:0|2026-february:0|2026-march:0|2026-april:0|2026-may:0|2026-june:10|2026-july:0,generic_query_inside_local_geo_target,2026-09-03
Nottingham,Racket and team sport,Padel,padel near me,padel near me,padel near me,,70,LOW,11,0.1732,0.0000,0.0000,2025-august:40|2025-september:70|2025-october:90|2025-november:70|2025-december:50|2026-january:70|2026-february:110|2026-march:90|2026-april:70|2026-may:70|2026-june:50|2026-july:70,generic_query_inside_local_geo_target,2026-09-03
Nottingham,Food and drink,Cooking classes,cooking classes near me,cooking classes near me,cooking classes near me,,10,HIGH,100,0.6783,0.0000,0.0000,2025-august:10|2025-september:10|2025-october:10|2025-november:10|2025-december:10|2026-january:10|2026-february:10|2026-march:10|2026-april:0|2026-may:10|2026-june:10|2026-july:10,generic_query_inside_local_geo_target,2026-09-03
Nottingham,Nature and animals,Nature walks,nature walks near me,nature walks near me,nature walks near me,,10,LOW,5,0.0000,0.0000,0.0000,2025-august:10|2025-september:0|2025-october:10|2025-november:10|2025-december:10|2026-january:10|2026-february:10|2026-march:10|2026-april:10|2026-may:10|2026-june:10|2026-july:10,generic_query_inside_local_geo_target,2026-09-03
Nottingham,Social and relationship,Speed dating,speed dating near me,speed dating near me,speed dating near me,,10,LOW,24,0.0000,0.0000,0.0000,2025-august:10|2025-september:10|2025-october:10|2025-november:10|2025-december:0|2026-january:0|2026-february:10|2026-march:0|2026-april:0|2026-may:0|2026-june:0|2026-july:10,generic_query_inside_local_geo_target,2026-09-03
Nottingham,Performance and dance,Karaoke,karaoke near me,karaoke near me,karaoke near me,,260,LOW,23,0.1629,0.1862,0.3550,2025-august:210|2025-september:210|2025-october:260|2025-november:210|2025-december:320|2026-january:170|2026-february:210|2026-march:210|2026-april:260|2026-may:320|2026-june:210|2026-july:210,generic_query_inside_local_geo_target,2026-09-03
Nottingham,"Wellness, spa and retreats",Spa retreats,spa retreat near me,spa retreat near me,spa retreat near me,,10,MEDIUM,54,0.5071,0.0000,0.0000,2025-august:10|2025-september:10|2025-october:10|2025-november:0|2025-december:0|2026-january:10|2026-february:10|2026-march:0|2026-april:0|2026-may:10|2026-june:10|2026-july:10,generic_query_inside_local_geo_target,2026-09-03
Nottingham,Craft and making,General art workshops,art workshops near me,art workshops near me,art workshops near me,,10,UNSPECIFIED,0,0.0000,0.0000,0.0000,2025-august:10|2025-september:0|2025-october:0|2025-november:0|2025-december:0|2026-january:0|2026-february:10|2026-march:0|2026-april:0|2026-may:0|2026-june:0|2026-july:0,generic_query_inside_local_geo_target,2026-09-03
Nottingham,Craft and making,Sip and paint,sip and paint near me,sip and paint near me,sip and paint near me,,10,LOW,0,0.0000,0.0000,0.0000,2025-august:10|2025-september:10|2025-october:10|2025-november:10|2025-december:10|2026-january:10|2026-february:10|2026-march:10|2026-april:0|2026-may:10|2026-june:10|2026-july:10,generic_query_inside_local_geo_target,2026-09-03
Southampton,Competitive experiences,Darts,darts near me,darts near me,darts near me,,30,LOW,16,0.0000,0.0000,0.0000,2025-august:20|2025-september:10|2025-october:30|2025-november:10|2025-december:20|2026-january:40|2026-february:30|2026-march:20|2026-april:20|2026-may:40|2026-june:20|2026-july:40,generic_query_inside_local_geo_target,2026-09-03
Southampton,Performance and dance,Line dancing,line dancing near me,line dancing near me,line dancing near me,,20,LOW,1,0.0000,0.0000,0.0000,2025-august:10|2025-september:10|2025-october:10|2025-november:20|2025-december:10|2026-january:10|2026-february:20|2026-march:10|2026-april:30|2026-may:20|2026-june:20|2026-july:40,generic_query_inside_local_geo_target,2026-09-03
Southampton,Performance and dance,Salsa classes,salsa classes near me,salsa classes near me,salsa classes near me,,10,LOW,4,0.0000,0.0000,0.0000,2025-august:10|2025-september:10|2025-october:10|2025-november:10|2025-december:10|2026-january:10|2026-february:10|2026-march:10|2026-april:10|2026-may:20|2026-june:10|2026-july:10,generic_query_inside_local_geo_target,2026-09-03
Southampton,Tabletop and games,Board-game cafes,board game cafe near me,board game cafe near me,board game cafe near me,,20,LOW,2,0.0000,0.0000,0.0000,2025-august:10|2025-september:10|2025-october:20|2025-november:20|2025-december:10|2026-january:20|2026-february:30|2026-march:20|2026-april:20|2026-may:30|2026-june:10|2026-july:20,generic_query_inside_local_geo_target,2026-09-03
Southampton,Craft and making,Pottery painting,pottery painting near me,pottery painting near me,pottery painting near me,,110,LOW,14,0.2306,0.0000,0.0000,2025-august:90|2025-september:50|2025-october:70|2025-november:110|2025-december:50|2026-january:90|2026-february:110|2026-march:90|2026-april:110|2026-may:170|2026-june:110|2026-july:170,generic_query_inside_local_geo_target,2026-09-03
Southampton,Craft and making,Pottery classes,pottery classes near me,pottery classes near me,pottery classes near me,,20,HIGH,98,0.9426,0.4486,1.6449,2025-august:10|2025-september:20|2025-october:20|2025-november:20|2025-december:20|2026-january:20|2026-february:40|2026-march:20|2026-april:20|2026-may:40|2026-june:30|2026-july:20,generic_query_inside_local_geo_target,2026-09-03
Southampton,Tabletop and games,Dungeons & Dragons,dungeons and dragons near me,dungeons and dragons near me,dungeons and dragons near me,,10,LOW,14,0.0000,0.0000,0.0000,2025-august:10|2025-september:10|2025-october:10|2025-november:10|2025-december:10|2026-january:10|2026-february:10|2026-march:10|2026-april:10|2026-may:10|2026-june:10|2026-july:10,generic_query_inside_local_geo_target,2026-09-03
Southampton,Craft and making,Sewing classes,sewing classes near me,sewing classes near me,sewing classes near me,,10,MEDIUM,44,0.3781,0.0000,0.0000,2025-august:10|2025-september:10|2025-october:10|2025-november:10|2025-december:10|2026-january:10|2026-february:10|2026-march:10|2026-april:20|2026-may:20|2026-june:10|2026-july:20,generic_query_inside_local_geo_target,2026-09-03
Southampton,Food and drink,Wine tasting,wine tasting near me,wine tasting near me,wine tasting near me,,10,HIGH,73,0.9006,0.3402,0.7180,2025-august:10|2025-september:10|2025-october:20|2025-november:10|2025-december:10|2026-january:10|2026-february:10|2026-march:10|2026-april:10|2026-may:20|2026-june:20|2026-july:10,generic_query_inside_local_geo_target,2026-09-03
Southampton,Performance and dance,Acting classes,acting classes near me,acting classes near me,acting classes near me,,10,MEDIUM,54,1.8325,0.6055,1.5048,2025-august:10|2025-september:0|2025-october:10|2025-november:10|2025-december:10|2026-january:10|2026-february:10|2026-march:10|2026-april:10|2026-may:10|2026-june:10|2026-july:10,generic_query_inside_local_geo_target,2026-09-03
Southampton,Tabletop and games,Quiz nights,quiz night near me,quiz night near me,quiz night near me,,10,LOW,0,0.0000,0.0000,0.0000,2025-august:10|2025-september:0|2025-october:10|2025-november:10|2025-december:0|2026-january:10|2026-february:10|2026-march:10|2026-april:10|2026-may:10|2026-june:10|2026-july:10,generic_query_inside_local_geo_target,2026-09-03
Southampton,Racket and team sport,Volleyball,volleyball clubs near me,volleyball clubs near me,volleyball clubs near me,,10,LOW,0,0.0000,0.0000,0.0000,2025-august:0|2025-september:10|2025-october:10|2025-november:10|2025-december:10|2026-january:10|2026-february:10|2026-march:10|2026-april:20|2026-may:20|2026-june:10|2026-july:10,generic_query_inside_local_geo_target,2026-09-03
Southampton,Racket and team sport,Netball,netball clubs near me,netball clubs near me,netball clubs near me,,10,LOW,2,0.0000,0.0000,0.0000,2025-august:10|2025-september:10|2025-october:10|2025-november:10|2025-december:10|2026-january:10|2026-february:10|2026-march:10|2026-april:10|2026-may:10|2026-june:10|2026-july:20,generic_query_inside_local_geo_target,2026-09-03
Southampton,Outdoor and endurance,Running clubs,running clubs near me,running clubs near me,running clubs near me,,10,LOW,8,0.0000,0.0000,0.0000,2025-august:10|2025-september:10|2025-october:10|2025-november:10|2025-december:10|2026-january:10|2026-february:10|2026-march:10|2026-april:10|2026-may:20|2026-june:10|2026-july:10,generic_query_inside_local_geo_target,2026-09-03
Southampton,Tabletop and games,Chess clubs,chess club near me,chess club near me,chess club near me,,10,LOW,0,0.0000,0.0000,0.0000,2025-august:10|2025-september:10|2025-october:10|2025-november:10|2025-december:10|2026-january:10|2026-february:10|2026-march:10|2026-april:10|2026-may:10|2026-june:10|2026-july:10,generic_query_inside_local_geo_target,2026-09-03
Southampton,"Wellness, spa and retreats",Yoga retreats,yoga retreat near me,yoga retreat near me,yoga retreat near me,,10,HIGH,79,1.3996,0.0000,0.0000,2025-august:10|2025-september:0|2025-october:0|2025-november:0|2025-december:10|2026-january:10|2026-february:10|2026-march:0|2026-april:10|2026-may:10|2026-june:10|2026-july:10,generic_query_inside_local_geo_target,2026-09-03
Southampton,Racket and team sport,Padel,padel near me,padel near me,padel near me,,70,LOW,5,1.8710,0.0000,0.0000,2025-august:40|2025-september:50|2025-october:50|2025-november:50|2025-december:30|2026-january:90|2026-february:70|2026-march:50|2026-april:90|2026-may:170|2026-june:90|2026-july:140,generic_query_inside_local_geo_target,2026-09-03
Southampton,Food and drink,Cooking classes,cooking classes near me,cooking classes near me,cooking classes near me,,10,HIGH,84,1.9543,0.2334,0.8972,2025-august:10|2025-september:10|2025-october:10|2025-november:20|2025-december:10|2026-january:10|2026-february:20|2026-march:10|2026-april:10|2026-may:10|2026-june:10|2026-july:20,generic_query_inside_local_geo_target,2026-09-03
Southampton,Nature and animals,Nature walks,nature walks near me,nature walks near me,nature walks near me,,10,LOW,8,0.0484,0.0000,0.0000,2025-august:10|2025-september:10|2025-october:10|2025-november:10|2025-december:10|2026-january:10|2026-february:10|2026-march:10|2026-april:10|2026-may:10|2026-june:30|2026-july:30,generic_query_inside_local_geo_target,2026-09-03
Southampton,Social and relationship,Speed dating,speed dating near me,speed dating near me,speed dating near me,,10,MEDIUM,43,0.0000,0.0000,0.0000,2025-august:10|2025-september:10|2025-october:10|2025-november:10|2025-december:10|2026-january:10|2026-february:10|2026-march:10|2026-april:10|2026-may:10|2026-june:20|2026-july:10,generic_query_inside_local_geo_target,2026-09-03
Southampton,Performance and dance,Karaoke,karaoke near me,karaoke near me,karaoke near me,,110,LOW,13,0.3203,0.3538,1.7426,2025-august:110|2025-september:70|2025-october:140|2025-november:110|2025-december:110|2026-january:70|2026-february:90|2026-march:90|2026-april:140|2026-may:170|2026-june:170|2026-july:170,generic_query_inside_local_geo_target,2026-09-03
Southampton,"Wellness, spa and retreats",Spa retreats,spa retreat near me,spa retreat near me,spa retreat near me,,10,HIGH,100,1.5303,0.4964,1.0344,2025-august:10|2025-september:0|2025-october:10|2025-november:10|2025-december:0|2026-january:10|2026-february:10|2026-march:10|2026-april:0|2026-may:10|2026-june:10|2026-july:10,generic_query_inside_local_geo_target,2026-09-03
Southampton,Craft and making,General art workshops,art workshops near me,art workshops near me,art workshops near me,,10,UNSPECIFIED,0,0.0000,0.0000,0.0000,2025-august:10|2025-september:10|2025-october:10|2025-november:0|2025-december:0|2026-january:10|2026-february:0|2026-march:10|2026-april:10|2026-may:10|2026-june:10|2026-july:0,generic_query_inside_local_geo_target,2026-09-03
Southampton,Craft and making,Sip and paint,sip and paint near me,sip and paint near me,sip and paint near me,,10,HIGH,90,0.0000,0.0000,0.0000,2025-august:10|2025-september:10|2025-october:10|2025-november:10|2025-december:10|2026-january:10|2026-february:10|2026-march:10|2026-april:20|2026-may:10|2026-june:10|2026-july:10,generic_query_inside_local_geo_target,2026-09-03
Reading,Competitive experiences,Darts,darts near me,darts near me,darts near me,,50,LOW,11,3.3110,0.0000,0.0000,2025-august:40|2025-september:30|2025-october:30|2025-november:40|2025-december:50|2026-january:70|2026-february:70|2026-march:50|2026-april:50|2026-may:50|2026-june:30|2026-july:30,generic_query_inside_local_geo_target,2026-09-03
Reading,Performance and dance,Line dancing,line dancing near me,line dancing near me,line dancing near me,,20,LOW,2,0.0000,0.0000,0.0000,2025-august:10|2025-september:30|2025-october:40|2025-november:20|2025-december:10|2026-january:30|2026-february:20|2026-march:30|2026-april:10|2026-may:10|2026-june:10|2026-july:20,generic_query_inside_local_geo_target,2026-09-03
Reading,Performance and dance,Salsa classes,salsa classes near me,salsa classes near me,salsa classes near me,,10,LOW,1,0.0000,0.0000,0.0000,2025-august:10|2025-september:10|2025-october:20|2025-november:10|2025-december:10|2026-january:10|2026-february:10|2026-march:10|2026-april:10|2026-may:10|2026-june:10|2026-july:10,generic_query_inside_local_geo_target,2026-09-03
Reading,Tabletop and games,Board-game cafes,board game cafe near me,board game cafe near me,board game cafe near me,,30,LOW,6,0.0905,0.0000,0.0000,2025-august:30|2025-september:30|2025-october:30|2025-november:40|2025-december:30|2026-january:40|2026-february:40|2026-march:20|2026-april:20|2026-may:30|2026-june:10|2026-july:30,generic_query_inside_local_geo_target,2026-09-03
Reading,Craft and making,Pottery painting,pottery painting near me,pottery painting near me,pottery painting near me,,170,LOW,9,1.0846,0.0000,0.0000,2025-august:170|2025-september:140|2025-october:170|2025-november:170|2025-december:90|2026-january:170|2026-february:210|2026-march:170|2026-april:140|2026-may:140|2026-june:90|2026-july:140,generic_query_inside_local_geo_target,2026-09-03
Reading,Craft and making,Pottery classes,pottery classes near me,pottery classes near me,pottery classes near me,,40,HIGH,75,0.3175,0.0000,0.0000,2025-august:50|2025-september:30|2025-october:40|2025-november:30|2025-december:30|2026-january:50|2026-february:70|2026-march:50|2026-april:20|2026-may:40|2026-june:20|2026-july:70,generic_query_inside_local_geo_target,2026-09-03
Reading,Tabletop and games,Dungeons & Dragons,dungeons and dragons near me,dungeons and dragons near me,dungeons and dragons near me,,10,LOW,12,0.0463,0.0000,0.0000,2025-august:10|2025-september:10|2025-october:10|2025-november:10|2025-december:10|2026-january:10|2026-february:10|2026-march:10|2026-april:10|2026-may:10|2026-june:10|2026-july:10,generic_query_inside_local_geo_target,2026-09-03
Reading,Craft and making,Sewing classes,sewing classes near me,sewing classes near me,sewing classes near me,,20,HIGH,69,0.1447,0.0000,0.0000,2025-august:20|2025-september:20|2025-october:20|2025-november:10|2025-december:20|2026-january:20|2026-february:10|2026-march:20|2026-april:10|2026-may:20|2026-june:30|2026-july:20,generic_query_inside_local_geo_target,2026-09-03
Reading,Food and drink,Wine tasting,wine tasting near me,wine tasting near me,wine tasting near me,,20,HIGH,86,0.9180,0.4110,0.8102,2025-august:20|2025-september:10|2025-october:10|2025-november:20|2025-december:30|2026-january:30|2026-february:10|2026-march:10|2026-april:10|2026-may:20|2026-june:10|2026-july:20,generic_query_inside_local_geo_target,2026-09-03
Reading,Performance and dance,Acting classes,acting classes near me,acting classes near me,acting classes near me,,10,HIGH,71,0.3816,0.0000,0.0000,2025-august:10|2025-september:10|2025-october:10|2025-november:10|2025-december:20|2026-january:20|2026-february:10|2026-march:10|2026-april:10|2026-may:10|2026-june:10|2026-july:10,generic_query_inside_local_geo_target,2026-09-03
Reading,Tabletop and games,Quiz nights,quiz night near me,quiz night near me,quiz night near me,,10,LOW,0,0.0000,0.0000,0.0000,2025-august:10|2025-september:10|2025-october:10|2025-november:10|2025-december:10|2026-january:10|2026-february:10|2026-march:10|2026-april:10|2026-may:10|2026-june:0|2026-july:10,generic_query_inside_local_geo_target,2026-09-03
Reading,Racket and team sport,Volleyball,volleyball clubs near me,volleyball clubs near me,volleyball clubs near me,,10,LOW,3,0.0000,0.0000,0.0000,2025-august:10|2025-september:20|2025-october:20|2025-november:20|2025-december:10|2026-january:10|2026-february:10|2026-march:20|2026-april:10|2026-may:10|2026-june:10|2026-july:10,generic_query_inside_local_geo_target,2026-09-03
Reading,Racket and team sport,Netball,netball clubs near me,netball clubs near me,netball clubs near me,,10,LOW,0,0.0000,0.0000,0.0000,2025-august:10|2025-september:10|2025-october:10|2025-november:10|2025-december:10|2026-january:10|2026-february:10|2026-march:10|2026-april:10|2026-may:10|2026-june:10|2026-july:10,generic_query_inside_local_geo_target,2026-09-03
Reading,Outdoor and endurance,Running clubs,running clubs near me,running clubs near me,running clubs near me,,10,MEDIUM,36,0.0000,0.0000,0.0000,2025-august:10|2025-september:10|2025-october:10|2025-november:10|2025-december:10|2026-january:10|2026-february:10|2026-march:10|2026-april:10|2026-may:10|2026-june:10|2026-july:10,generic_query_inside_local_geo_target,2026-09-03
Reading,Tabletop and games,Chess clubs,chess club near me,chess club near me,chess club near me,,10,LOW,2,0.0000,0.0000,0.0000,2025-august:10|2025-september:10|2025-october:10|2025-november:10|2025-december:10|2026-january:10|2026-february:10|2026-march:10|2026-april:10|2026-may:10|2026-june:10|2026-july:10,generic_query_inside_local_geo_target,2026-09-03
Reading,"Wellness, spa and retreats",Yoga retreats,yoga retreat near me,yoga retreat near me,yoga retreat near me,,10,HIGH,86,0.0000,0.0000,0.0000,2025-august:10|2025-september:10|2025-october:10|2025-november:10|2025-december:10|2026-january:10|2026-february:10|2026-march:10|2026-april:10|2026-may:0|2026-june:10|2026-july:10,generic_query_inside_local_geo_target,2026-09-03
Reading,Racket and team sport,Padel,padel near me,padel near me,padel near me,,140,LOW,19,0.1650,0.0000,0.0000,2025-august:170|2025-september:170|2025-october:140|2025-november:90|2025-december:110|2026-january:110|2026-february:140|2026-march:170|2026-april:140|2026-may:170|2026-june:90|2026-july:140,generic_query_inside_local_geo_target,2026-09-03
Reading,Food and drink,Cooking classes,cooking classes near me,cooking classes near me,cooking classes near me,,20,HIGH,100,2.6079,0.2887,1.2991,2025-august:20|2025-september:20|2025-october:20|2025-november:40|2025-december:20|2026-january:30|2026-february:20|2026-march:30|2026-april:10|2026-may:20|2026-june:30|2026-july:20,generic_query_inside_local_geo_target,2026-09-03
Reading,Nature and animals,Nature walks,nature walks near me,nature walks near me,nature walks near me,,20,LOW,9,0.5249,0.0000,0.0000,2025-august:30|2025-september:30|2025-october:10|2025-november:10|2025-december:10|2026-january:10|2026-february:10|2026-march:20|2026-april:30|2026-may:20|2026-june:10|2026-july:10,generic_query_inside_local_geo_target,2026-09-03
Reading,Social and relationship,Speed dating,speed dating near me,speed dating near me,speed dating near me,,10,LOW,14,0.0000,0.0000,0.0000,2025-august:10|2025-september:10|2025-october:10|2025-november:10|2025-december:10|2026-january:10|2026-february:10|2026-march:10|2026-april:10|2026-may:10|2026-june:10|2026-july:10,generic_query_inside_local_geo_target,2026-09-03
Reading,Performance and dance,Karaoke,karaoke near me,karaoke near me,karaoke near me,,140,LOW,18,0.4471,1.6786,3.3101,2025-august:140|2025-september:110|2025-october:140|2025-november:170|2025-december:170|2026-january:170|2026-february:140|2026-march:140|2026-april:140|2026-may:170|2026-june:110|2026-july:140,generic_query_inside_local_geo_target,2026-09-03
Reading,"Wellness, spa and retreats",Spa retreats,spa retreat near me,spa retreat near me,spa retreat near me,,10,UNSPECIFIED,0,0.0000,0.0000,0.0000,2025-august:10|2025-september:10|2025-october:10|2025-november:10|2025-december:10|2026-january:10|2026-february:10|2026-march:10|2026-april:0|2026-may:10|2026-june:10|2026-july:0,generic_query_inside_local_geo_target,2026-09-03
Reading,Craft and making,General art workshops,art workshops near me,art workshops near me,art workshops near me,,10,LOW,25,0.0000,0.0000,0.0000,2025-august:10|2025-september:10|2025-october:10|2025-november:0|2025-december:10|2026-january:10|2026-february:10|2026-march:10|2026-april:10|2026-may:10|2026-june:10|2026-july:10,generic_query_inside_local_geo_target,2026-09-03
Reading,Craft and making,Sip and paint,sip and paint near me,sip and paint near me,sip and paint near me,,10,MEDIUM,51,0.3976,0.0000,0.0000,2025-august:10|2025-september:10|2025-october:20|2025-november:10|2025-december:10|2026-january:20|2026-february:10|2026-march:10|2026-april:20|2026-may:10|2026-june:10|2026-july:10,generic_query_inside_local_geo_target,2026-09-03
Edinburgh,Competitive experiences,Darts,darts near me,darts near me,darts near me,,170,MEDIUM,36,0.1980,0.0000,0.0000,2025-august:140|2025-september:140|2025-october:210|2025-november:210|2025-december:210|2026-january:320|2026-february:260|2026-march:210|2026-april:210|2026-may:170|2026-june:110|2026-july:140,generic_query_inside_local_geo_target,2026-09-03
Edinburgh,Performance and dance,Line dancing,line dancing near me,line dancing near me,line dancing near me,,40,LOW,0,0.0000,0.0000,0.0000,2025-august:30|2025-september:40|2025-october:50|2025-november:40|2025-december:20|2026-january:70|2026-february:40|2026-march:40|2026-april:50|2026-may:40|2026-june:30|2026-july:40,generic_query_inside_local_geo_target,2026-09-03
Edinburgh,Performance and dance,Salsa classes,salsa classes near me,salsa classes near me,salsa classes near me,,10,LOW,8,0.0000,0.0000,0.0000,2025-august:10|2025-september:10|2025-october:10|2025-november:10|2025-december:10|2026-january:20|2026-february:10|2026-march:10|2026-april:10|2026-may:10|2026-june:10|2026-july:10,generic_query_inside_local_geo_target,2026-09-03
Edinburgh,Tabletop and games,Board-game cafes,board game cafe near me,board game cafe near me,board game cafe near me,,110,LOW,16,0.1032,0.0000,0.0000,2025-august:110|2025-september:110|2025-october:170|2025-november:110|2025-december:90|2026-january:110|2026-february:110|2026-march:90|2026-april:110|2026-may:70|2026-june:70|2026-july:140,generic_query_inside_local_geo_target,2026-09-03
Edinburgh,Craft and making,Pottery painting,pottery painting near me,pottery painting near me,pottery painting near me,,110,LOW,6,0.0000,0.0000,0.0000,2025-august:170|2025-september:90|2025-october:170|2025-november:110|2025-december:90|2026-january:140|2026-february:170|2026-march:140|2026-april:140|2026-may:110|2026-june:70|2026-july:90,generic_query_inside_local_geo_target,2026-09-03
Edinburgh,Craft and making,Pottery classes,pottery classes near me,pottery classes near me,pottery classes near me,,90,LOW,21,0.0000,0.0000,0.0000,2025-august:90|2025-september:70|2025-october:70|2025-november:90|2025-december:70|2026-january:140|2026-february:110|2026-march:110|2026-april:110|2026-may:140|2026-june:70|2026-july:70,generic_query_inside_local_geo_target,2026-09-03
Edinburgh,Tabletop and games,Dungeons & Dragons,dungeons and dragons near me,dungeons and dragons near me,dungeons and dragons near me,,20,LOW,5,0.0144,0.0000,0.0000,2025-august:50|2025-september:20|2025-october:20|2025-november:20|2025-december:30|2026-january:10|2026-february:10|2026-march:30|2026-april:10|2026-may:10|2026-june:10|2026-july:50,generic_query_inside_local_geo_target,2026-09-03
Edinburgh,Craft and making,Sewing classes,sewing classes near me,sewing classes near me,sewing classes near me,,30,MEDIUM,45,0.1587,0.0000,0.0000,2025-august:30|2025-september:30|2025-october:40|2025-november:30|2025-december:20|2026-january:40|2026-february:20|2026-march:30|2026-april:20|2026-may:20|2026-june:40|2026-july:20,generic_query_inside_local_geo_target,2026-09-03
Edinburgh,Food and drink,Wine tasting,wine tasting near me,wine tasting near me,wine tasting near me,,30,HIGH,67,0.0000,0.0000,0.0000,2025-august:40|2025-september:30|2025-october:40|2025-november:20|2025-december:30|2026-january:20|2026-february:20|2026-march:20|2026-april:30|2026-may:30|2026-june:20|2026-july:20,generic_query_inside_local_geo_target,2026-09-03
Edinburgh,Performance and dance,Acting classes,acting classes near me,acting classes near me,acting classes near me,,10,MEDIUM,47,0.5074,0.3810,1.3500,2025-august:20|2025-september:20|2025-october:10|2025-november:10|2025-december:10|2026-january:30|2026-february:10|2026-march:20|2026-april:10|2026-may:10|2026-june:10|2026-july:10,generic_query_inside_local_geo_target,2026-09-03
Edinburgh,Tabletop and games,Quiz nights,quiz night near me,quiz night near me,quiz night near me,,10,LOW,4,0.0000,0.0000,0.0000,2025-august:20|2025-september:10|2025-october:30|2025-november:10|2025-december:10|2026-january:10|2026-february:10|2026-march:10|2026-april:20|2026-may:10|2026-june:10|2026-july:10,generic_query_inside_local_geo_target,2026-09-03
Edinburgh,Racket and team sport,Volleyball,volleyball clubs near me,volleyball clubs near me,volleyball clubs near me,,20,LOW,11,0.0000,0.0000,0.0000,2025-august:30|2025-september:20|2025-october:30|2025-november:20|2025-december:10|2026-january:10|2026-february:10|2026-march:20|2026-april:20|2026-may:10|2026-june:20|2026-july:10,generic_query_inside_local_geo_target,2026-09-03
Edinburgh,Racket and team sport,Netball,netball clubs near me,netball clubs near me,netball clubs near me,,10,LOW,0,0.0000,0.0000,0.0000,2025-august:10|2025-september:10|2025-october:10|2025-november:10|2025-december:10|2026-january:10|2026-february:10|2026-march:10|2026-april:10|2026-may:10|2026-june:0|2026-july:10,generic_query_inside_local_geo_target,2026-09-03
Edinburgh,Outdoor and endurance,Running clubs,running clubs near me,running clubs near me,running clubs near me,,20,LOW,11,0.0000,0.0000,0.0000,2025-august:20|2025-september:20|2025-october:20|2025-november:10|2025-december:20|2026-january:40|2026-february:10|2026-march:20|2026-april:30|2026-may:20|2026-june:10|2026-july:10,generic_query_inside_local_geo_target,2026-09-03
Edinburgh,Tabletop and games,Chess clubs,chess club near me,chess club near me,chess club near me,,10,LOW,0,0.0000,0.0000,0.0000,2025-august:20|2025-september:10|2025-october:20|2025-november:10|2025-december:10|2026-january:20|2026-february:20|2026-march:20|2026-april:20|2026-may:10|2026-june:10|2026-july:10,generic_query_inside_local_geo_target,2026-09-03
Edinburgh,"Wellness, spa and retreats",Yoga retreats,yoga retreat near me,yoga retreat near me,yoga retreat near me,,10,HIGH,79,0.5488,0.0000,0.0000,2025-august:10|2025-september:10|2025-october:10|2025-november:10|2025-december:0|2026-january:10|2026-february:10|2026-march:0|2026-april:10|2026-may:10|2026-june:10|2026-july:10,generic_query_inside_local_geo_target,2026-09-03
Edinburgh,Racket and team sport,Padel,padel near me,padel near me,padel near me,,260,LOW,4,0.4281,0.2816,0.8783,2025-august:260|2025-september:210|2025-october:260|2025-november:210|2025-december:170|2026-january:210|2026-february:260|2026-march:260|2026-april:260|2026-may:260|2026-june:260|2026-july:260,generic_query_inside_local_geo_target,2026-09-03
Edinburgh,Food and drink,Cooking classes,cooking classes near me,cooking classes near me,cooking classes near me,,30,MEDIUM,53,1.5590,0.4201,1.0958,2025-august:50|2025-september:30|2025-october:30|2025-november:40|2025-december:30|2026-january:20|2026-february:30|2026-march:20|2026-april:20|2026-may:30|2026-june:20|2026-july:20,generic_query_inside_local_geo_target,2026-09-03
Edinburgh,Nature and animals,Nature walks,nature walks near me,nature walks near me,nature walks near me,,30,LOW,9,0.0000,0.0000,0.0000,2025-august:50|2025-september:30|2025-october:20|2025-november:20|2025-december:10|2026-january:20|2026-february:20|2026-march:40|2026-april:40|2026-may:70|2026-june:30|2026-july:30,generic_query_inside_local_geo_target,2026-09-03
Edinburgh,Social and relationship,Speed dating,speed dating near me,speed dating near me,speed dating near me,,10,MEDIUM,48,1.8098,0.5766,2.5728,2025-august:30|2025-september:10|2025-october:10|2025-november:10|2025-december:10|2026-january:10|2026-february:20|2026-march:10|2026-april:10|2026-may:10|2026-june:10|2026-july:10,generic_query_inside_local_geo_target,2026-09-03
Edinburgh,Performance and dance,Karaoke,karaoke near me,karaoke near me,karaoke near me,,880,LOW,18,0.1702,0.1703,0.8433,2025-august:1000|2025-september:720|2025-october:880|2025-november:880|2025-december:1000|2026-january:720|2026-february:720|2026-march:880|2026-april:880|2026-may:880|2026-june:720|2026-july:880,generic_query_inside_local_geo_target,2026-09-03
Edinburgh,"Wellness, spa and retreats",Spa retreats,spa retreat near me,spa retreat near me,spa retreat near me,,10,HIGH,100,0.2948,0.0000,0.0000,2025-august:10|2025-september:10|2025-october:10|2025-november:10|2025-december:10|2026-january:10|2026-february:10|2026-march:10|2026-april:10|2026-may:10|2026-june:10|2026-july:10,generic_query_inside_local_geo_target,2026-09-03
Edinburgh,Craft and making,General art workshops,art workshops near me,art workshops near me,art workshops near me,,10,LOW,12,0.0000,0.0000,0.0000,2025-august:10|2025-september:10|2025-october:10|2025-november:10|2025-december:10|2026-january:10|2026-february:0|2026-march:10|2026-april:0|2026-may:10|2026-june:10|2026-july:10,generic_query_inside_local_geo_target,2026-09-03
Edinburgh,Craft and making,Sip and paint,sip and paint near me,sip and paint near me,sip and paint near me,,10,MEDIUM,64,0.4975,0.0000,0.0000,2025-august:20|2025-september:10|2025-october:10|2025-november:20|2025-december:20|2026-january:10|2026-february:20|2026-march:20|2026-april:20|2026-may:10|2026-june:10|2026-july:10,generic_query_inside_local_geo_target,2026-09-03
Glasgow,Competitive experiences,Darts,darts near me,darts near me,darts near me,,170,MEDIUM,41,0.2557,0.1908,1.0388,2025-august:170|2025-september:140|2025-october:170|2025-november:170|2025-december:260|2026-january:320|2026-february:260|2026-march:210|2026-april:140|2026-may:140|2026-june:110|2026-july:110,generic_query_inside_local_geo_target,2026-09-03
Glasgow,Performance and dance,Line dancing,line dancing near me,line dancing near me,line dancing near me,,140,LOW,1,0.0893,0.0000,0.0000,2025-august:170|2025-september:210|2025-october:170|2025-november:90|2025-december:90|2026-january:210|2026-february:140|2026-march:140|2026-april:170|2026-may:140|2026-june:90|2026-july:110,generic_query_inside_local_geo_target,2026-09-03
Glasgow,Performance and dance,Salsa classes,salsa classes near me,salsa classes near me,salsa classes near me,,30,LOW,8,0.3462,0.0000,0.0000,2025-august:40|2025-september:20|2025-october:30|2025-november:10|2025-december:20|2026-january:20|2026-february:30|2026-march:20|2026-april:10|2026-may:50|2026-june:30|2026-july:10,generic_query_inside_local_geo_target,2026-09-03
Glasgow,Tabletop and games,Board-game cafes,board game cafe near me,board game cafe near me,board game cafe near me,,70,LOW,9,0.0142,0.0000,0.0000,2025-august:50|2025-september:50|2025-october:70|2025-november:90|2025-december:50|2026-january:70|2026-february:50|2026-march:70|2026-april:50|2026-may:50|2026-june:50|2026-july:50,generic_query_inside_local_geo_target,2026-09-03
Glasgow,Craft and making,Pottery painting,pottery painting near me,pottery painting near me,pottery painting near me,,210,LOW,6,0.1907,0.0000,0.0000,2025-august:260|2025-september:210|2025-october:210|2025-november:170|2025-december:140|2026-january:210|2026-february:260|2026-march:260|2026-april:210|2026-may:170|2026-june:170|2026-july:260,generic_query_inside_local_geo_target,2026-09-03
Glasgow,Craft and making,Pottery classes,pottery classes near me,pottery classes near me,pottery classes near me,,110,MEDIUM,42,0.3962,0.0000,0.0000,2025-august:110|2025-september:140|2025-october:90|2025-november:70|2025-december:90|2026-january:170|2026-february:140|2026-march:170|2026-april:110|2026-may:140|2026-june:90|2026-july:90,generic_query_inside_local_geo_target,2026-09-03
Glasgow,Tabletop and games,Dungeons & Dragons,dungeons and dragons near me,dungeons and dragons near me,dungeons and dragons near me,,20,LOW,8,0.0140,0.0000,0.0000,2025-august:20|2025-september:20|2025-october:20|2025-november:10|2025-december:30|2026-january:30|2026-february:20|2026-march:10|2026-april:20|2026-may:10|2026-june:20|2026-july:20,generic_query_inside_local_geo_target,2026-09-03
Glasgow,Craft and making,Sewing classes,sewing classes near me,sewing classes near me,sewing classes near me,,70,LOW,32,0.4391,0.0000,0.0000,2025-august:140|2025-september:140|2025-october:90|2025-november:50|2025-december:90|2026-january:110|2026-february:70|2026-march:50|2026-april:50|2026-may:50|2026-june:50|2026-july:50,generic_query_inside_local_geo_target,2026-09-03
Glasgow,Food and drink,Wine tasting,wine tasting near me,wine tasting near me,wine tasting near me,,20,HIGH,100,0.0000,0.0000,0.0000,2025-august:40|2025-september:20|2025-october:10|2025-november:50|2025-december:20|2026-january:20|2026-february:10|2026-march:30|2026-april:30|2026-may:10|2026-june:10|2026-july:10,generic_query_inside_local_geo_target,2026-09-03
Glasgow,Performance and dance,Acting classes,acting classes near me,acting classes near me,acting classes near me,,40,MEDIUM,38,1.8744,0.4456,1.2778,2025-august:70|2025-september:50|2025-october:20|2025-november:30|2025-december:30|2026-january:90|2026-february:50|2026-march:30|2026-april:30|2026-may:30|2026-june:40|2026-july:30,generic_query_inside_local_geo_target,2026-09-03
Glasgow,Tabletop and games,Quiz nights,quiz night near me,quiz night near me,quiz night near me,,20,LOW,4,0.0000,0.0000,0.0000,2025-august:50|2025-september:20|2025-october:30|2025-november:20|2025-december:30|2026-january:20|2026-february:20|2026-march:20|2026-april:10|2026-may:10|2026-june:20|2026-july:10,generic_query_inside_local_geo_target,2026-09-03
Glasgow,Racket and team sport,Volleyball,volleyball clubs near me,volleyball clubs near me,volleyball clubs near me,,40,LOW,1,0.2913,0.0000,0.0000,2025-august:40|2025-september:70|2025-october:50|2025-november:40|2025-december:40|2026-january:40|2026-february:70|2026-march:40|2026-april:40|2026-may:50|2026-june:20|2026-july:30,generic_query_inside_local_geo_target,2026-09-03
Glasgow,Racket and team sport,Netball,netball clubs near me,netball clubs near me,netball clubs near me,,20,LOW,0,0.0000,0.0000,0.0000,2025-august:20|2025-september:40|2025-october:30|2025-november:10|2025-december:20|2026-january:30|2026-february:30|2026-march:40|2026-april:20|2026-may:10|2026-june:20|2026-july:20,generic_query_inside_local_geo_target,2026-09-03
Glasgow,Outdoor and endurance,Running clubs,running clubs near me,running clubs near me,running clubs near me,,50,LOW,15,0.0000,0.5388,1.6467,2025-august:50|2025-september:70|2025-october:70|2025-november:30|2025-december:50|2026-january:70|2026-february:50|2026-march:50|2026-april:90|2026-may:70|2026-june:40|2026-july:20,generic_query_inside_local_geo_target,2026-09-03
Glasgow,Tabletop and games,Chess clubs,chess club near me,chess club near me,chess club near me,,30,LOW,1,0.0000,0.0000,0.0000,2025-august:40|2025-september:50|2025-october:30|2025-november:30|2025-december:20|2026-january:30|2026-february:30|2026-march:40|2026-april:40|2026-may:20|2026-june:30|2026-july:20,generic_query_inside_local_geo_target,2026-09-03
Glasgow,"Wellness, spa and retreats",Yoga retreats,yoga retreat near me,yoga retreat near me,yoga retreat near me,,10,MEDIUM,52,0.4336,0.2472,0.9699,2025-august:10|2025-september:10|2025-october:10|2025-november:10|2025-december:10|2026-january:10|2026-february:10|2026-march:10|2026-april:10|2026-may:10|2026-june:10|2026-july:10,generic_query_inside_local_geo_target,2026-09-03
Glasgow,Racket and team sport,Padel,padel near me,padel near me,padel near me,,390,LOW,9,0.2304,0.2378,0.4942,2025-august:320|2025-september:260|2025-october:210|2025-november:170|2025-december:210|2026-january:590|2026-february:480|2026-march:590|2026-april:590|2026-may:590|2026-june:320|2026-july:480,generic_query_inside_local_geo_target,2026-09-03
Glasgow,Food and drink,Cooking classes,cooking classes near me,cooking classes near me,cooking classes near me,,50,HIGH,94,1.3696,0.6550,1.3641,2025-august:70|2025-september:70|2025-october:70|2025-november:70|2025-december:70|2026-january:70|2026-february:70|2026-march:50|2026-april:50|2026-may:50|2026-june:40|2026-july:20,generic_query_inside_local_geo_target,2026-09-03
Glasgow,Nature and animals,Nature walks,nature walks near me,nature walks near me,nature walks near me,,90,LOW,5,0.2046,0.0000,0.0000,2025-august:110|2025-september:90|2025-october:90|2025-november:70|2025-december:70|2026-january:90|2026-february:110|2026-march:90|2026-april:140|2026-may:90|2026-june:50|2026-july:90,generic_query_inside_local_geo_target,2026-09-03
Glasgow,Social and relationship,Speed dating,speed dating near me,speed dating near me,speed dating near me,,10,MEDIUM,63,1.8202,0.9460,2.0417,2025-august:30|2025-september:10|2025-october:10|2025-november:20|2025-december:10|2026-january:10|2026-february:10|2026-march:10|2026-april:10|2026-may:10|2026-june:10|2026-july:10,generic_query_inside_local_geo_target,2026-09-03
Glasgow,Performance and dance,Karaoke,karaoke near me,karaoke near me,karaoke near me,,880,LOW,7,0.1077,0.0000,0.0000,2025-august:880|2025-september:880|2025-october:880|2025-november:880|2025-december:1000|2026-january:880|2026-february:880|2026-march:880|2026-april:880|2026-may:1000|2026-june:880|2026-july:880,generic_query_inside_local_geo_target,2026-09-03
Glasgow,"Wellness, spa and retreats",Spa retreats,spa retreat near me,spa retreat near me,spa retreat near me,,10,HIGH,100,0.4300,0.2044,0.5265,2025-august:10|2025-september:10|2025-october:10|2025-november:10|2025-december:10|2026-january:20|2026-february:10|2026-march:10|2026-april:10|2026-may:10|2026-june:10|2026-july:10,generic_query_inside_local_geo_target,2026-09-03
Glasgow,Craft and making,General art workshops,art workshops near me,art workshops near me,art workshops near me,,10,LOW,0,0.0000,0.0000,0.0000,2025-august:10|2025-september:10|2025-october:10|2025-november:10|2025-december:10|2026-january:10|2026-february:10|2026-march:10|2026-april:10|2026-may:10|2026-june:10|2026-july:10,generic_query_inside_local_geo_target,2026-09-03
Glasgow,Craft and making,Sip and paint,sip and paint near me,sip and paint near me,sip and paint near me,,20,HIGH,76,0.0000,0.0000,0.0000,2025-august:20|2025-september:20|2025-october:20|2025-november:20|2025-december:10|2026-january:10|2026-february:20|2026-march:20|2026-april:20|2026-may:10|2026-june:20|2026-july:10,generic_query_inside_local_geo_target,2026-09-03
Liverpool,Competitive experiences,Darts,darts near me,darts near me,darts near me,,210,MEDIUM,37,0.3045,0.1676,1.8170,2025-august:170|2025-september:110|2025-october:140|2025-november:170|2025-december:260|2026-january:390|2026-february:320|2026-march:210|2026-april:170|2026-may:140|2026-june:90|2026-july:140,generic_query_inside_local_geo_target,2026-09-03
Liverpool,Performance and dance,Line dancing,line dancing near me,line dancing near me,line dancing near me,,40,LOW,2,5.0235,0.0000,0.0000,2025-august:70|2025-september:50|2025-october:70|2025-november:20|2025-december:20|2026-january:50|2026-february:30|2026-march:40|2026-april:40|2026-may:40|2026-june:40|2026-july:40,generic_query_inside_local_geo_target,2026-09-03
Liverpool,Performance and dance,Salsa classes,salsa classes near me,salsa classes near me,salsa classes near me,,20,LOW,5,0.0000,0.0000,0.0000,2025-august:30|2025-september:20|2025-october:20|2025-november:10|2025-december:10|2026-january:10|2026-february:10|2026-march:10|2026-april:10|2026-may:20|2026-june:10|2026-july:20,generic_query_inside_local_geo_target,2026-09-03
Liverpool,Tabletop and games,Board-game cafes,board game cafe near me,board game cafe near me,board game cafe near me,,40,LOW,11,0.0676,0.0000,0.0000,2025-august:50|2025-september:40|2025-october:50|2025-november:30|2025-december:20|2026-january:50|2026-february:50|2026-march:40|2026-april:40|2026-may:20|2026-june:30|2026-july:50,generic_query_inside_local_geo_target,2026-09-03
Liverpool,Craft and making,Pottery painting,pottery painting near me,pottery painting near me,pottery painting near me,,210,LOW,14,0.1431,0.0000,0.0000,2025-august:210|2025-september:210|2025-october:210|2025-november:210|2025-december:140|2026-january:260|2026-february:390|2026-march:210|2026-april:210|2026-may:170|2026-june:210|2026-july:210,generic_query_inside_local_geo_target,2026-09-03
Liverpool,Craft and making,Pottery classes,pottery classes near me,pottery classes near me,pottery classes near me,,70,HIGH,98,0.2290,0.2767,0.6936,2025-august:70|2025-september:70|2025-october:70|2025-november:50|2025-december:50|2026-january:90|2026-february:110|2026-march:110|2026-april:70|2026-may:70|2026-june:50|2026-july:40,generic_query_inside_local_geo_target,2026-09-03
Liverpool,Tabletop and games,Dungeons & Dragons,dungeons and dragons near me,dungeons and dragons near me,dungeons and dragons near me,,10,LOW,11,0.0000,0.0000,0.0000,2025-august:10|2025-september:10|2025-october:10|2025-november:20|2025-december:20|2026-january:10|2026-february:10|2026-march:10|2026-april:10|2026-may:10|2026-june:20|2026-july:10,generic_query_inside_local_geo_target,2026-09-03
Liverpool,Craft and making,Sewing classes,sewing classes near me,sewing classes near me,sewing classes near me,,30,HIGH,72,0.2537,0.0000,0.0000,2025-august:30|2025-september:40|2025-october:20|2025-november:30|2025-december:20|2026-january:30|2026-february:20|2026-march:30|2026-april:30|2026-may:30|2026-june:20|2026-july:30,generic_query_inside_local_geo_target,2026-09-03
Liverpool,Food and drink,Wine tasting,wine tasting near me,wine tasting near me,wine tasting near me,,20,HIGH,100,0.8169,0.2787,1.0251,2025-august:20|2025-september:20|2025-october:40|2025-november:20|2025-december:20|2026-january:20|2026-february:20|2026-march:20|2026-april:10|2026-may:10|2026-june:10|2026-july:20,generic_query_inside_local_geo_target,2026-09-03
Liverpool,Performance and dance,Acting classes,acting classes near me,acting classes near me,acting classes near me,,20,HIGH,75,3.7169,0.8222,5.1683,2025-august:10|2025-september:30|2025-october:10|2025-november:20|2025-december:20|2026-january:40|2026-february:40|2026-march:30|2026-april:20|2026-may:10|2026-june:20|2026-july:10,generic_query_inside_local_geo_target,2026-09-03
Liverpool,Tabletop and games,Quiz nights,quiz night near me,quiz night near me,quiz night near me,,20,LOW,5,0.2534,0.0000,0.0000,2025-august:20|2025-september:10|2025-october:30|2025-november:10|2025-december:10|2026-january:20|2026-february:20|2026-march:10|2026-april:20|2026-may:20|2026-june:10|2026-july:10,generic_query_inside_local_geo_target,2026-09-03
Liverpool,Racket and team sport,Volleyball,volleyball clubs near me,volleyball clubs near me,volleyball clubs near me,,20,LOW,4,0.0000,0.0000,0.0000,2025-august:10|2025-september:20|2025-october:20|2025-november:30|2025-december:10|2026-january:30|2026-february:20|2026-march:40|2026-april:30|2026-may:20|2026-june:10|2026-july:20,generic_query_inside_local_geo_target,2026-09-03
Liverpool,Racket and team sport,Netball,netball clubs near me,netball clubs near me,netball clubs near me,,20,LOW,3,0.0000,0.0000,0.0000,2025-august:10|2025-september:30|2025-october:30|2025-november:30|2025-december:10|2026-january:20|2026-february:20|2026-march:20|2026-april:20|2026-may:20|2026-june:10|2026-july:10,generic_query_inside_local_geo_target,2026-09-03
Liverpool,Outdoor and endurance,Running clubs,running clubs near me,running clubs near me,running clubs near me,,20,LOW,13,0.0000,0.5851,1.0371,2025-august:30|2025-september:20|2025-october:20|2025-november:20|2025-december:20|2026-january:20|2026-february:30|2026-march:30|2026-april:40|2026-may:20|2026-june:10|2026-july:20,generic_query_inside_local_geo_target,2026-09-03
Liverpool,Tabletop and games,Chess clubs,chess club near me,chess club near me,chess club near me,,20,LOW,0,0.0000,0.0000,0.0000,2025-august:20|2025-september:20|2025-october:40|2025-november:10|2025-december:20|2026-january:30|2026-february:30|2026-march:20|2026-april:10|2026-may:10|2026-june:20|2026-july:10,generic_query_inside_local_geo_target,2026-09-03
Liverpool,"Wellness, spa and retreats",Yoga retreats,yoga retreat near me,yoga retreat near me,yoga retreat near me,,10,HIGH,76,1.1649,0.1388,0.8171,2025-august:10|2025-september:10|2025-october:0|2025-november:10|2025-december:10|2026-january:10|2026-february:10|2026-march:10|2026-april:10|2026-may:10|2026-june:10|2026-july:10,generic_query_inside_local_geo_target,2026-09-03
Liverpool,Racket and team sport,Padel,padel near me,padel near me,padel near me,,390,LOW,13,0.8891,0.8015,1.6550,2025-august:260|2025-september:320|2025-october:320|2025-november:210|2025-december:170|2026-january:480|2026-february:480|2026-march:480|2026-april:590|2026-may:390|2026-june:320|2026-july:320,generic_query_inside_local_geo_target,2026-09-03
Liverpool,Food and drink,Cooking classes,cooking classes near me,cooking classes near me,cooking classes near me,,30,HIGH,100,0.6957,0.3156,0.9237,2025-august:20|2025-september:30|2025-october:30|2025-november:20|2025-december:20|2026-january:40|2026-february:30|2026-march:40|2026-april:20|2026-may:20|2026-june:20|2026-july:10,generic_query_inside_local_geo_target,2026-09-03
Liverpool,Nature and animals,Nature walks,nature walks near me,nature walks near me,nature walks near me,,50,LOW,10,0.2437,0.0977,1.1352,2025-august:70|2025-september:10|2025-october:50|2025-november:30|2025-december:30|2026-january:40|2026-february:90|2026-march:70|2026-april:70|2026-may:90|2026-june:40|2026-july:110,generic_query_inside_local_geo_target,2026-09-03
Liverpool,Social and relationship,Speed dating,speed dating near me,speed dating near me,speed dating near me,,10,MEDIUM,52,1.2369,0.4571,1.2577,2025-august:10|2025-september:10|2025-october:10|2025-november:10|2025-december:10|2026-january:10|2026-february:10|2026-march:20|2026-april:10|2026-may:10|2026-june:10|2026-july:10,generic_query_inside_local_geo_target,2026-09-03
Liverpool,Performance and dance,Karaoke,karaoke near me,karaoke near me,karaoke near me,,720,LOW,31,0.0950,0.0694,0.3589,2025-august:880|2025-september:590|2025-october:720|2025-november:720|2025-december:720|2026-january:590|2026-february:720|2026-march:720|2026-april:720|2026-may:880|2026-june:720|2026-july:720,generic_query_inside_local_geo_target,2026-09-03
Liverpool,"Wellness, spa and retreats",Spa retreats,spa retreat near me,spa retreat near me,spa retreat near me,,10,MEDIUM,61,0.0000,0.3619,0.9519,2025-august:10|2025-september:10|2025-october:10|2025-november:10|2025-december:10|2026-january:40|2026-february:10|2026-march:10|2026-april:10|2026-may:10|2026-june:10|2026-july:10,generic_query_inside_local_geo_target,2026-09-03
Liverpool,Craft and making,General art workshops,art workshops near me,art workshops near me,art workshops near me,,10,HIGH,100,0.2492,0.0000,0.0000,2025-august:10|2025-september:10|2025-october:10|2025-november:10|2025-december:10|2026-january:10|2026-february:0|2026-march:10|2026-april:10|2026-may:10|2026-june:10|2026-july:10,generic_query_inside_local_geo_target,2026-09-03
Liverpool,Craft and making,Sip and paint,sip and paint near me,sip and paint near me,sip and paint near me,,20,HIGH,69,0.7185,0.2624,0.9903,2025-august:20|2025-september:10|2025-october:10|2025-november:10|2025-december:10|2026-january:20|2026-february:20|2026-march:30|2026-april:10|2026-may:10|2026-june:20|2026-july:20,generic_query_inside_local_geo_target,2026-09-03
Sheffield,Competitive experiences,Darts,darts near me,darts near me,darts near me,,70,MEDIUM,39,0.2992,0.0000,0.0000,2025-august:50|2025-september:70|2025-october:70|2025-november:90|2025-december:90|2026-january:140|2026-february:140|2026-march:70|2026-april:70|2026-may:70|2026-june:30|2026-july:40,generic_query_inside_local_geo_target,2026-09-03
Sheffield,Performance and dance,Line dancing,line dancing near me,line dancing near me,line dancing near me,,20,LOW,0,0.0000,0.0000,0.0000,2025-august:40|2025-september:40|2025-october:40|2025-november:20|2025-december:10|2026-january:30|2026-february:20|2026-march:20|2026-april:20|2026-may:20|2026-june:30|2026-july:20,generic_query_inside_local_geo_target,2026-09-03
Sheffield,Performance and dance,Salsa classes,salsa classes near me,salsa classes near me,salsa classes near me,,10,LOW,0,0.0000,0.0000,0.0000,2025-august:10|2025-september:10|2025-october:20|2025-november:10|2025-december:10|2026-january:10|2026-february:10|2026-march:10|2026-april:10|2026-may:20|2026-june:10|2026-july:10,generic_query_inside_local_geo_target,2026-09-03
Sheffield,Tabletop and games,Board-game cafes,board game cafe near me,board game cafe near me,board game cafe near me,,90,LOW,10,0.0158,0.0000,0.0000,2025-august:90|2025-september:110|2025-october:90|2025-november:90|2025-december:70|2026-january:110|2026-february:140|2026-march:70|2026-april:70|2026-may:70|2026-june:70|2026-july:50,generic_query_inside_local_geo_target,2026-09-03
Sheffield,Craft and making,Pottery painting,pottery painting near me,pottery painting near me,pottery painting near me,,170,LOW,13,0.4222,0.0000,0.0000,2025-august:210|2025-september:170|2025-october:210|2025-november:140|2025-december:110|2026-january:170|2026-february:260|2026-march:260|2026-april:170|2026-may:170|2026-june:140|2026-july:170,generic_query_inside_local_geo_target,2026-09-03
Sheffield,Craft and making,Pottery classes,pottery classes near me,pottery classes near me,pottery classes near me,,30,MEDIUM,48,0.5367,0.0000,0.0000,2025-august:30|2025-september:30|2025-october:40|2025-november:30|2025-december:30|2026-january:50|2026-february:40|2026-march:30|2026-april:30|2026-may:20|2026-june:30|2026-july:50,generic_query_inside_local_geo_target,2026-09-03
Sheffield,Tabletop and games,Dungeons & Dragons,dungeons and dragons near me,dungeons and dragons near me,dungeons and dragons near me,,10,HIGH,71,0.0000,0.0000,0.0000,2025-august:10|2025-september:10|2025-october:10|2025-november:10|2025-december:10|2026-january:10|2026-february:10|2026-march:10|2026-april:10|2026-may:10|2026-june:10|2026-july:10,generic_query_inside_local_geo_target,2026-09-03
Sheffield,Craft and making,Sewing classes,sewing classes near me,sewing classes near me,sewing classes near me,,20,LOW,24,0.0000,0.0000,0.0000,2025-august:20|2025-september:30|2025-october:20|2025-november:20|2025-december:10|2026-january:20|2026-february:10|2026-march:10|2026-april:20|2026-may:10|2026-june:10|2026-july:20,generic_query_inside_local_geo_target,2026-09-03
Sheffield,Food and drink,Wine tasting,wine tasting near me,wine tasting near me,wine tasting near me,,10,HIGH,100,0.2669,0.2584,1.2777,2025-august:10|2025-september:20|2025-october:10|2025-november:10|2025-december:10|2026-january:10|2026-february:10|2026-march:10|2026-april:10|2026-may:10|2026-june:10|2026-july:10,generic_query_inside_local_geo_target,2026-09-03
Sheffield,Performance and dance,Acting classes,acting classes near me,acting classes near me,acting classes near me,,10,MEDIUM,66,0.0000,0.7923,4.6671,2025-august:10|2025-september:20|2025-october:30|2025-november:10|2025-december:10|2026-january:10|2026-february:10|2026-march:10|2026-april:10|2026-may:10|2026-june:10|2026-july:10,generic_query_inside_local_geo_target,2026-09-03
Sheffield,Tabletop and games,Quiz nights,quiz night near me,quiz night near me,quiz night near me,,10,LOW,0,0.0000,0.0000,0.0000,2025-august:20|2025-september:10|2025-october:10|2025-november:10|2025-december:10|2026-january:10|2026-february:10|2026-march:10|2026-april:10|2026-may:10|2026-june:10|2026-july:10,generic_query_inside_local_geo_target,2026-09-03
Sheffield,Racket and team sport,Volleyball,volleyball clubs near me,volleyball clubs near me,volleyball clubs near me,,10,LOW,0,0.0000,0.0000,0.0000,2025-august:10|2025-september:10|2025-october:10|2025-november:10|2025-december:10|2026-january:10|2026-february:10|2026-march:20|2026-april:10|2026-may:20|2026-june:10|2026-july:10,generic_query_inside_local_geo_target,2026-09-03
Sheffield,Racket and team sport,Netball,netball clubs near me,netball clubs near me,netball clubs near me,,10,LOW,10,0.0000,0.0000,0.0000,2025-august:10|2025-september:10|2025-october:10|2025-november:10|2025-december:10|2026-january:10|2026-february:10|2026-march:10|2026-april:10|2026-may:10|2026-june:10|2026-july:10,generic_query_inside_local_geo_target,2026-09-03
Sheffield,Outdoor and endurance,Running clubs,running clubs near me,running clubs near me,running clubs near me,,10,LOW,12,5.5090,0.0000,0.0000,2025-august:10|2025-september:20|2025-october:10|2025-november:10|2025-december:10|2026-january:10|2026-february:10|2026-march:10|2026-april:20|2026-may:10|2026-june:10|2026-july:10,generic_query_inside_local_geo_target,2026-09-03
Sheffield,Tabletop and games,Chess clubs,chess club near me,chess club near me,chess club near me,,10,LOW,5,0.0000,0.0000,0.0000,2025-august:10|2025-september:10|2025-october:10|2025-november:10|2025-december:10|2026-january:10|2026-february:10|2026-march:10|2026-april:10|2026-may:10|2026-june:10|2026-july:10,generic_query_inside_local_geo_target,2026-09-03
Sheffield,"Wellness, spa and retreats",Yoga retreats,yoga retreat near me,yoga retreat near me,yoga retreat near me,,10,UNSPECIFIED,0,0.0000,0.0000,0.0000,2025-august:10|2025-september:10|2025-october:10|2025-november:10|2025-december:0|2026-january:10|2026-february:10|2026-march:0|2026-april:0|2026-may:10|2026-june:0|2026-july:0,generic_query_inside_local_geo_target,2026-09-03
Sheffield,Racket and team sport,Padel,padel near me,padel near me,padel near me,,170,LOW,7,0.1040,0.0000,0.0000,2025-august:170|2025-september:260|2025-october:210|2025-november:140|2025-december:90|2026-january:140|2026-february:170|2026-march:170|2026-april:210|2026-may:260|2026-june:260|2026-july:260,generic_query_inside_local_geo_target,2026-09-03
Sheffield,Food and drink,Cooking classes,cooking classes near me,cooking classes near me,cooking classes near me,,20,HIGH,94,0.1535,0.2922,1.5290,2025-august:20|2025-september:20|2025-october:20|2025-november:20|2025-december:20|2026-january:20|2026-february:20|2026-march:20|2026-april:20|2026-may:10|2026-june:10|2026-july:10,generic_query_inside_local_geo_target,2026-09-03
Sheffield,Nature and animals,Nature walks,nature walks near me,nature walks near me,nature walks near me,,20,LOW,13,0.0000,0.0000,0.0000,2025-august:30|2025-september:20|2025-october:20|2025-november:20|2025-december:10|2026-january:20|2026-february:20|2026-march:30|2026-april:30|2026-may:20|2026-june:10|2026-july:20,generic_query_inside_local_geo_target,2026-09-03
Sheffield,Social and relationship,Speed dating,speed dating near me,speed dating near me,speed dating near me,,10,MEDIUM,33,1.6732,0.0000,0.0000,2025-august:20|2025-september:10|2025-october:10|2025-november:10|2025-december:10|2026-january:10|2026-february:10|2026-march:10|2026-april:10|2026-may:10|2026-june:10|2026-july:10,generic_query_inside_local_geo_target,2026-09-03
Sheffield,Performance and dance,Karaoke,karaoke near me,karaoke near me,karaoke near me,,320,LOW,23,0.1587,0.2746,0.5934,2025-august:320|2025-september:320|2025-october:320|2025-november:320|2025-december:390|2026-january:260|2026-february:260|2026-march:320|2026-april:260|2026-may:320|2026-june:320|2026-july:210,generic_query_inside_local_geo_target,2026-09-03
Sheffield,"Wellness, spa and retreats",Spa retreats,spa retreat near me,spa retreat near me,spa retreat near me,,10,HIGH,100,0.3130,0.0000,0.0000,2025-august:10|2025-september:10|2025-october:20|2025-november:10|2025-december:10|2026-january:10|2026-february:10|2026-march:10|2026-april:10|2026-may:0|2026-june:10|2026-july:10,generic_query_inside_local_geo_target,2026-09-03
Sheffield,Craft and making,General art workshops,art workshops near me,art workshops near me,art workshops near me,,10,UNSPECIFIED,0,0.0000,0.0000,0.0000,2025-august:10|2025-september:0|2025-october:10|2025-november:10|2025-december:10|2026-january:0|2026-february:10|2026-march:10|2026-april:0|2026-may:0|2026-june:10|2026-july:0,generic_query_inside_local_geo_target,2026-09-03
Sheffield,Craft and making,Sip and paint,sip and paint near me,sip and paint near me,sip and paint near me,,10,HIGH,75,0.8009,0.0000,0.0000,2025-august:10|2025-september:10|2025-october:20|2025-november:10|2025-december:10|2026-january:10|2026-february:10|2026-march:20|2026-april:10|2026-may:20|2026-june:10|2026-july:10,generic_query_inside_local_geo_target,2026-09-03
Newcastle,Competitive experiences,Darts,darts near me,darts near me,darts near me,,10,LOW,0,0.0000,0.0000,0.0000,2025-august:10|2025-september:10|2025-october:10|2025-november:10|2025-december:20|2026-january:20|2026-february:20|2026-march:10|2026-april:10|2026-may:10|2026-june:10|2026-july:10,generic_query_inside_local_geo_target,2026-09-03
Newcastle,Performance and dance,Line dancing,line dancing near me,line dancing near me,line dancing near me,,10,LOW,1,0.0000,0.0000,0.0000,2025-august:20|2025-september:20|2025-october:20|2025-november:10|2025-december:10|2026-january:20|2026-february:10|2026-march:10|2026-april:10|2026-may:20|2026-june:20|2026-july:10,generic_query_inside_local_geo_target,2026-09-03
Newcastle,Performance and dance,Salsa classes,salsa classes near me,salsa classes near me,salsa classes near me,,10,LOW,10,0.0000,0.0000,0.0000,2025-august:10|2025-september:10|2025-october:10|2025-november:10|2025-december:10|2026-january:10|2026-february:10|2026-march:10|2026-april:10|2026-may:10|2026-june:10|2026-july:10,generic_query_inside_local_geo_target,2026-09-03
Newcastle,Tabletop and games,Board-game cafes,board game cafe near me,board game cafe near me,board game cafe near me,,10,LOW,5,0.0000,0.0000,0.0000,2025-august:10|2025-september:0|2025-october:10|2025-november:10|2025-december:10|2026-january:10|2026-february:10|2026-march:10|2026-april:10|2026-may:10|2026-june:0|2026-july:10,generic_query_inside_local_geo_target,2026-09-03
Newcastle,Craft and making,Pottery painting,pottery painting near me,pottery painting near me,pottery painting near me,,50,LOW,12,0.1474,0.0000,0.0000,2025-august:50|2025-september:50|2025-october:50|2025-november:50|2025-december:30|2026-january:50|2026-february:110|2026-march:90|2026-april:50|2026-may:70|2026-june:30|2026-july:40,generic_query_inside_local_geo_target,2026-09-03
Newcastle,Craft and making,Pottery classes,pottery classes near me,pottery classes near me,pottery classes near me,,10,MEDIUM,51,0.1976,0.0000,0.0000,2025-august:10|2025-september:10|2025-october:10|2025-november:10|2025-december:10|2026-january:20|2026-february:10|2026-march:10|2026-april:10|2026-may:20|2026-june:10|2026-july:10,generic_query_inside_local_geo_target,2026-09-03
Newcastle,Tabletop and games,Dungeons & Dragons,dungeons and dragons near me,dungeons and dragons near me,dungeons and dragons near me,,10,UNSPECIFIED,0,0.0000,0.0000,0.0000,2025-august:10|2025-september:0|2025-october:0|2025-november:10|2025-december:10|2026-january:10|2026-february:10|2026-march:10|2026-april:0|2026-may:10|2026-june:10|2026-july:0,generic_query_inside_local_geo_target,2026-09-03
Newcastle,Craft and making,Sewing classes,sewing classes near me,sewing classes near me,sewing classes near me,,10,MEDIUM,60,0.3555,0.0000,0.0000,2025-august:10|2025-september:10|2025-october:10|2025-november:10|2025-december:10|2026-january:10|2026-february:10|2026-march:10|2026-april:10|2026-may:10|2026-june:10|2026-july:10,generic_query_inside_local_geo_target,2026-09-03
Newcastle,Food and drink,Wine tasting,wine tasting near me,wine tasting near me,wine tasting near me,,10,HIGH,67,0.7736,0.0000,0.0000,2025-august:10|2025-september:10|2025-october:10|2025-november:10|2025-december:10|2026-january:10|2026-february:10|2026-march:10|2026-april:10|2026-may:10|2026-june:10|2026-july:10,generic_query_inside_local_geo_target,2026-09-03
Newcastle,Performance and dance,Acting classes,acting classes near me,acting classes near me,acting classes near me,,10,MEDIUM,62,1.9608,0.0000,0.0000,2025-august:10|2025-september:10|2025-october:10|2025-november:10|2025-december:10|2026-january:10|2026-february:10|2026-march:10|2026-april:10|2026-may:10|2026-june:10|2026-july:10,generic_query_inside_local_geo_target,2026-09-03
Newcastle,Tabletop and games,Quiz nights,quiz night near me,quiz night near me,quiz night near me,,10,LOW,0,0.0000,0.0000,0.0000,2025-august:10|2025-september:10|2025-october:20|2025-november:10|2025-december:10|2026-january:10|2026-february:10|2026-march:10|2026-april:10|2026-may:10|2026-june:10|2026-july:10,generic_query_inside_local_geo_target,2026-09-03
Newcastle,Racket and team sport,Volleyball,volleyball clubs near me,volleyball clubs near me,volleyball clubs near me,,10,LOW,4,0.0000,0.0000,0.0000,2025-august:10|2025-september:10|2025-october:50|2025-november:10|2025-december:10|2026-january:10|2026-february:10|2026-march:10|2026-april:10|2026-may:10|2026-june:10|2026-july:10,generic_query_inside_local_geo_target,2026-09-03
Newcastle,Racket and team sport,Netball,netball clubs near me,netball clubs near me,netball clubs near me,,10,LOW,0,0.0000,0.0000,0.0000,2025-august:0|2025-september:10|2025-october:0|2025-november:10|2025-december:10|2026-january:10|2026-february:10|2026-march:10|2026-april:10|2026-may:10|2026-june:10|2026-july:10,generic_query_inside_local_geo_target,2026-09-03
Newcastle,Outdoor and endurance,Running clubs,running clubs near me,running clubs near me,running clubs near me,,10,LOW,29,0.0000,0.0000,0.0000,2025-august:10|2025-september:10|2025-october:10|2025-november:10|2025-december:10|2026-january:10|2026-february:10|2026-march:10|2026-april:10|2026-may:10|2026-june:10|2026-july:10,generic_query_inside_local_geo_target,2026-09-03
Newcastle,Tabletop and games,Chess clubs,chess club near me,chess club near me,chess club near me,,10,LOW,0,0.0000,0.0000,0.0000,2025-august:10|2025-september:10|2025-october:10|2025-november:10|2025-december:10|2026-january:10|2026-february:10|2026-march:10|2026-april:10|2026-may:10|2026-june:10|2026-july:10,generic_query_inside_local_geo_target,2026-09-03
Newcastle,"Wellness, spa and retreats",Yoga retreats,yoga retreat near me,yoga retreat near me,yoga retreat near me,,10,UNSPECIFIED,0,0.0000,0.0000,0.0000,2025-august:10|2025-september:0|2025-october:0|2025-november:10|2025-december:0|2026-january:10|2026-february:10|2026-march:10|2026-april:0|2026-may:10|2026-june:10|2026-july:0,generic_query_inside_local_geo_target,2026-09-03
Newcastle,Racket and team sport,Padel,padel near me,padel near me,padel near me,,40,LOW,2,0.0000,0.0000,0.0000,2025-august:40|2025-september:30|2025-october:20|2025-november:30|2025-december:30|2026-january:70|2026-february:70|2026-march:50|2026-april:40|2026-may:40|2026-june:50|2026-july:50,generic_query_inside_local_geo_target,2026-09-03
Newcastle,Food and drink,Cooking classes,cooking classes near me,cooking classes near me,cooking classes near me,,10,HIGH,100,0.9591,0.0000,0.0000,2025-august:10|2025-september:10|2025-october:10|2025-november:10|2025-december:10|2026-january:10|2026-february:10|2026-march:10|2026-april:10|2026-may:10|2026-june:10|2026-july:10,generic_query_inside_local_geo_target,2026-09-03
Newcastle,Nature and animals,Nature walks,nature walks near me,nature walks near me,nature walks near me,,10,LOW,8,1.0455,0.0000,0.0000,2025-august:10|2025-september:10|2025-october:10|2025-november:10|2025-december:10|2026-january:10|2026-february:10|2026-march:10|2026-april:10|2026-may:10|2026-june:10|2026-july:20,generic_query_inside_local_geo_target,2026-09-03
Newcastle,Social and relationship,Speed dating,speed dating near me,speed dating near me,speed dating near me,,10,LOW,21,4.1001,0.0000,0.0000,2025-august:10|2025-september:20|2025-october:10|2025-november:10|2025-december:10|2026-january:10|2026-february:10|2026-march:10|2026-april:10|2026-may:10|2026-june:10|2026-july:10,generic_query_inside_local_geo_target,2026-09-03
Newcastle,Performance and dance,Karaoke,karaoke near me,karaoke near me,karaoke near me,,30,LOW,16,0.1186,0.0000,0.0000,2025-august:30|2025-september:20|2025-october:30|2025-november:20|2025-december:20|2026-january:40|2026-february:30|2026-march:40|2026-april:40|2026-may:70|2026-june:30|2026-july:30,generic_query_inside_local_geo_target,2026-09-03
Newcastle,"Wellness, spa and retreats",Spa retreats,spa retreat near me,spa retreat near me,spa retreat near me,,10,HIGH,100,0.7995,0.0000,0.0000,2025-august:10|2025-september:10|2025-october:0|2025-november:10|2025-december:10|2026-january:10|2026-february:10|2026-march:0|2026-april:10|2026-may:10|2026-june:0|2026-july:10,generic_query_inside_local_geo_target,2026-09-03
Newcastle,Craft and making,General art workshops,art workshops near me,art workshops near me,art workshops near me,,10,UNSPECIFIED,0,0.0000,0.0000,0.0000,2025-august:10|2025-september:10|2025-october:0|2025-november:0|2025-december:10|2026-january:0|2026-february:0|2026-march:10|2026-april:10|2026-may:0|2026-june:0|2026-july:0,generic_query_inside_local_geo_target,2026-09-03
Newcastle,Craft and making,Sip and paint,sip and paint near me,sip and paint near me,sip and paint near me,,10,MEDIUM,46,0.0000,0.0000,0.0000,2025-august:10|2025-september:10|2025-october:10|2025-november:10|2025-december:10|2026-january:10|2026-february:10|2026-march:10|2026-april:10|2026-may:10|2026-june:10|2026-july:10,generic_query_inside_local_geo_target,2026-09-03
Cardiff,Competitive experiences,Darts,darts near me,darts near me,darts near me,,50,MEDIUM,42,0.3472,0.0000,0.0000,2025-august:50|2025-september:40|2025-october:50|2025-november:50|2025-december:90|2026-january:110|2026-february:70|2026-march:70|2026-april:50|2026-may:70|2026-june:40|2026-july:20,generic_query_inside_local_geo_target,2026-09-03
Cardiff,Performance and dance,Line dancing,line dancing near me,line dancing near me,line dancing near me,,20,LOW,0,0.0000,0.0000,0.0000,2025-august:10|2025-september:20|2025-october:20|2025-november:20|2025-december:20|2026-january:40|2026-february:20|2026-march:20|2026-april:10|2026-may:10|2026-june:20|2026-july:20,generic_query_inside_local_geo_target,2026-09-03
Cardiff,Performance and dance,Salsa classes,salsa classes near me,salsa classes near me,salsa classes near me,,10,LOW,14,0.0000,0.0000,0.0000,2025-august:10|2025-september:10|2025-october:10|2025-november:10|2025-december:10|2026-january:10|2026-february:10|2026-march:10|2026-april:10|2026-may:10|2026-june:10|2026-july:10,generic_query_inside_local_geo_target,2026-09-03
Cardiff,Tabletop and games,Board-game cafes,board game cafe near me,board game cafe near me,board game cafe near me,,30,LOW,5,0.0000,0.0000,0.0000,2025-august:30|2025-september:20|2025-october:30|2025-november:20|2025-december:30|2026-january:40|2026-february:50|2026-march:20|2026-april:40|2026-may:40|2026-june:20|2026-july:20,generic_query_inside_local_geo_target,2026-09-03
Cardiff,Craft and making,Pottery painting,pottery painting near me,pottery painting near me,pottery painting near me,,70,LOW,14,0.2325,0.0000,0.0000,2025-august:90|2025-september:70|2025-october:50|2025-november:70|2025-december:50|2026-january:90|2026-february:90|2026-march:70|2026-april:30|2026-may:40|2026-june:40|2026-july:50,generic_query_inside_local_geo_target,2026-09-03
Cardiff,Craft and making,Pottery classes,pottery classes near me,pottery classes near me,pottery classes near me,,40,HIGH,100,2.6050,0.1881,1.6378,2025-august:40|2025-september:30|2025-october:40|2025-november:20|2025-december:40|2026-january:50|2026-february:70|2026-march:40|2026-april:50|2026-may:30|2026-june:90|2026-july:20,generic_query_inside_local_geo_target,2026-09-03
Cardiff,Tabletop and games,Dungeons & Dragons,dungeons and dragons near me,dungeons and dragons near me,dungeons and dragons near me,,10,LOW,14,0.0604,0.0000,0.0000,2025-august:10|2025-september:10|2025-october:10|2025-november:10|2025-december:10|2026-january:10|2026-february:10|2026-march:10|2026-april:10|2026-may:10|2026-june:10|2026-july:10,generic_query_inside_local_geo_target,2026-09-03
Cardiff,Craft and making,Sewing classes,sewing classes near me,sewing classes near me,sewing classes near me,,10,HIGH,86,10.5317,0.0000,0.0000,2025-august:10|2025-september:20|2025-october:10|2025-november:30|2025-december:10|2026-january:20|2026-february:10|2026-march:10|2026-april:20|2026-may:10|2026-june:10|2026-july:10,generic_query_inside_local_geo_target,2026-09-03
Cardiff,Food and drink,Wine tasting,wine tasting near me,wine tasting near me,wine tasting near me,,20,HIGH,99,0.0000,0.0000,0.0000,2025-august:20|2025-september:10|2025-october:20|2025-november:10|2025-december:10|2026-january:10|2026-february:20|2026-march:10|2026-april:10|2026-may:10|2026-june:10|2026-july:10,generic_query_inside_local_geo_target,2026-09-03
Cardiff,Performance and dance,Acting classes,acting classes near me,acting classes near me,acting classes near me,,10,MEDIUM,43,0.0000,0.0000,0.0000,2025-august:10|2025-september:10|2025-october:10|2025-november:10|2025-december:10|2026-january:10|2026-february:10|2026-march:10|2026-april:10|2026-may:10|2026-june:10|2026-july:10,generic_query_inside_local_geo_target,2026-09-03
Cardiff,Tabletop and games,Quiz nights,quiz night near me,quiz night near me,quiz night near me,,10,LOW,0,0.0000,0.0000,0.0000,2025-august:10|2025-september:10|2025-october:10|2025-november:10|2025-december:10|2026-january:10|2026-february:10|2026-march:10|2026-april:10|2026-may:10|2026-june:10|2026-july:10,generic_query_inside_local_geo_target,2026-09-03
Cardiff,Racket and team sport,Volleyball,volleyball clubs near me,volleyball clubs near me,volleyball clubs near me,,10,LOW,0,0.0000,0.0000,0.0000,2025-august:10|2025-september:10|2025-october:10|2025-november:10|2025-december:10|2026-january:10|2026-february:10|2026-march:10|2026-april:10|2026-may:10|2026-june:10|2026-july:10,generic_query_inside_local_geo_target,2026-09-03
Cardiff,Racket and team sport,Netball,netball clubs near me,netball clubs near me,netball clubs near me,,10,LOW,0,0.0000,0.0000,0.0000,2025-august:10|2025-september:10|2025-october:10|2025-november:10|2025-december:10|2026-january:10|2026-february:10|2026-march:10|2026-april:10|2026-may:10|2026-june:10|2026-july:10,generic_query_inside_local_geo_target,2026-09-03
Cardiff,Outdoor and endurance,Running clubs,running clubs near me,running clubs near me,running clubs near me,,10,LOW,17,0.0000,0.0000,0.0000,2025-august:20|2025-september:10|2025-october:10|2025-november:10|2025-december:10|2026-january:10|2026-february:10|2026-march:10|2026-april:10|2026-may:10|2026-june:10|2026-july:10,generic_query_inside_local_geo_target,2026-09-03
Cardiff,Tabletop and games,Chess clubs,chess club near me,chess club near me,chess club near me,,10,LOW,0,0.0000,0.0000,0.0000,2025-august:10|2025-september:10|2025-october:10|2025-november:10|2025-december:10|2026-january:10|2026-february:0|2026-march:10|2026-april:10|2026-may:10|2026-june:10|2026-july:10,generic_query_inside_local_geo_target,2026-09-03
Cardiff,"Wellness, spa and retreats",Yoga retreats,yoga retreat near me,yoga retreat near me,yoga retreat near me,,10,HIGH,86,1.0108,0.0000,0.0000,2025-august:10|2025-september:10|2025-october:0|2025-november:10|2025-december:10|2026-january:10|2026-february:10|2026-march:10|2026-april:10|2026-may:10|2026-june:10|2026-july:10,generic_query_inside_local_geo_target,2026-09-03
Cardiff,Racket and team sport,Padel,padel near me,padel near me,padel near me,,140,LOW,22,0.3151,0.2427,0.5677,2025-august:110|2025-september:140|2025-october:110|2025-november:90|2025-december:70|2026-january:140|2026-february:140|2026-march:170|2026-april:170|2026-may:170|2026-june:140|2026-july:110,generic_query_inside_local_geo_target,2026-09-03
Cardiff,Food and drink,Cooking classes,cooking classes near me,cooking classes near me,cooking classes near me,,10,HIGH,84,0.4098,0.0000,0.0000,2025-august:10|2025-september:30|2025-october:10|2025-november:30|2025-december:20|2026-january:10|2026-february:10|2026-march:10|2026-april:10|2026-may:10|2026-june:10|2026-july:10,generic_query_inside_local_geo_target,2026-09-03
Cardiff,Nature and animals,Nature walks,nature walks near me,nature walks near me,nature walks near me,,30,LOW,10,0.4081,0.0000,0.0000,2025-august:30|2025-september:40|2025-october:10|2025-november:20|2025-december:10|2026-january:50|2026-february:30|2026-march:20|2026-april:30|2026-may:30|2026-june:10|2026-july:30,generic_query_inside_local_geo_target,2026-09-03
Cardiff,Social and relationship,Speed dating,speed dating near me,speed dating near me,speed dating near me,,10,LOW,0,0.0000,0.0000,0.0000,2025-august:10|2025-september:10|2025-october:10|2025-november:10|2025-december:10|2026-january:10|2026-february:10|2026-march:10|2026-april:10|2026-may:10|2026-june:10|2026-july:10,generic_query_inside_local_geo_target,2026-09-03
Cardiff,Performance and dance,Karaoke,karaoke near me,karaoke near me,karaoke near me,,210,LOW,22,0.2697,0.2352,0.5625,2025-august:260|2025-september:210|2025-october:260|2025-november:260|2025-december:210|2026-january:170|2026-february:210|2026-march:170|2026-april:260|2026-may:210|2026-june:260|2026-july:260,generic_query_inside_local_geo_target,2026-09-03
Cardiff,"Wellness, spa and retreats",Spa retreats,spa retreat near me,spa retreat near me,spa retreat near me,,10,HIGH,100,0.5472,0.1364,0.5932,2025-august:10|2025-september:10|2025-october:10|2025-november:10|2025-december:10|2026-january:10|2026-february:10|2026-march:10|2026-april:10|2026-may:10|2026-june:10|2026-july:10,generic_query_inside_local_geo_target,2026-09-03
Cardiff,Craft and making,General art workshops,art workshops near me,art workshops near me,art workshops near me,,10,LOW,0,0.0000,0.0000,0.0000,2025-august:10|2025-september:10|2025-october:10|2025-november:10|2025-december:10|2026-january:10|2026-february:10|2026-march:10|2026-april:10|2026-may:10|2026-june:10|2026-july:10,generic_query_inside_local_geo_target,2026-09-03
Cardiff,Craft and making,Sip and paint,sip and paint near me,sip and paint near me,sip and paint near me,,10,HIGH,100,0.0000,0.0000,0.0000,2025-august:10|2025-september:10|2025-october:10|2025-november:10|2025-december:10|2026-january:10|2026-february:10|2026-march:20|2026-april:10|2026-may:10|2026-june:10|2026-july:10,generic_query_inside_local_geo_target,2026-09-03
Belfast,Competitive experiences,Darts,darts near me,darts near me,darts near me,,70,LOW,15,0.0000,0.0000,0.0000,2025-august:70|2025-september:40|2025-october:50|2025-november:70|2025-december:70|2026-january:110|2026-february:90|2026-march:70|2026-april:90|2026-may:50|2026-june:40|2026-july:50,generic_query_inside_local_geo_target,2026-09-03
Belfast,Performance and dance,Line dancing,line dancing near me,line dancing near me,line dancing near me,,10,LOW,5,0.0000,0.0000,0.0000,2025-august:20|2025-september:20|2025-october:10|2025-november:20|2025-december:10|2026-january:20|2026-february:10|2026-march:10|2026-april:20|2026-may:10|2026-june:10|2026-july:10,generic_query_inside_local_geo_target,2026-09-03
Belfast,Performance and dance,Salsa classes,salsa classes near me,salsa classes near me,salsa classes near me,,10,UNSPECIFIED,0,0.0000,0.0000,0.0000,2025-august:10|2025-september:10|2025-october:10|2025-november:10|2025-december:0|2026-january:10|2026-february:10|2026-march:10|2026-april:10|2026-may:10|2026-june:10|2026-july:0,generic_query_inside_local_geo_target,2026-09-03
Belfast,Tabletop and games,Board-game cafes,board game cafe near me,board game cafe near me,board game cafe near me,,10,LOW,6,0.0196,0.0000,0.0000,2025-august:10|2025-september:10|2025-october:10|2025-november:10|2025-december:10|2026-january:20|2026-february:10|2026-march:10|2026-april:20|2026-may:10|2026-june:20|2026-july:20,generic_query_inside_local_geo_target,2026-09-03
Belfast,Craft and making,Pottery painting,pottery painting near me,pottery painting near me,pottery painting near me,,40,LOW,3,0.0000,0.0000,0.0000,2025-august:40|2025-september:30|2025-october:40|2025-november:30|2025-december:40|2026-january:30|2026-february:40|2026-march:40|2026-april:40|2026-may:30|2026-june:30|2026-july:40,generic_query_inside_local_geo_target,2026-09-03
Belfast,Craft and making,Pottery classes,pottery classes near me,pottery classes near me,pottery classes near me,,30,LOW,8,0.0400,0.0000,0.0000,2025-august:30|2025-september:20|2025-october:30|2025-november:30|2025-december:20|2026-january:30|2026-february:40|2026-march:30|2026-april:40|2026-may:20|2026-june:40|2026-july:20,generic_query_inside_local_geo_target,2026-09-03
Belfast,Tabletop and games,Dungeons & Dragons,dungeons and dragons near me,dungeons and dragons near me,dungeons and dragons near me,,10,LOW,7,0.0146,0.0000,0.0000,2025-august:10|2025-september:10|2025-october:10|2025-november:10|2025-december:10|2026-january:10|2026-february:10|2026-march:10|2026-april:10|2026-may:10|2026-june:10|2026-july:10,generic_query_inside_local_geo_target,2026-09-03
Belfast,Craft and making,Sewing classes,sewing classes near me,sewing classes near me,sewing classes near me,,10,LOW,5,0.0000,0.0000,0.0000,2025-august:10|2025-september:10|2025-october:20|2025-november:10|2025-december:10|2026-january:20|2026-february:10|2026-march:20|2026-april:10|2026-may:10|2026-june:10|2026-july:10,generic_query_inside_local_geo_target,2026-09-03
Belfast,Food and drink,Wine tasting,wine tasting near me,wine tasting near me,wine tasting near me,,10,HIGH,81,0.0000,0.0000,0.0000,2025-august:10|2025-september:10|2025-october:10|2025-november:10|2025-december:10|2026-january:10|2026-february:10|2026-march:0|2026-april:10|2026-may:10|2026-june:10|2026-july:10,generic_query_inside_local_geo_target,2026-09-03
Belfast,Performance and dance,Acting classes,acting classes near me,acting classes near me,acting classes near me,,10,LOW,0,0.0000,0.0000,0.0000,2025-august:10|2025-september:20|2025-october:10|2025-november:10|2025-december:10|2026-january:10|2026-february:10|2026-march:10|2026-april:10|2026-may:10|2026-june:10|2026-july:10,generic_query_inside_local_geo_target,2026-09-03
Belfast,Tabletop and games,Quiz nights,quiz night near me,quiz night near me,quiz night near me,,10,LOW,0,0.0000,0.0000,0.0000,2025-august:10|2025-september:10|2025-october:10|2025-november:10|2025-december:10|2026-january:10|2026-february:10|2026-march:10|2026-april:10|2026-may:0|2026-june:10|2026-july:10,generic_query_inside_local_geo_target,2026-09-03
Belfast,Racket and team sport,Volleyball,volleyball clubs near me,volleyball clubs near me,volleyball clubs near me,,10,LOW,0,0.0000,0.0000,0.0000,2025-august:10|2025-september:10|2025-october:10|2025-november:10|2025-december:10|2026-january:10|2026-february:20|2026-march:10|2026-april:10|2026-may:10|2026-june:10|2026-july:10,generic_query_inside_local_geo_target,2026-09-03
Belfast,Racket and team sport,Netball,netball clubs near me,netball clubs near me,netball clubs near me,,10,UNSPECIFIED,0,0.0000,0.0000,0.0000,2025-august:10|2025-september:10|2025-october:10|2025-november:20|2025-december:10|2026-january:10|2026-february:10|2026-march:10|2026-april:10|2026-may:10|2026-june:10|2026-july:0,generic_query_inside_local_geo_target,2026-09-03
Belfast,Outdoor and endurance,Running clubs,running clubs near me,running clubs near me,running clubs near me,,10,LOW,5,0.0000,0.0000,0.0000,2025-august:10|2025-september:20|2025-october:10|2025-november:10|2025-december:10|2026-january:20|2026-february:10|2026-march:10|2026-april:10|2026-may:20|2026-june:10|2026-july:10,generic_query_inside_local_geo_target,2026-09-03
Belfast,Tabletop and games,Chess clubs,chess club near me,chess club near me,chess club near me,,10,LOW,7,0.0000,0.0000,0.0000,2025-august:10|2025-september:10|2025-october:10|2025-november:10|2025-december:10|2026-january:10|2026-february:10|2026-march:10|2026-april:10|2026-may:10|2026-june:10|2026-july:10,generic_query_inside_local_geo_target,2026-09-03
Belfast,"Wellness, spa and retreats",Yoga retreats,yoga retreat near me,yoga retreat near me,yoga retreat near me,,10,UNSPECIFIED,0,0.0000,0.0000,0.0000,2025-august:10|2025-september:10|2025-october:10|2025-november:10|2025-december:0|2026-january:0|2026-february:0|2026-march:10|2026-april:10|2026-may:0|2026-june:0|2026-july:0,generic_query_inside_local_geo_target,2026-09-03
Belfast,Racket and team sport,Padel,padel near me,padel near me,padel near me,,110,LOW,9,0.1703,0.0000,0.0000,2025-august:70|2025-september:70|2025-october:110|2025-november:90|2025-december:90|2026-january:140|2026-february:140|2026-march:140|2026-april:140|2026-may:110|2026-june:110|2026-july:140,generic_query_inside_local_geo_target,2026-09-03
Belfast,Food and drink,Cooking classes,cooking classes near me,cooking classes near me,cooking classes near me,,20,MEDIUM,40,0.0000,0.2033,1.0180,2025-august:30|2025-september:10|2025-october:10|2025-november:20|2025-december:20|2026-january:10|2026-february:10|2026-march:10|2026-april:20|2026-may:10|2026-june:10|2026-july:10,generic_query_inside_local_geo_target,2026-09-03
Belfast,Nature and animals,Nature walks,nature walks near me,nature walks near me,nature walks near me,,20,LOW,3,0.0000,0.0000,0.0000,2025-august:20|2025-september:10|2025-october:10|2025-november:10|2025-december:10|2026-january:30|2026-february:10|2026-march:30|2026-april:30|2026-may:20|2026-june:10|2026-july:20,generic_query_inside_local_geo_target,2026-09-03
Belfast,Social and relationship,Speed dating,speed dating near me,speed dating near me,speed dating near me,,10,MEDIUM,36,0.0000,0.0000,0.0000,2025-august:10|2025-september:10|2025-october:10|2025-november:10|2025-december:10|2026-january:10|2026-february:10|2026-march:0|2026-april:10|2026-may:10|2026-june:0|2026-july:10,generic_query_inside_local_geo_target,2026-09-03
Belfast,Performance and dance,Karaoke,karaoke near me,karaoke near me,karaoke near me,,260,LOW,7,0.1725,0.3393,0.7511,2025-august:210|2025-september:210|2025-october:210|2025-november:260|2025-december:260|2026-january:260|2026-february:210|2026-march:260|2026-april:320|2026-may:320|2026-june:210|2026-july:260,generic_query_inside_local_geo_target,2026-09-03
Belfast,"Wellness, spa and retreats",Spa retreats,spa retreat near me,spa retreat near me,spa retreat near me,,10,HIGH,100,0.0000,0.3051,0.9292,2025-august:10|2025-september:10|2025-october:10|2025-november:10|2025-december:10|2026-january:10|2026-february:10|2026-march:10|2026-april:10|2026-may:10|2026-june:10|2026-july:10,generic_query_inside_local_geo_target,2026-09-03
Belfast,Craft and making,General art workshops,art workshops near me,art workshops near me,art workshops near me,,10,MEDIUM,57,0.0000,0.0000,0.0000,2025-august:10|2025-september:0|2025-october:0|2025-november:10|2025-december:10|2026-january:10|2026-february:10|2026-march:10|2026-april:0|2026-may:10|2026-june:10|2026-july:10,generic_query_inside_local_geo_target,2026-09-03
Belfast,Craft and making,Sip and paint,sip and paint near me,sip and paint near me,sip and paint near me,,10,MEDIUM,33,0.0000,0.0000,0.0000,2025-august:20|2025-september:10|2025-october:10|2025-november:10|2025-december:10|2026-january:10|2026-february:10|2026-march:10|2026-april:10|2026-may:10|2026-june:10|2026-july:10,generic_query_inside_local_geo_target,2026-09-03
